
> pokko-fushigi-zukan-app@0.0.0 verify:core
> npm run docs:check && npm run check:current-ui-entry && npm run lint && npm run typecheck && npm run test:run && npm run build


> pokko-fushigi-zukan-app@0.0.0 docs:check
> node tools/check-docs.mjs

WARN
- docs/tasks/active/2026-07-21-cold-open-value-loop.md: Review By (2026-09-27) is in the past
- docs/tasks/active/2026-07-23-whole-app-brand-coherence.md: Review By (2026-09-27) is in the past
- docs/tasks/active/2026-09-13-mysterious-island-v3.md: Review By (2026-09-29) is in the past
- docs/tasks/active/2026-09-23-island-performance.md: Review By (2026-09-30) is in the past
PASS docs:check

> pokko-fushigi-zukan-app@0.0.0 check:current-ui-entry
> node tools/check-current-ui-entry.mjs

Current UI entry guard passed: dev opens Mystic Island; old Explore stays on a direct URL with an explicit classic smoke suite; Nature Town is isolated; runtime identity is exposed.

> pokko-fushigi-zukan-app@0.0.0 lint
> eslint .


/Users/yutogasaki/Projects/sansu/src/components/island/IslandMilestone.tsx
  16:17  warning  Fast refresh only works when a file only exports components. Use a new file to share constants or functions between components  react-refresh/only-export-components

✖ 1 problem (0 errors, 1 warning)


> pokko-fushigi-zukan-app@0.0.0 typecheck
> tsc -b --pretty false


> pokko-fushigi-zukan-app@0.0.0 test:run
> vitest run


 RUN  v2.1.9 /Users/yutogasaki/Projects/sansu

 ✓ src/hooks/blockGenerators.test.ts (36 tests) 63ms
 ✓ src/domain/explore/__tests__/persistenceRepository.test.ts (38 tests) 877ms
 ✓ src/domain/explore/__tests__/learningPlannerSegment.test.ts (15 tests) 704ms
Browserslist: browsers data (caniuse-lite) is 9 months old. Please run:
  npx update-browserslist-db@latest
  Why you should do it regularly: https://github.com/browserslist/update-db#readme
 ✓ src/components/island/three/sharedDisplayScene.test.ts (13 tests) 959ms
   ✓ shared display geometry, anchors and lifecycle > keeps every real table, tray, object, petal and selection vertex inside the shared placement footprint 315ms
 ✓ src/domain/island/expressionRepository.test.ts (11 tests) 1652ms
   ✓ expression ownership with the existing learning and photo stores > earns ordinary stars without materializing expression, acquires separately, reloads and resumes the exact same learning plan 530ms
   ✓ expression ownership with the existing learning and photo stores > old saved butterfly observations qualify both products without auto-granting or rewriting learning and photographs 353ms
 ✓ src/domain/island/rewardGoalRepository.test.ts (14 tests) 1695ms
   ✓ reward goals and the real island storage boundary > earns the desired furniture through ordinary learning, preserves photographs and old memories, then resumes the same reservation 565ms
   ✓ reward goals and the real island storage boundary > a saved butterfly observation changes eligibility but not the goal or ownership, then only the selected acquisition clears it 333ms
   ✓ reward goals and the real island storage boundary > bell construction alone is not qualification, and real saved observation with sound off preserves the target until acquisition 308ms
 ✓ src/domain/math/generators/counting.test.ts (51 tests) 33ms
 ✓ src/components/island/three/sharedActivities.test.ts (23 tests) 603ms
 ✓ src/components/domain/LearningAnswerForm.defer.test.tsx (35 tests) 66ms
 ✓ src/domain/explore/__tests__/reducer.test.ts (29 tests) 6ms
 ✓ src/domain/island/sharedMemories.test.ts (14 tests) 60ms
 ✓ src/domain/island/island.test.ts (19 tests) 4162ms
   ✓ island frozen learning sets > reserves three introductory questions, then six familiar questions, and restores the exact plan 602ms
   ✓ island frozen learning sets > keeps wrong answers on the same problem and assistance sticky without fabricating mastery 496ms
   ✓ island frozen learning sets > supports mixed vocabulary sets and accumulates independent readiness without auto progression 1263ms
   ✓ island frozen learning sets > preserves fraction multi-input and stepwise written arithmetic in complete reserved plans 1118ms
 ✓ src/components/island/three/residentRig.test.ts (38 tests) 5300ms
   ✓ resident local rig and furniture contact > blends the flower lean out before carrying and restores it without accumulation 349ms
   ✓ resident local rig and furniture contact > bench supports each resident at the real surface through all rotations 735ms
   ✓ resident local rig and furniture contact > swing supports each resident at the real surface through all rotations 557ms
   ✓ resident local rig and furniture contact > mushroom supports each resident at the real surface through all rotations 686ms
   ✓ resident interest stays a removable layer on the real rig > otter keeps real feet, root, seat and shoulder joints on rotated ordinary objects 1109ms
 ✓ src/components/island/three/workshopScene.test.ts (22 tests) 793ms
 ✓ tools/expression-audio/audio-analysis.test.mjs (53 tests) 8358ms
   ✓ evening acceptance measures its insect band and all three 2-second calls at native sample rates 497ms
   ✓ insect-band classification rejects absent insects and actual wind or water even when made quiet 997ms
   ✓ an uninterrupted high tone, wrong cadence or missing call cannot impersonate evening insects 371ms
   ✓ every retained pitch, correspondence, silence and end window uses the same native source clock 512ms
   ✓ raw02 loop prefix positions are missing first-pitch evidence, not proof of an overlapping loop 422ms
   ✓ one missing first-pitch sample or final required sample fails without shortening either window 816ms
   ✓ one-sample and wrong-sign native offsets fail instead of choosing a better waveform lag 570ms
   ✓ unknown, nonfinite, fractional and mismatched native metadata fail rather than falling back to signal alignment 390ms
   ✓ real-answer cue history can exceed 256 sources, while the finite source cap still cannot block native playback or close 1482ms
 ✓ src/domain/explore/__tests__/g0NumberVessel.test.ts (13 tests) 12ms
 ✓ src/domain/math/planner.test.ts (35 tests) 53ms
 ✓ src/hooks/useStudySession.logic.test.ts (38 tests) 12ms
 ✓ src/components/island/three/livingRuntime.test.ts (18 tests) 2204ms
   ✓ runtime life cancellation and actual observations > checks a landed bird face in the actual rendered frame, preserves old records and recovers once (reduced=false) 350ms
   ✓ runtime life cancellation and actual observations > uses exactly the same all camera and world scale for past and present 305ms
 ✓ src/domain/island/workshop.test.ts (14 tests) 132ms
 ✓ src/components/island/IslandAnswerForm.test.tsx (38 tests) 685ms
   ✓ Island problem semantic presentation > has a curated equivalent for every symbol actually emitted by the current math generators 506ms
 ✓ src/components/island/three/sharedJobController.test.ts (23 tests) 4887ms
   ✓ shared work after-render and actual object continuity > borrows the actual hand, lamp and receiver for framing without turning strict camera diagnostics into a save gate 686ms
   ✓ shared work after-render and actual object continuity > performs the actual rabbit job before recording one visible result 313ms
   ✓ shared work after-render and actual object continuity > cancels an in-hand object without saving when changed-target changes 303ms
 ✓ src/domain/logic.test.ts (26 tests) 22ms
 ✓ src/domain/algorithms/srs.test.ts (60 tests) 28ms
 ✓ src/domain/island/experienceRepository.test.ts (12 tests) 4523ms
   ✓ owned atomic experience persistence > rolls back a failed layout application receipt including all positions, cosmetics and optional expression state 1735ms
   ✓ saved layout application against the current earned world > keeps real later learning/growth, earned new items, spent stars and the saved next plan when restoring an old layout 2159ms
 ✓ src/domain/island/photosRepository.test.ts (11 tests) 1730ms
   ✓ atomic limits, abort and deletion > enforces combined full+thumbnail 24MiB even before the twelfth photo 447ms
   ✓ atomic limits, abort and deletion > rolls back a real native abort after metadata, Blobs and album writes, then retries the exact original receipt 343ms
 ✓ src/domain/learning/independentProgress.integration.test.ts (18 tests) 824ms
 ✓ src/components/island/useIslandCustomization.test.ts (27 tests) 684ms
 ✓ src/domain/island/learningObservationCommit.test.ts (28 tests) 2388ms
   ✓ Island observation preserves the existing transaction and clocks > leaves every store identical apart from optional envelopes for 'number' actual wrong/correct answers 431ms
 ✓ src/domain/island/learningContinuity.test.ts (13 tests) 3803ms
   ✓ island learning continuity > retains a math recheck after correcting the same problem and reopening the plan 368ms
   ✓ island learning continuity > shares review opportunities across 6-question 'math' sets 333ms
   ✓ island learning continuity > shares review opportunities across 3-question 'math' sets 380ms
   ✓ island learning continuity > shares review opportunities across 3-question 'mix' sets 536ms
   ✓ island learning continuity > does not disguise unselected pending checks as ordinary Due across repeated short sets 1068ms
 ✓ src/components/island/islandWorkshopQueue.test.ts (20 tests) 252ms
 ✓ src/domain/island/sharedMemoriesRepository.test.ts (9 tests) 1968ms
   ✓ shared memory persistence and learning boundaries > keeps the twelve-item shelf bounded while saving the full thirteenth result, then re-collects it without changing first time/order 656ms
 ✓ src/domain/island/workshopLayout.test.ts (17 tests) 26ms
 ✓ src/components/island/useIslandExperience.test.ts (16 tests) 1820ms
 ✓ src/domain/island/learningKeepsakesRepository.test.ts (10 tests) 1953ms
   ✓ atomic owned learning keepsakes > earns first and five-section awards through real learning, changes only shelf+receipt, and preserves the same reservation 725ms
   ✓ atomic owned learning keepsakes > a bulk retry after more real learning cannot automatically display newly eligible keepsakes 479ms
 ✓ src/domain/island/workshopRepository.test.ts (9 tests) 2186ms
   ✓ optional workshop ownership and unchanged learning > keeps old workshop absent through normal planning and real learning, and rejects workshop entry until the first earned section 456ms
   ✓ optional workshop ownership and unchanged learning > reloads partial cleaning, first observations, names, shelves, both works and checkpoint history without changing any learning table, stars or growth 440ms
   ✓ optional workshop ownership and unchanged learning > never replaces unknown, damaged or foreign workshop state on read, normal learning or an expression write 333ms
 ✓ src/domain/island/customizationRepository.test.ts (16 tests) 1645ms
 ✓ src/domain/island/expression.test.ts (16 tests) 70ms
 ✓ src/domain/island/growthRepository.test.ts (11 tests) 4393ms
   ✓ owned atomic living island persistence > rolls back partial growth with the final answer, then retains it through reload, focus changes and receipt replay 335ms
   ✓ owned atomic living island persistence > aborts growth, snapshot, answer, profile and completion together then saves each once on retry 2454ms
   ✓ owned atomic living island persistence > saves old appearances independently of earned growth and never rewrites album snapshots or user placement 322ms
 ✓ src/components/island/useIslandSharedMemories.test.ts (13 tests) 1895ms
 ✓ src/domain/park/park.test.ts (140 tests) 593ms
 ✓ src/domain/learning/attemptPersistence.test.ts (24 tests) 684ms
 ✓ src/domain/explore/__tests__/learningSegmentPersistence.test.ts (7 tests) 245ms
 ✓ src/components/island/three/residentInteraction.test.ts (21 tests) 372ms
 ✓ src/components/island/three/growthVisuals.test.ts (21 tests) 793ms
 ✓ src/components/island/three/sharedActivityFraming.test.ts (26 tests) 28733ms
   ✓ body identity keeps the actual articulated tail > otter retains tail surfaces in every held pose without borrowing head or arm surfaces 763ms
   ✓ one side view contains the complete shared delivery > 'flower' fits all quarter-turn chair directions and phone/tablet stage shapes 2303ms
   ✓ one side view contains the complete shared delivery > 'star' fits all quarter-turn chair directions and phone/tablet stage shapes 2350ms
   ✓ one side view contains the complete shared delivery > 'bubble' fits all quarter-turn chair directions and phone/tablet stage shapes 2643ms
   ✓ one side view contains the complete shared delivery > scores actual held poses for '624 star spectator' across every phase without touching the live rigs 1704ms
   ✓ one side view contains the complete shared delivery > scores actual held poses for '484 star self-occlusion' across every phase without touching the live rigs 685ms
   ✓ one side view contains the complete shared delivery > scores actual held poses for '484 bubble self-occlusion' across every phase without touching the live rigs 1695ms
   ✓ one side view contains the complete shared delivery > keeps each subject readable in the recorded 0875 'phone star' scene 1318ms
   ✓ one side view contains the complete shared delivery > keeps each subject readable in the recorded 0875 'tablet star' scene 1233ms
   ✓ one side view contains the complete shared delivery > keeps each subject readable in the recorded 0875 'phone flower' scene 682ms
   ✓ one side view contains the complete shared delivery > keeps each subject readable in the recorded 0875 'tablet flower' scene 936ms
   ✓ one side view contains the complete shared delivery > keeps each subject readable in the recorded 0875 'phone bubble' scene 799ms
   ✓ one side view contains the complete shared delivery > keeps each subject readable in the recorded 0875 'tablet bubble' scene 822ms
   ✓ one side view contains the complete shared delivery > selects a legal fixed presentation for cdc5 phone without inventing readability 1637ms
   ✓ one side view contains the complete shared delivery > selects a legal fixed presentation for cdc5 tablet without inventing readability 1489ms
   ✓ one side view contains the complete shared delivery > selects a legal fixed presentation for cdc5 obstructed without inventing readability 2738ms
   ✓ recorded 5d7 subjects cannot borrow visibility from later poses > 'phone-flower' preserves a legal readable presentation 721ms
   ✓ recorded 5d7 subjects cannot borrow visibility from later poses > 'phone-star' preserves a legal readable presentation 383ms
   ✓ recorded 5d7 subjects cannot borrow visibility from later poses > 'phone-bubble' preserves a legal readable presentation 525ms
   ✓ recorded 5d7 subjects cannot borrow visibility from later poses > 'tablet-flower' preserves a legal readable presentation 717ms
   ✓ recorded 5d7 subjects cannot borrow visibility from later poses > 'tablet-star' preserves a legal readable presentation 578ms
   ✓ recorded 5d7 subjects cannot borrow visibility from later poses > 'tablet-bubble' preserves a legal readable presentation 738ms
   ✓ recorded 5d7 subjects cannot borrow visibility from later poses > 'tablet-fox-flower' preserves a legal readable presentation 942ms
 ✓ src/components/island/three/runtimeExpressionEnvironment.test.ts (10 tests) 15170ms
   ✓ runtime environment/flag ownership boundary > restores occlusion then seasonal materials before appearance and growth rebuild, using the same camera and rig roots 2057ms
   ✓ runtime environment/flag ownership boundary > shows the actual trim even with default identity, reports its actual visibility, and keeps old memories bare 2075ms
   ✓ runtime environment/flag ownership boundary > does not overwrite captured look/flag/environment state or the learning camera when hidden learning receives a saved scene 1423ms
   ✓ runtime environment/flag ownership boundary > restores each saved free look on the same three rigs after removing raincoat 1311ms
   ✓ runtime environment/flag ownership boundary > restores each saved free look on the same three rigs after removing star-beret 1281ms
   ✓ runtime environment/flag ownership boundary > cancels the actual walk and clears live foot marks on learning 2292ms
   ✓ runtime environment/flag ownership boundary > cancels the actual walk and clears live foot marks on exit 1878ms
   ✓ runtime environment/flag ownership boundary > cancels the actual walk and clears live foot marks on selection-change 1801ms
   ✓ runtime environment/flag ownership boundary > does not pass a fresh walk request to the controller while the document is hidden 541ms
   ✓ runtime environment/flag ownership boundary > releases seasonal clones before the world can dispose their source materials 510ms
 ✓ src/components/island/useIslandPhotos.test.ts (15 tests) 817ms
 ✓ src/components/island/three/navigation.test.ts (19 tests) 111ms
 ✓ src/domain/island/furnitureRepository.test.ts (11 tests) 2315ms
   ✓ atomic optional furniture acquisition > earns stars through ordinary answers, acquires telescope, reloads and resumes the same learning reservation 726ms
   ✓ atomic optional furniture acquisition > earns stars through ordinary answers, acquires hammock, reloads and resumes the same learning reservation 562ms
   ✓ atomic optional furniture acquisition > earns stars through ordinary answers, acquires tea-table, reloads and resumes the same learning reservation 757ms
 ✓ src/domain/user/repository.test.ts (9 tests) 742ms
   ✓ getActiveProfile > deletes all IndexedDB rows owned by a profile and selects the next profile 737ms
 ✓ src/domain/explore/__tests__/problemAdapter.test.ts (38 tests) 43ms
 ✓ src/domain/explore/__tests__/learningPlanner.test.ts (8 tests) 405ms
 ✓ src/components/island/three/sharedActivityController.test.ts (20 tests) 2224ms
 ✓ src/domain/island/learningSession.test.ts (10 tests) 1134ms
 ✓ src/domain/explore/__tests__/g0NumberSuika.test.ts (32 tests) 42ms
 ✓ src/domain/growingIsland/repository.test.ts (13 tests) 1421ms
   ✓ growing island persistence > copies a well-used current island: every item, the land, the drops and the friends 1071ms
 ✓ src/hooks/learningProgression.integration.test.ts (12 tests) 10146ms
   ✓ learning progression from real generated questions > preserves legacy next range practice evidence without auto promotion 9658ms
 ✓ src/components/island/useIslandExpression.test.ts (9 tests) 149ms
 ✓ src/domain/test/printability.test.ts (22 tests) 15ms
 ✓ src/components/explore/ExploreProblemPanel.test.tsx (16 tests) 100ms
 ✓ src/domain/island/customizationAppearanceRepository.test.ts (8 tests) 497ms
 ✓ src/components/island/three/sharedDisplayFraming.test.ts (11 tests) 7243ms
   ✓ shared photo actual scene sightlines > clears the photographed tree at (.20, -.60), π/2 on 'phone' without hiding or relocating it 1090ms
   ✓ shared photo actual scene sightlines > clears the photographed tree at (.20, -.60), π/2 on 'tablet' without hiding or relocating it 850ms
   ✓ shared photo actual scene sightlines > keeps every actual saved work part readable at aspect 1.1016949152542372 1158ms
   ✓ shared photo actual scene sightlines > keeps every actual saved work part readable at aspect 1.786046511627907 1230ms
   ✓ shared photo actual scene sightlines > uses transformed world geometry and caches a stable near view without repeating rays 908ms
   ✓ shared photo actual scene sightlines > responds to a real resident entering the chosen sightline and keeps that view when it clears 1199ms
   ✓ shared photo actual scene sightlines > ignores invisible and fully transparent meshes, but reports an opaque enclosure as unreadable 749ms
 ✓ src/domain/growingIsland/rules.test.ts (24 tests) 92ms
 ✓ src/domain/explore/__tests__/g0Whitebox.test.ts (13 tests) 64ms
 ✓ src/components/island/learningMusic.test.ts (15 tests) 2479ms
   ✓ the score and input share a chord and pulse clock > renders finite, audible, seam-free layers and bounded quiet cues at 44100 Hz 680ms
   ✓ the score and input share a chord and pulse clock > renders finite, audible, seam-free layers and bounded quiet cues at 48000 Hz 782ms
 ✓ src/domain/islandLife/discoveryJournal.test.ts (14 tests) 152ms
 ✓ src/components/island/three/sharedDisplayFrameBoundary.test.ts (5 tests) 5159ms
   ✓ shared job completion releases the display camera > uses the same job candidate for capture, clears it on learning/hidden and returns to the unchanged static display selector 1053ms
   ✓ shared job completion releases the display camera > keeps pending work and clears the actual work parts only after commit and settle at 390px (commit first=false) 1034ms
   ✓ shared job completion releases the display camera > keeps pending work and clears the actual work parts only after commit and settle at 390px (commit first=true) 1029ms
   ✓ shared job completion releases the display camera > keeps pending work and clears the actual work parts only after commit and settle at 768px (commit first=false) 776ms
   ✓ shared job completion releases the display camera > keeps pending work and clears the actual work parts only after commit and settle at 768px (commit first=true) 1266ms
 ✓ src/components/island/three/natureObservationFrame.test.ts (22 tests) 51902ms
   ✓ explicit nature observation framing > rejects qualified-03/06 saved phone cameras and a visible but subpixel frontal face (reduced=false) 3792ms
   ✓ explicit nature observation framing > rejects qualified-03/06 saved phone cameras and a visible but subpixel frontal face (reduced=true) 3535ms
   ✓ explicit nature observation framing > separates butterfly in the actual qualified-03 layout from the unchanged rabbit throughout its flight (1.0103626943005182/false) 2113ms
   ✓ explicit nature observation framing > separates butterfly in the actual qualified-03 layout from the unchanged rabbit throughout its flight (1.0103626943005182/true) 1946ms
   ✓ explicit nature observation framing > separates butterfly in the actual qualified-03 layout from the unchanged rabbit throughout its flight (1.6340425531914893/false) 2376ms
   ✓ explicit nature observation framing > separates butterfly in the actual qualified-03 layout from the unchanged rabbit throughout its flight (1.6340425531914893/true) 2210ms
   ✓ explicit nature observation framing > separates ribbon-butterfly in the actual qualified-03 layout from the unchanged rabbit throughout its flight (1.0103626943005182/false) 2816ms
   ✓ explicit nature observation framing > separates ribbon-butterfly in the actual qualified-03 layout from the unchanged rabbit throughout its flight (1.0103626943005182/true) 1842ms
   ✓ explicit nature observation framing > separates ribbon-butterfly in the actual qualified-03 layout from the unchanged rabbit throughout its flight (1.6340425531914893/false) 1710ms
   ✓ explicit nature observation framing > separates ribbon-butterfly in the actual qualified-03 layout from the unchanged rabbit throughout its flight (1.6340425531914893/true) 1957ms
   ✓ explicit nature observation framing > holds a butterfly covered in every candidate and recovers without moving its host or residents 2082ms
   ✓ explicit nature observation framing > shows the actual eyes and beak at the rotated mushroom from qualified-03/06 without moving any model (reduced=false) 4828ms
   ✓ explicit nature observation framing > shows the actual eyes and beak at the rotated mushroom from qualified-03/06 without moving any model (reduced=true) 4685ms
   ✓ explicit nature observation framing > keeps a landed or hovering bird readable at host yaw 0 in a single fixed observation camera 1288ms
   ✓ explicit nature observation framing > keeps a landed or hovering bird readable at host yaw 1.5707963267948966 in a single fixed observation camera 1268ms
   ✓ explicit nature observation framing > keeps a landed or hovering bird readable at host yaw 3.141592653589793 in a single fixed observation camera 1938ms
   ✓ explicit nature observation framing > keeps a landed or hovering bird readable at host yaw -2.356194490192345 in a single fixed observation camera 1511ms
   ✓ explicit nature observation framing > chooses another front angle when real foreground geometry covers the face and never declares a covered face readable 9997ms
 ✓ src/components/island/three/cosmeticScenery.test.ts (19 tests) 36121ms
   ✓ owned cosmetic scenery > leaves the moon-garden legacy scene geometry and rooted tree exactly as authored 3425ms
   ✓ owned cosmetic scenery > leaves the starry legacy scene geometry and rooted tree exactly as authored 1449ms
   ✓ owned cosmetic scenery > leaves the candy legacy scene geometry and rooted tree exactly as authored 1170ms
   ✓ owned cosmetic scenery > leaves the crystal legacy scene geometry and rooted tree exactly as authored 1689ms
   ✓ owned cosmetic scenery > changes real canopy silhouettes and house geometry, beyond recoloring 1475ms
   ✓ owned cosmetic scenery > moon-garden preserves true ground, light anchors and growth through every accent 3522ms
   ✓ owned cosmetic scenery > starry preserves true ground, light anchors and growth through every accent 2594ms
   ✓ owned cosmetic scenery > candy preserves true ground, light anchors and growth through every accent 2738ms
   ✓ owned cosmetic scenery > crystal preserves true ground, light anchors and growth through every accent 3128ms
   ✓ owned cosmetic scenery > keeps crystal shore silhouettes clear of all land, bridge, resident and furniture footprints after expansion 927ms
   ✓ owned cosmetic scenery > disposes each owned geometry, material and texture once without touching resident materials 8316ms
   ✓ owned cosmetic scenery > fits 'moon-garden' theme at grown=false in the same home camera on phone and tablet 410ms
   ✓ owned cosmetic scenery > fits 'moon-garden' theme at grown=true in the same home camera on phone and tablet 1153ms
   ✓ owned cosmetic scenery > fits 'starry' theme at grown=false in the same home camera on phone and tablet 845ms
   ✓ owned cosmetic scenery > fits 'starry' theme at grown=true in the same home camera on phone and tablet 842ms
   ✓ owned cosmetic scenery > fits 'candy' theme at grown=false in the same home camera on phone and tablet 482ms
   ✓ owned cosmetic scenery > fits 'candy' theme at grown=true in the same home camera on phone and tablet 805ms
   ✓ owned cosmetic scenery > fits 'crystal' theme at grown=false in the same home camera on phone and tablet 381ms
   ✓ owned cosmetic scenery > fits 'crystal' theme at grown=true in the same home camera on phone and tablet 769ms
 ✓ src/components/island/three/connectedTerrain.test.ts (10 tests) 31819ms
   ✓ connected terrain exterior > adds a supported central depth only at maturity without repeating the main decorative lobes 376ms
   ✓ connected terrain exterior > returns finite immutable matching rings and caches only plain coordinates 463ms
   ✓ connected terrain exterior > supports every old ellipse and candidate connector on one y=0 cap at level 1 693ms
   ✓ connected terrain exterior > supports every old ellipse and candidate connector on one y=0 cap at level 2 1792ms
   ✓ connected terrain exterior > fills only the nested external layer bands and leaves no shore through the connecting floor 1363ms
   ✓ connected terrain exterior > proves band nesting at every linear breakpoint and actual surface support between the boundaries 2564ms
   ✓ connected terrain exterior > keeps world UVs, slot material identity and borrowed textures across every existing style 24282ms
 ✓ src/domain/learning/evidence.test.ts (16 tests) 101ms
 ✓ src/domain/island/appearance.test.ts (12 tests) 323ms
   ✓ one wallet, eighteen parts, three completed recipes > charges each component once for every prior-ownership subset, independent of purchase order 310ms
 ✓ src/domain/island/experience.test.ts (19 tests) 28ms
 ✓ src/components/island/three/runtimeFurnitureClearance.test.ts (5 tests) 16120ms
   ✓ runtime trial preparation waits for actual saved-furniture clearance > keeps the recorded rabbit walking, then resolves and uses the same choice from the real endpoint 5359ms
   ✓ runtime trial preparation waits for actual saved-furniture clearance > starts newly required clearance before trial preparation on the same runtime update 1030ms
   ✓ runtime trial preparation waits for actual saved-furniture clearance > discards the old waiting iterator on learning without moving the rabbit to finish 1049ms
   ✓ runtime trial preparation waits for actual saved-furniture clearance > discards the old waiting iterator on exit without moving the rabbit to finish 801ms
   ✓ runtime trial preparation waits for actual saved-furniture clearance > discards the old waiting iterator on reselection without moving the rabbit to finish 7881ms
 ✓ src/domain/island/progressiveSupport.test.ts (13 tests) 617ms
 ✓ src/domain/island/growth.test.ts (11 tests) 50ms
 ✓ src/components/island/three/treeCanopyGeometry.test.ts (10 tests) 1154ms
   ✓ sculpted moon-garden canopy > retains one closed outward surface with finite unit normals and a welded lighting seam 342ms
 ✓ src/domain/math/numberSenseProgress.test.ts (32 tests) 12ms
 ✓ src/components/island/IslandLearningKeepsakes.test.tsx (15 tests) 204ms
 ✓ src/components/island/three/roofSurface.test.ts (6 tests) 2535ms
   ✓ default roof material prototype > keeps opaque, deterministic broad colors continuous across both texture edges 461ms
   ✓ default roof material prototype > delivers the mapped face and all four seams through the actual scenery builder without leaking into other styles 1478ms
   ✓ default roof material prototype > restores an actual placement clone before retiring the roof pool on an explicit-style switch 559ms
 ✓ src/components/island/useIslandLearningKeepsakes.test.ts (11 tests) 450ms
 ✓ src/components/island/three/appearanceRendering.test.ts (11 tests) 21570ms
   ✓ independently equipped actual island surfaces > maps the biscuit surface onto unchanged level land and retires its shared texture once 1743ms
   ✓ independently equipped actual island surfaces > starry changes each actual slot while retaining every other slot and rooted identity 3755ms
   ✓ independently equipped actual island surfaces > candy changes each actual slot while retaining every other slot and rooted identity 2720ms
   ✓ independently equipped actual island surfaces > crystal changes each actual slot while retaining every other slot and rooted identity 2456ms
   ✓ independently equipped actual island surfaces > resolves the same explicit mix independently of legacy theme history, including accents 2315ms
   ✓ independently equipped actual island surfaces > keeps actual level ground and both bridge decks through three full looks and old restoration 3940ms
   ✓ independently equipped actual island surfaces > only retires changed-slot resources and disposes each visible owned resource once 936ms
   ✓ independently equipped actual island surfaces > distinguishes hidden expanded bridge meshes from currently visible geometry 784ms
   ✓ independently equipped actual island surfaces > starry fits its actual distant silhouettes in the chosen overview at each land stage 1037ms
   ✓ independently equipped actual island surfaces > candy fits its actual distant silhouettes in the chosen overview at each land stage 1056ms
   ✓ independently equipped actual island surfaces > crystal fits its actual distant silhouettes in the chosen overview at each land stage 828ms
 ✓ src/components/island/three/grassSurface.test.ts (9 tests) 1047ms
   ✓ default mint lawn bump surface > keeps the visible cap texture and retires it once on purchase, restore and exit 735ms
 ✓ src/components/island/islandWorkshopAudio.test.ts (12 tests) 187ms
 ✓ src/domain/learningRepository.test.ts (15 tests) 35ms
 ✓ src/domain/island/rewardGoal.test.ts (13 tests) 46ms
 ✓ src/domain/math/writtenArithmetic.test.ts (38 tests) 123ms
 ✓ src/domain/islandLife/relationObservation.test.ts (13 tests) 321ms
 ✓ src/components/island/three/personalScenery.test.ts (11 tests) 2857ms
   ✓ house-mounted personal identity > moon-garden leaves the actual nameplate and roof flag visible from the home camera direction 802ms
   ✓ house-mounted personal identity > starry leaves the actual nameplate and roof flag visible from the home camera direction 627ms
   ✓ house-mounted personal identity > candy leaves the actual nameplate and roof flag visible from the home camera direction 557ms
   ✓ house-mounted personal identity > crystal leaves the actual nameplate and roof flag visible from the home camera direction 720ms
 ✓ tools/island-expression-audio-focused-audit.test.mjs (12 tests) 55ms
 ✓ src/domain/islandLife/repository.test.ts (10 tests) 3064ms
   ✓ independent life persistence > never awards a diagnostic time jump twice and recovers from backward clock 1316ms
   ✓ independent life persistence > keeps one food cutover and the harvested inventory through a reload 352ms
   ✓ independent life persistence > persists channel receipts and reroutes water after storing and replacing a segment 887ms
 ✓ src/components/island/three/workshopPresentation.test.ts (14 tests) 1314ms
 ✓ src/components/island/three/optionalFurnitureController.test.ts (37 tests) 14136ms
   ✓ optional tools use the actual bodies and bounded furniture > telescope uses selected otter with visible actual contacts 364ms
   ✓ optional tools use the actual bodies and bounded furniture > hammock uses selected otter with visible actual contacts 370ms
   ✓ optional tools use the actual bodies and bounded furniture > tea-table uses selected otter with visible actual contacts 658ms
   ✓ optional tools use the actual bodies and bounded furniture > tea-table uses selected rabbit with visible actual contacts 769ms
   ✓ optional tools use the actual bodies and bounded furniture > tea-table uses selected fox with visible actual contacts 678ms
   ✓ optional tools use the actual bodies and bounded furniture > hammock keeps contact and real framing at rotation 1.5707963267948966 in both motion modes 385ms
   ✓ optional tools use the actual bodies and bounded furniture > hammock keeps contact and real framing at rotation 3.141592653589793 in both motion modes 315ms
   ✓ optional tools use the actual bodies and bounded furniture > tea-table keeps contact and real framing at rotation 1.5707963267948966 in both motion modes 544ms
   ✓ optional tools use the actual bodies and bounded furniture > tea-table keeps contact and real framing at rotation 3.141592653589793 in both motion modes 431ms
   ✓ optional tools use the actual bodies and bounded furniture > tea-table keeps contact and real framing at rotation 4.71238898038469 in both motion modes 402ms
   ✓ optional tools use the actual bodies and bounded furniture > tea passes one real cup from otter to rabbit with both hands touching 503ms
   ✓ optional tools use the actual bodies and bounded furniture > tea passes one real cup from otter to fox with both hands touching 771ms
   ✓ optional tools use the actual bodies and bounded furniture > tea passes one real cup from rabbit to otter with both hands touching 524ms
   ✓ optional tools use the actual bodies and bounded furniture > tea passes one real cup from rabbit to fox with both hands touching 717ms
   ✓ optional tools use the actual bodies and bounded furniture > tea passes one real cup from fox to otter with both hands touching 491ms
   ✓ optional tools use the actual bodies and bounded furniture > tea passes one real cup from fox to rabbit with both hands touching 738ms
   ✓ optional tools use the actual bodies and bounded furniture > routes the actual fox tail around an independent obstacle and the stationary residents 1300ms
 ✓ src/components/island/three/natureVisuals.test.ts (8 tests) 258ms
 ✓ src/domain/user/onboarding.test.ts (20 tests) 2242ms
   ✓ explicit first learning setup > starts beyond q_div for both second and sixth graders without inventing answer evidence 333ms
   ✓ explicit first learning setup > starts beyond q_decimal for both second and sixth graders without inventing answer evidence 315ms
   ✓ explicit first learning setup > starts beyond q_fraction for both second and sixth graders without inventing answer evidence 311ms
   ✓ explicit first learning setup > starts beyond q_application for both second and sixth graders without inventing answer evidence 315ms
 ✓ src/domain/island/learningKeepsakes.test.ts (32 tests) 17ms
 ✓ src/components/island/three/furnitureClearanceController.test.ts (9 tests) 1637ms
   ✓ saved furniture clearance runs physical moves in sequence > contains the whole current bodies and every future route before the second resident starts 795ms
 ✓ src/components/challenge/useChallengeSession.test.tsx (9 tests) 387ms
 ✓ src/components/island/three/flagFraming.test.ts (7 tests) 9078ms
   ✓ inspection of the actual island flag > keeps identity and trim in front of actual mature house shapes for legacy and independent styles 9020ms
 ✓ src/domain/island/learningObservation.test.ts (19 tests) 7ms
 ✓ src/domain/island/sceneStyle.test.ts (6 tests) 28ms
 ✓ src/components/island/life/runtimeAssets.test.ts (11 tests) 303ms
 ✓ src/components/island/useIslandRewardGoal.test.ts (11 tests) 338ms
 ✓ src/domain/explore/__tests__/g0ChainShot.test.ts (12 tests) 9ms
 ✓ src/domain/learning/unitPlanning.integration.test.ts (14 tests) 497ms
 ✓ src/components/island/three/sharedJobFraming.test.ts (6 tests) 38488ms
   ✓ actual shared job sightlines > replaces the recorded back view with both actual paws and the same held object at aspect 1.3066202090592334 7287ms
   ✓ actual shared job sightlines > replaces the recorded back view with both actual paws and the same held object at aspect 1.786046511627907 9465ms
   ✓ actual shared job sightlines > improves the lamp view and exposes actual receiver triangles without hiding residual occlusion at aspect 1.3066202090592334 8520ms
   ✓ actual shared job sightlines > improves the lamp view and exposes actual receiver triangles without hiding residual occlusion at aspect 1.786046511627907 7991ms
   ✓ actual shared job sightlines > retains its selected contact angle through moving bounds without full searches or GPU allocations 2703ms
   ✓ actual shared job sightlines > keeps an unreadable view honest and caps reselection during continuous occlusion 2521ms
 ✓ src/components/island/three/residentTail.test.ts (4 tests) 1537ms
   ✓ the same actual tail has a reversible sitting joint > otter: original standing shape, clear backboards and standing borrowed pose 385ms
   ✓ the same actual tail has a reversible sitting joint > keeps the recorded star handoff visible past the real fox tail in every shared phase 1007ms
 ✓ src/domain/islandLife/relationSelection.test.ts (11 tests) 195ms
 ✓ src/components/island/three/runtimePhotography.test.ts (13 tests) 6079ms
   ✓ current-scene photography boundary > renders before encoding without resetting the current actor or camera 663ms
   ✓ current-scene photography boundary > photographs a real house keepsake in the existing island scene at 390×354 483ms
   ✓ current-scene photography boundary > photographs a real house keepsake in the existing island scene at 768×430 389ms
   ✓ current-scene photography boundary > cannot render or encode a hidden scene 418ms
   ✓ current-scene photography boundary > cannot render or encode a offscreen scene 433ms
   ✓ current-scene photography boundary > cannot render or encode a learning scene 406ms
   ✓ current-scene photography boundary > cannot render or encode a lost scene 483ms
   ✓ current-scene photography boundary > cannot render or encode a disposed scene 344ms
   ✓ current-scene photography boundary > tracks the actual otter and cap before capture without changing its pose 648ms
   ✓ current-scene photography boundary > tracks the actual rabbit and cap before capture without changing its pose 444ms
   ✓ current-scene photography boundary > tracks the actual fox and cap before capture without changing its pose 375ms
   ✓ display photo uses the actual scene before encoding > checks live tree occlusion before a 390×354 capture 480ms
   ✓ display photo uses the actual scene before encoding > checks live tree occlusion before a 768×430 capture 513ms
 ✓ src/components/island/life/IslandLife.startup.test.tsx (4 tests) 59ms
 ✓ src/components/island/useIslandFurniture.test.ts (10 tests) 188ms
 ✓ src/components/island/three/sharedActivityVisuals.test.ts (12 tests) 115ms
 ✓ src/components/island/life/useIslandLife.test.ts (12 tests) 832ms
 ✓ src/components/island/islandAmbienceAudio.test.ts (11 tests) 179ms
 ✓ src/domain/challenge/repository.test.ts (14 tests) 990ms
 ✓ src/components/island/useIslandMilestoneNotice.test.ts (15 tests) 15ms
 ✓ src/domain/growingIsland/guidance.repository.test.ts (7 tests) 165ms
 ✓ src/domain/growingIsland/guidance.test.ts (11 tests) 29ms
 ✓ src/domain/park/writtenArithmeticIntegration.test.ts (25 tests) 284ms
 ✓ src/domain/explore/__tests__/learningSegment.test.ts (20 tests) 11ms
 ✓ src/components/island/three/learningKeepsakeScenery.test.ts (5 tests) 981ms
   ✓ a finite room for actual learning keepsakes > physically supports thirteen separate trophies and wall-mounts three papers within a bounded static room 789ms
 ✓ src/components/island/three/optionalFurnitureFraming.test.ts (6 tests) 6706ms
   ✓ optional tool close views keep the physical cause visible > keeps the same tea cup and tabletop visible through quaternion-restored handoff at 1.3202856387199153 563ms
   ✓ optional tool close views keep the physical cause visible > keeps the same tea cup and tabletop visible through quaternion-restored handoff at 2.1429131970179185 513ms
   ✓ optional tool close views keep the physical cause visible > frames the real hammock cloth past the house roof at 1.3220338983050848 2052ms
   ✓ optional tool close views keep the physical cause visible > frames the real hammock cloth past the house roof at 2.0210526315789474 2540ms
   ✓ optional tool close views keep the physical cause visible > keeps the same front-facing selection through a walk and restores every actual pose after camera inspection 1035ms
 ✓ src/domain/finishTestRepository.test.ts (8 tests) 2852ms
   ✓ atomic finish test repository > reserves a separate set, promotes atomically and preserves confirmation tests 443ms
   ✓ atomic finish test repository > resumes same reservation and persisted first responses without retrying mistakes 486ms
   ✓ atomic finish test repository > records real Lv0 readiness for new and legacy missing-state profiles (legacy=true) 443ms
   ✓ atomic finish test repository > refuses corrupt stored response indices or nonboolean evidence instead of promoting 395ms
   ✓ atomic finish test repository > preserves admitted problems, written mode and first answers across expiry and settings changes 574ms
 ✓ src/components/island/three/optionalFurnitureRuntime.test.ts (8 tests) 2150ms
   ✓ optional furniture runtime boundaries > a new ordinary invitation releases the prior automatic tool before reporting the new result 481ms
   ✓ optional furniture runtime boundaries > changing reduced motion schedules the same temporary controller without running ordinary resident updates over its pose 369ms
 ✓ src/domain/learning/pilotRepository.test.ts (7 tests) 285ms
 ✓ src/domain/levelProgression.test.ts (10 tests) 546ms
   ✓ evidence required for level progression > retains math readiness evidence without automatic promotion and respects manual downgrade 443ms
 ✓ src/domain/explore/__tests__/wagerRun.test.ts (19 tests) 8ms
 ✓ src/domain/islandLife/facilityTrips.test.ts (10 tests) 133ms
 ✓ src/components/island/three/sceneFraming.test.ts (15 tests) 4684ms
   ✓ frozen learning frame after free play > contains earned shores in matching album cameras and the home view at 390×190, chapter +0 304ms
   ✓ frozen learning frame after free play > contains earned shores in matching album cameras and the home view at 390×190, chapter 1 358ms
   ✓ frozen learning frame after free play > contains earned shores in matching album cameras and the home view at 390×190, chapter 2 712ms
   ✓ frozen learning frame after free play > contains earned shores in matching album cameras and the home view at 390×190, chapter undefined 942ms
   ✓ frozen learning frame after free play > contains earned shores in matching album cameras and the home view at 768×400, chapter 1 332ms
   ✓ frozen learning frame after free play > contains earned shores in matching album cameras and the home view at 768×400, chapter 2 453ms
   ✓ frozen learning frame after free play > contains earned shores in matching album cameras and the home view at 768×400, chapter undefined 539ms
 ✓ src/domain/math/studyPresentation.test.ts (15 tests) 29ms
 ✓ src/components/island/three/residentOutfit.test.ts (13 tests) 1155ms
   ✓ optional attached resident outfits > otter preserves every original mesh, body proportion, fixed scarf and hand/seat/foot anchor through all appearances 349ms
 ✓ src/components/island/three/optionalFurnitureTrial.test.ts (8 tests) 76962ms
   ✓ borrowed tools choose an actually usable legal trial location > rechecks the chosen resident using the same borrowed model and retains a usable position on reselection 1482ms
   ✓ borrowed tools choose an actually usable legal trial location > uses the new connecting floor for the formerly blocked furniture-03 hammock without moving saved furniture 3093ms
   ✓ borrowed tools choose an actually usable legal trial location > keeps the furniture-02 narrow passage blocked for the actual body, then accepts only a child-requested usable preview 16049ms
   ✓ borrowed tools choose an actually usable legal trial location > drops an old explicit search on movement, lifecycle pause and foreground resume 542ms
   ✓ borrowed tools choose an actually usable legal trial location > telescope preflights every selected resident then retains the same real model through sequential trials 12317ms
   ✓ borrowed tools choose an actually usable legal trial location > hammock preflights every selected resident then retains the same real model through sequential trials 8340ms
   ✓ borrowed tools choose an actually usable legal trial location > tea-table preflights every selected resident then retains the same real model through sequential trials 34921ms
 ✓ src/domain/island/furniture.test.ts (11 tests) 18ms
 ✓ src/components/island/three/furniture.test.ts (17 tests) 360ms
 ✓ src/domain/explore/__tests__/observation.test.ts (11 tests) 6ms
 ✓ src/components/island/three/cameraPanFraming.test.ts (12 tests) 1854ms
   ✓ real normal-island runtime framing > keeps the new central floor in the actual pan regions and reachable at 390×380 423ms
   ✓ real normal-island runtime framing > keeps the new central floor in the actual pan regions and reachable at 768×470 379ms
   ✓ real normal-island runtime framing > constrains extreme swipes to the earned world, expansion 2 383ms
 ✓ src/hooks/blockGenerators.progression.test.ts (13 tests) 55ms
 ✓ src/domain/natureTown/acceptanceGrowthRandom.test.ts (6 tests) 1485ms
   ✓ NT-3 growth and random boundaries (diagnostic fixtures) > RNG-05/07 evaluates once per interval despite repainting, failures, weather and full visitor slots 767ms
   ✓ NT-3 growth and random boundaries (diagnostic fixtures) > RNG-08 keeps world outcomes identical with different earned learning rights 554ms
 ✓ tools/current-ui-entry-guard.test.mjs (18 tests) 3ms
 ✓ src/components/island/three/workshopResidentFraming.test.ts (8 tests) 706ms
 ✓ src/components/island/IslandLearningSupport.test.tsx (18 tests) 388ms
 ✓ src/components/island/IslandCustomization.test.tsx (9 tests) 119ms
 ✓ src/domain/natureTown/simulation.test.ts (14 tests) 6048ms
   ✓ Nature Town deterministic simulation > SIM-06/07/11 conserves all food for 20 active minutes and deterministic save continuation 4716ms
   ✓ Nature Town deterministic simulation > SIM-10 protects carried food when destination is moved 1068ms
 ✓ src/domain/growingIsland/friends.test.ts (10 tests) 253ms
 ✓ src/components/island/three/terrainProfile.test.ts (9 tests) 2115ms
   ✓ shore garden terrain keeps saved physical land > west keeps old ellipse centers, chords and boundary samples on the exact flat floor 480ms
   ✓ shore garden terrain keeps saved physical land > keeps western physical bridge/props identical while its terrain is not an eastern mirror 838ms
   ✓ shore garden terrain keeps saved physical land > the common envelope contains every actual cap, beach, cliff and shallow vertex under world rotation 391ms
 ✓ src/components/island/three/islandCameraControls.test.ts (11 tests) 6ms
 ✓ src/components/island/three/furnitureClearance.test.ts (9 tests) 755ms
   ✓ saved furniture gives standing residents room to step aside > is deterministic and leaves an enclosed resident blocked without moving its saved furniture 637ms
 ✓ src/domain/natureTown/acceptanceSimulation.test.ts (6 tests) 525ms
 ✓ src/components/explore/DiscoveryReveal.test.ts (7 tests) 71ms
 ✓ src/domain/islandLife/activities.test.ts (7 tests) 725ms
 ✓ src/domain/island/subjectSelection.test.ts (10 tests) 17ms
 ✓ tools/island-expression-visual-matrix-audit.test.mjs (7 tests) 134ms
 ✓ src/domain/islandLife/foodLoop.test.ts (10 tests) 21ms
 ✓ src/components/island/three/westNavigation.test.ts (10 tests) 162ms
 ✓ src/domain/english/planner.test.ts (14 tests) 16ms
 ✓ src/components/island/useIslandLearningObservation.test.ts (10 tests) 7ms
 ✓ src/domain/islandLife/residency.test.ts (7 tests) 696ms
   ✓ renders an otter-first island with the correct rig and hidden uninvited rabbit 379ms
 ✓ src/domain/growingIsland/balance.test.ts (8 tests) 76ms
 ✓ src/domain/explore/__tests__/runCheckpoint.test.ts (7 tests) 9ms
 ✓ src/domain/island/subjectPreference.test.ts (5 tests) 1120ms
 ✓ tools/island-reward-goal-audit.test.mjs (9 tests) 24ms
 ✓ src/domain/learning/mathCatalog.test.ts (6 tests) 125ms
 ✓ src/domain/islandLife/simulation.test.ts (11 tests) 592ms
 ✓ src/pwa.test.ts (12 tests) 57ms
stdout | src/domain/islandLife/commandPerformance.test.ts > reuses a storage command after a day of history and persists the cold-replay state
store warm command + replay ms 11.302875000000085
store cold replay ms 865.393667

 ✓ src/pwaUpdateUtils.test.ts (43 tests) 9ms
 ✓ src/pages/Explore.test.ts (9 tests) 5ms
 ✓ src/domain/test/trigger.test.ts (8 tests) 4ms
 ✓ src/domain/islandLife/commandPerformance.test.ts (20 tests) 2390ms
   ✓ reuses a storage command after a day of history and persists the cold-replay state 1857ms
 ✓ src/domain/math/foundations.test.ts (14 tests) 278ms
 ✓ src/components/island/three/sharedActivityOcclusion.test.ts (9 tests) 33ms
 ✓ src/components/island/three/worldPalette.test.ts (4 tests) 152ms
 ✓ src/components/island/learningActor/motion.test.ts (6 tests) 475ms
 ✓ src/domain/island/experienceAppearance.test.ts (5 tests) 35ms
 ✓ src/domain/battle/engine.test.ts (11 tests) 18ms
 ✓ src/domain/math/contentIntegrity.test.ts (21 tests) 930ms
 ✓ src/domain/finishTest.test.ts (15 tests) 56ms
 ✓ src/components/island/IslandAlbum.test.tsx (4 tests) 62ms
 ✓ src/components/island/three/geometry.test.ts (8 tests) 3452ms
   ✓ island sculpted geometry > keeps the static scenery and tree within a bounded mesh and triangle budget 3042ms
 ✓ src/components/island/life/facilityRelations.test.ts (6 tests) 2039ms
   ✓ presented facility relations > stands back for care beside an ordinary flower visitor while old snapshots retain the sniff distance 1075ms
   ✓ presented facility relations > garden-hut needs the real carrier and visible prop, source, destination and face 310ms
   ✓ presented facility relations > never promotes mere eligibility, a walk, or an old scene to a presented transport 377ms
 ✓ src/domain/test/paperTestRepository.test.ts (6 tests) 512ms
 ✓ src/components/island/islandAlbumPresentation.test.tsx (4 tests) 396ms
   ✓ captured expression in the growth album > keeps old history free of current names, clothes and environment while the current pane uses current settings 376ms
 ✓ src/components/island/life/encounterObservation.test.ts (5 tests) 3052ms
   ✓ requires actual ordinary presentation and explicit input, and coalesces repeated input 689ms
   ✓ records the bird only after a visible water peek followed by a visible return 302ms
   ✓ ignores an asynchronously prepared scene after cancellation 370ms
   ✓ preserves the gesture across a same-layout mesh rebuild without counting the GPU gap as visible time 1462ms
 ✓ src/components/island/three/expressionEnvironment.test.ts (7 tests) 24775ms
   ✓ reversible expression environment on the existing world > moon-garden preserves geometry, growth, ground hits and all original material references through every period/season 5559ms
   ✓ reversible expression environment on the existing world > starry preserves geometry, growth, ground hits and all original material references through every period/season 4244ms
   ✓ reversible expression environment on the existing world > candy preserves geometry, growth, ground hits and all original material references through every period/season 6491ms
   ✓ reversible expression environment on the existing world > crystal preserves geometry, growth, ground hits and all original material references through every period/season 6088ms
   ✓ reversible expression environment on the existing world > reuses same-selection resources, disposes retired clones once, and restores the newest theme after growth/material regeneration 2390ms
 ✓ src/components/island/life/residentShadow.test.ts (6 tests) 1118ms
   ✓ pokomoko: only the copied shadow waves, and normal shape and cast flags return 511ms
   ✓ rabbit: only the copied shadow waves, and normal shape and cast flags return 327ms
 ✓ src/components/island/life/worldShadowPresentation.test.ts (4 tests) 839ms
   ✓ predicts a tiny shadow needs the close view without recording or leaving its preview gesture behind 458ms
   ✓ owns independent shadows only for actual settled bench users and restores all original casting on interruption 375ms
 ✓ src/domain/finishCoverage.test.ts (6 tests) 97ms
 ✓ src/domain/finishRecovery.test.ts (6 tests) 13ms
 ✓ src/components/island/islandPhotoCapture.test.ts (11 tests) 15ms
 ✓ src/components/explore/ExplorePathChoice.test.tsx (5 tests) 43ms
 ✓ src/components/island/IslandExpression.test.tsx (5 tests) 186ms
 ✓ src/components/island/tutorial/useIslandTutorial.test.ts (6 tests) 6ms
 ✓ src/components/island/IslandRewardGoal.test.tsx (7 tests) 203ms
 ✓ src/domain/islandLife/economyMigration.test.ts (7 tests) 455ms
 ✓ src/domain/explore/__tests__/discoveryPage.test.ts (9 tests) 8ms
 ✓ src/components/island/life/residentMotion.test.ts (5 tests) 1885ms
   ✓ rendered activity geometry > uses the legacy distance-based stride without the new sideways sway 326ms
   ✓ rendered activity geometry > keeps bodies on their moving seat and disables the motion in reduced mode 369ms
   ✓ rendered activity geometry > returns a happy hop to the same ground and retains the icon without jumping in reduced mode 415ms
   ✓ rendered activity geometry > uses the same reply clock for a rabbit tilt and keeps the reduced pose still 554ms
 ✓ src/components/explore/rootPullPresentation.test.ts (10 tests) 6ms
 ✓ src/components/island/three/homeInteriorCamera.test.ts (16 tests) 71300ms
   ✓ a perspective camera inside the same closed house > places the real room floor above the unchanged exterior foundation at aspect 1.3220338983050848 735ms
   ✓ a perspective camera inside the same closed house > places the real room floor above the unchanged exterior foundation at aspect 2.0210526315789474 606ms
   ✓ a perspective camera inside the same closed house > encloses the viewport, shows living objects and all sixteen awards at 390×295, actual cottage=false 15722ms
   ✓ a perspective camera inside the same closed house > encloses the viewport, shows living objects and all sixteen awards at 768×380, actual cottage=false 15261ms
   ✓ a perspective camera inside the same closed house > encloses the viewport, shows living objects and all sixteen awards at 390×295, actual cottage=true 14887ms
   ✓ a perspective camera inside the same closed house > encloses the viewport, shows living objects and all sixteen awards at 768×380, actual cottage=true 20979ms
   ✓ a perspective camera inside the same closed house > keeps the whole walking resident on screen at the portrait edges and restores the close view 2521ms
 ✓ src/domain/islandLife/landRules.test.ts (6 tests) 291ms
 ✓ src/domain/islandLife/diagonalMigration.test.ts (4 tests) 613ms
   ✓ diagonal stroll cutover > keeps history, in-flight residents and saved ownership exactly across the boundary 347ms
 ✓ src/components/island/IslandGrowth.test.tsx (6 tests) 145ms
 ✓ src/domain/math/generators/advanced.test.ts (10 tests) 26ms
 ✓ src/domain/learning/unitPractice.test.ts (7 tests) 101ms
 ✓ src/domain/islandLife/economyRepository.test.ts (5 tests) 1423ms
   ✓ atomic v3 economy cutover > rolls back an interrupted cutover and retries the same checkpoint without losing the legacy row 446ms
   ✓ atomic v3 economy cutover > retains a high legacy balance and never replenishes it during a diagnostic time jump 640ms
 ✓ src/domain/challenge/engine.test.ts (17 tests) 6824ms
   ✓ challenge source v1 > covers all 45 ordered pairs, balances each block, exhausts bags, and avoids repeated/reversed neighbors 6680ms
 ✓ src/components/island/IslandHomeActions.test.tsx (6 tests) 236ms
 ✓ src/domain/islandLife/playTours.test.ts (9 tests) 20ms
 ✓ src/domain/islandLife/placementUndo.test.ts (6 tests) 276ms
 ✓ src/domain/island/pacing.test.ts (5 tests) 52ms
 ✓ src/components/island/three/placementOcclusion.test.ts (8 tests) 1480ms
   ✓ editing-only preview visibility > reveals bench behind a resident and restores original materials on cancel 417ms
 ✓ src/components/island/three/homeViewFraming.test.ts (16 tests) 15698ms
   ✓ layout-owned close phone home > enlarges nearby life while retaining both residents and the house, without entering manual camera mode 1036ms
   ✓ layout-owned close phone home > keeps the first deliberate zoom continuous relative to the closer base frame 1521ms
   ✓ layout-owned close phone home > leaves the existing 768x900 framing unchanged 1097ms
   ✓ layout-owned close phone home > leaves the existing 1024x600 framing unchanged 1086ms
   ✓ layout-owned close phone home > leaves the existing 390x330 framing unchanged 712ms
   ✓ layout-owned close phone home > does not alter the dedicated or overview frame: {"districtFocus":"all"} 1422ms
   ✓ layout-owned close phone home > does not alter the dedicated or overview frame: {"districtFocus":"east"} 896ms
   ✓ layout-owned close phone home > does not alter the dedicated or overview frame: {"districtFocus":"west"} 665ms
   ✓ layout-owned close phone home > does not alter the dedicated or overview frame: {"photographing":true} 923ms
   ✓ layout-owned close phone home > does not alter the dedicated or overview frame: {"readOnly":true} 1043ms
   ✓ layout-owned close phone home > does not alter the dedicated or overview frame: {"readOnly":true,"comparisonHabitat":"garden"} 728ms
   ✓ layout-owned close phone home > does not alter the dedicated or overview frame: {"learning":true} 1036ms
   ✓ layout-owned close phone home > does not alter the dedicated or overview frame: {"preview":{"id":"move","kind":"flower","position":{"x":0,"z":1},"rotation":0}} 1084ms
   ✓ layout-owned close phone home > does not alter the dedicated or overview frame: {"playRequest":{"id":"replay","itemId":"flower"}} 883ms
   ✓ layout-owned close phone home > returns from the whole-island view to the same close home frame 821ms
   ✓ layout-owned close phone home > lets an automatic shared activity keep its authored camera with manual mode still off 743ms
 ✓ src/domain/islandLife/placementMigration.test.ts (4 tests) 237ms
 ✓ src/components/island/three/expressionFootTrails.test.ts (3 tests) 644ms
   ✓ foot marks come from actual planted feet > follows real stride contact, keeps 24 fixed slots, expires while idle, and never creates marks from an idle timer 315ms
 ✓ src/components/island/three/appearanceFraming.test.ts (6 tests) 18057ms
   ✓ appearance viewing uses fixed real-target cameras > keeps the entire central tree in frame with the same matrix for every style and maturity at aspect 1.1016949152542372 7165ms
   ✓ appearance viewing uses fixed real-target cameras > keeps the entire central tree in frame with the same matrix for every style and maturity at aspect 1.786046511627907 7556ms
   ✓ appearance viewing uses fixed real-target cameras > wall, roof and window use one fixed house view without hiding a resident, furniture or display 3252ms
 ✓ src/components/island/life/readingObservation.test.ts (5 tests) 2079ms
   ✓ requires ordinary R5 presentation and both visible book orientations 500ms
   ✓ does not infer the inverted picture from seeing only the upright book 323ms
   ✓ cancels when the real reader leaves or its layout changes 591ms
   ✓ keeps the orientation through a mesh rebuild without crediting an unseen gap 414ms
 ✓ src/domain/islandLife/cadence.test.ts (8 tests) 512ms
 ✓ src/components/explore/PaintedEncounterLineage.test.tsx (5 tests) 87ms
 ✓ src/components/island/IslandExpressionFlag.test.tsx (2 tests) 87ms
 ✓ src/components/island/three/expressionResidentVisuals.test.ts (12 tests) 4792ms
   ✓ expressions stay attached to the original residents > otter shows both real patterns with every free/paid outfit while preserving the original face, limbs and contacts 479ms
   ✓ expressions stay attached to the original residents > telescope preserves otter real contacts in raincoat and beret 362ms
   ✓ expressions stay attached to the original residents > telescope preserves rabbit real contacts in raincoat and beret 471ms
   ✓ expressions stay attached to the original residents > telescope preserves fox real contacts in raincoat and beret 432ms
   ✓ expressions stay attached to the original residents > hammock preserves fox real contacts in raincoat and beret 402ms
   ✓ expressions stay attached to the original residents > tea-table preserves otter real contacts in raincoat and beret 492ms
   ✓ expressions stay attached to the original residents > tea-table preserves rabbit real contacts in raincoat and beret 673ms
   ✓ expressions stay attached to the original residents > tea-table preserves fox real contacts in raincoat and beret 727ms
 ✓ src/domain/explore/__tests__/encounters.test.ts (7 tests) 2ms
 ✓ src/domain/explore/__tests__/rapidLoopEligibility.test.ts (27 tests) 7ms
 ✓ src/domain/explore/__tests__/rapidLoop.test.ts (6 tests) 8ms
 ✓ src/components/domain/PrintableTestPreview.test.tsx (6 tests) 89ms
 ✓ src/domain/islandLife/decorations.test.ts (4 tests) 144ms
 ✓ src/components/island/islandDiscoveryGuide.test.ts (8 tests) 23ms
 ✓ src/domain/islandLife/heroVisit.test.ts (5 tests) 236ms
 ✓ src/components/island/life/relationGaze.test.ts (9 tests) 3018ms
   ✓ same-seat R1/R3 gaze > turns pokomoko toward a young plant without moving its seat contact 665ms
   ✓ same-seat R1/R3 gaze > turns rabbit toward a young plant without moving its seat contact 494ms
   ✓ same-seat R1/R3 gaze > turns otter toward a young plant without moving its seat contact 507ms
   ✓ same-seat R1/R3 gaze > looks at the actual swing occupant after arrival and at the toy while it is empty 462ms
 ✓ src/domain/learning/context.test.ts (6 tests) 33ms
 ✓ src/domain/islandLife/plantsWater.test.ts (5 tests) 152ms
 ✓ src/domain/island/learningPartyRepository.test.ts (3 tests) 535ms
 ✓ src/domain/islandLife/walkingSpace.test.ts (7 tests) 90ms
 ✓ src/components/island/islandAlbumMemory.test.ts (7 tests) 5ms
 ✓ src/components/island/life/placement.test.ts (5 tests) 1303ms
   ✓ placement preview > keeps a resident on the real seat while a copy is previewed elsewhere 523ms
 ✓ src/domain/test/testSet.test.ts (34 tests) 200ms
 ✓ src/domain/island/customization.test.ts (20 tests) 20ms
 ✓ src/components/island/three/livingActivities.test.ts (5 tests) 5ms
 ✓ src/domain/learning/progressView.test.ts (7 tests) 6ms
 ✓ src/domain/islandLife/cadenceMigration.test.ts (4 tests) 248ms
 ✓ src/domain/islandLife/discovery.test.ts (6 tests) 17ms
 ✓ src/components/island/life/extendedGround.test.ts (7 tests) 2323ms
   ✓ rendered groves and water retain exact cells and readable connections > can see sapling x 3 with its real connecting ground 420ms
   ✓ rendered groves and water retain exact cells and readable connections > keeps water comparison head focus when a reduced-motion memory is replayed with normal motion 416ms
   ✓ rendered groves and water retain exact cells and readable connections > rests beside a mature tree inside its local shade while retaining the old unversioned pose 474ms
 ✓ src/domain/math/generators/subtraction.test.ts (10 tests) 12ms
 ✓ src/components/island/life/gatheringVisibility.test.ts (6 tests) 1557ms
   ✓ rendered gathering evidence > requires visible real items, connecting ground and an unobstructed viewport (growth=0) 361ms
   ✓ rendered gathering evidence > requires visible real items, connecting ground and an unobstructed viewport (growth=6) 308ms
   ✓ rendered gathering evidence > sees the actual exposed parts of all six mature cells and joins from the island angle 368ms
 ✓ src/domain/islandLife/sandbox.test.ts (3 tests) 400ms
   ✓ sandbox ownership and two-role activity > joins mixed GP2/GP3 and R3, and allows two different touring roles at a sandbox 304ms
 ✓ src/domain/math/answerCompletion.test.ts (13 tests) 317ms
   ✓ immediate answer-cell completion > can fill every generated numeric shape without Enter or knowing the right digits 312ms
 ✓ src/utils/audio.test.ts (8 tests) 44ms
 ✓ src/domain/growingIsland/wonder.test.ts (7 tests) 154ms
 ✓ src/components/dev/suika/NumberSuikaStage.test.tsx (10 tests) 46ms
 ✓ src/components/island/life/lifeUpdateClient.test.ts (7 tests) 13ms
 ✓ src/components/domain/TenKey.compact.test.tsx (6 tests) 28ms
 ✓ src/domain/learning/englishCatalog.test.ts (5 tests) 108ms
 ✓ src/components/island/life/landscape.test.ts (5 tests) 505ms
 ✓ src/domain/islandLife/observationVisit.test.ts (5 tests) 157ms
 ✓ src/components/ikimono/fuwafuwaDailyConversation.test.ts (4 tests) 16ms
 ✓ src/domain/islandLife/heroVisitMigration.test.ts (3 tests) 474ms
   ✓ one-shot hero visit cutover > does not renew the call or pay twice on save/retry/reload, with or without cached replay 369ms
 ✓ src/components/island/life/fantasy/garden.test.ts (4 tests) 1446ms
   ✓ keeps gaze joints, cell picking and the same simulation when changing the time of day 658ms
   ✓ preserves the original Pokomoko geometry, fabric panels, scarf and scale across garden styles 770ms
 ✓ src/components/island/three/runtimeExpressionResidents.test.ts (3 tests) 5373ms
   ✓ expression rendering stays optional inside a read-only scene > pause restores the actual resident, clears every live mark and consumes the interrupted request 1503ms
   ✓ expression rendering stays optional inside a read-only scene > changing reduced motion schedules the owned temporary rig instead of resetting it through ordinary updates 1504ms
   ✓ expression rendering stays optional inside a read-only scene > frames the actual read-only trial and releases that camera on learning and exit 2364ms
 ✓ src/components/island/three/learningReaction.test.ts (12 tests) 7ms
 ✓ src/domain/math/generators/addition.test.ts (10 tests) 48ms
stdout | src/domain/islandLife/replaySnapshot.test.ts > persistent replay acceleration > survives cold reopen and matches full replay after 1 and 7 days, purchases and new facts
snapshot benchmark {"hours":24,"fullMs":745.21775,"restoreMs":25.058708000000024,"snapshotBytes":7378}

 ✓ src/domain/islandLife/picnicTable.test.ts (5 tests) 210ms
 ✓ src/domain/island/learningChecks.test.ts (14 tests) 27ms
 ✓ src/domain/island/homeJourney.test.ts (4 tests) 833ms
   ✓ home journey reservation and persistence > does not retrofit an existing reservation and freezes opt-in through flag removal 359ms
   ✓ home journey reservation and persistence > rolls back a failed final save and ignores duplicate receipts after reopening 357ms
 ✓ src/components/island/learningFeedback.test.ts (8 tests) 4ms
 ✓ src/components/explore/ReturnSummary.test.tsx (5 tests) 183ms
 ✓ src/domain/islandLife/purchases.test.ts (5 tests) 268ms
 ✓ src/components/island/life/useLiveDiscovery.test.ts (3 tests) 110ms
 ✓ src/components/dev/g0v2/G0MechanicRemixStage.test.tsx (4 tests) 20ms
 ✓ src/domain/natureTown/learning.test.ts (3 tests) 549ms
   ✓ durable completed-section adapter > EDU-04 preserves an earned unit and partial work across wrong answer, skip and database reopen 369ms
 ✓ src/components/island/life/relationObservation.test.ts (2 tests) 1370ms
   ✓ rendered explicit resident selection > looks at the actual swing user without changing either resident or the bench seat 901ms
   ✓ rendered explicit resident selection > selects another mature tree for one table user while the partner retains their original tree 468ms
 ✓ src/domain/math/profileProgress.test.ts (67 tests) 12ms
 ✓ src/domain/islandLife/windArch.test.ts (4 tests) 115ms
 ✓ src/domain/islandLife/playTourSimulation.test.ts (7 tests) 3918ms
   ✓ authoritative GP3 time and interruption > keeps all three residents circulating during a long absence 3740ms
 ✓ src/components/island/three/waterSurface.test.ts (6 tests) 11494ms
   ✓ static ocean and shallow-water resources > keeps simultaneous palettes and other slots independent at floor level 0 1770ms
   ✓ static ocean and shallow-water resources > keeps simultaneous palettes and other slots independent at floor level 1 2739ms
   ✓ static ocean and shallow-water resources > keeps simultaneous palettes and other slots independent at floor level 2 4245ms
   ✓ static ocean and shallow-water resources > reuses and retires water resources without textures at floor level 0 749ms
   ✓ static ocean and shallow-water resources > reuses and retires water resources without textures at floor level 1 808ms
   ✓ static ocean and shallow-water resources > reuses and retires water resources without textures at floor level 2 1181ms
 ✓ src/components/island/life/encounterVisual.test.ts (4 tests) 252ms
 ✓ src/domain/islandLife/isolation.test.ts (5 tests) 41ms
 ✓ src/components/island/three/sharedActivityContinuity.test.ts (12 tests) 5353ms
   ✓ shared props remain attached while the real resident poses change phase > 'flower' 'left/left' keeps actual holding paws and the prop continuous across every handoff boundary 1133ms
   ✓ shared props remain attached while the real resident poses change phase > 'flower' 'left/right' keeps actual holding paws and the prop continuous across every handoff boundary 423ms
   ✓ shared props remain attached while the real resident poses change phase > 'flower' 'right/left' keeps actual holding paws and the prop continuous across every handoff boundary 501ms
   ✓ shared props remain attached while the real resident poses change phase > 'flower' 'right/right' keeps actual holding paws and the prop continuous across every handoff boundary 354ms
   ✓ shared props remain attached while the real resident poses change phase > 'star' 'left/left' keeps actual holding paws and the prop continuous across every handoff boundary 423ms
   ✓ shared props remain attached while the real resident poses change phase > 'star' 'left/right' keeps actual holding paws and the prop continuous across every handoff boundary 318ms
   ✓ shared props remain attached while the real resident poses change phase > 'star' 'right/left' keeps actual holding paws and the prop continuous across every handoff boundary 351ms
   ✓ shared props remain attached while the real resident poses change phase > 'star' 'right/right' keeps actual holding paws and the prop continuous across every handoff boundary 371ms
   ✓ shared props remain attached while the real resident poses change phase > 'bubble' 'left/right' keeps actual holding paws and the prop continuous across every handoff boundary 464ms
   ✓ shared props remain attached while the real resident poses change phase > 'bubble' 'right/right' keeps actual holding paws and the prop continuous across every handoff boundary 422ms
 ✓ src/components/island/three/islandCameraAnchor.test.ts (4 tests) 22ms
stdout | src/domain/islandLife/replaySnapshot.test.ts > persistent replay acceleration > survives cold reopen and matches full replay after 1 and 7 days, purchases and new facts
snapshot benchmark {"hours":168,"fullMs":2252.774459,"restoreMs":1.202291999999943,"snapshotBytes":7563}

 ✓ src/domain/islandLife/waterMagic.test.ts (5 tests) 41ms
 ✓ src/domain/islandLife/tourMigration.test.ts (5 tests) 212ms
 ✓ src/components/island/IslandPhotos.test.tsx (6 tests) 63ms
 ✓ src/components/charts/SkillRadarChart.test.ts (7 tests) 44ms
 ✓ src/components/dev/g0/G0WhiteboxStage.test.tsx (6 tests) 22ms
 ✓ src/domain/islandLife/readingEncounter.test.ts (10 tests) 20ms
 ✓ src/domain/island/catalogExpansion.test.ts (3 tests) 7ms
 ✓ src/components/island/growing/GrowingGuideBook.test.tsx (6 tests) 59ms
 ✓ src/components/island/life/fantasy/indexedBatch.test.ts (3 tests) 155ms
 ✓ src/domain/islandLife/soilMoisture.test.ts (4 tests) 47ms
 ✓ src/components/island/learningGuidance.test.ts (13 tests) 8ms
 ✓ src/components/island/life/liveRelations.test.ts (5 tests) 2107ms
   ✓ live rendered bench relations > requires actual settled gaze, visible head and target (swing=false) 478ms
   ✓ live rendered bench relations > requires actual settled gaze, visible head and target (swing=true) 315ms
   ✓ live rendered bench relations > tracks the actual swing occupant and separates a later visit to the same bench 654ms
   ✓ live rendered bench relations > never relabels a free observation visit as a live encounter after closing its panel 438ms
 ✓ src/components/island/growing/GrowingIslandMenu.test.tsx (5 tests) 82ms
 ✓ src/components/island/three/sharedJobActor.test.ts (3 tests) 399ms
stdout | src/domain/islandLife/replaySnapshot.test.ts > persistent replay acceleration > survives cold reopen and matches full replay after 1 and 7 days, purchases and new facts
snapshot benchmark {"hours":168.0000002777778,"fullMs":2264.095542000001,"restoreMs":5.570332999999664,"snapshotBytes":7563}

 ✓ src/domain/islandLife/discoveryRecall.test.ts (4 tests) 9ms
 ✓ src/domain/islandLife/placementClearance.test.ts (3 tests) 70ms
 ✓ src/components/island/life/roamingPresentation.test.ts (5 tests) 41ms
 ✓ src/domain/math/generators/division.test.ts (5 tests) 53ms
 ✓ src/domain/islandLife/facilities.test.ts (2 tests) 147ms
 ✓ tools/island-qualified-audit.test.mjs (12 tests) 16ms
 ✓ src/domain/islandLife/extendedGatherings.test.ts (4 tests) 13ms
 ✓ src/components/domain/answerCompletion.test.tsx (5 tests) 51ms
 ✓ src/components/island/three/residentInterest.test.ts (11 tests) 6ms
 ✓ src/domain/island/landGeometry.test.ts (4 tests) 67ms
 ✓ src/utils/tts.test.ts (6 tests) 11ms
 ✓ src/components/island/life/windArch.test.ts (3 tests) 2442ms
   ✓ wind and arch rendered geometry > rotates only in normal motion and freezes the recorded mode 682ms
   ✓ wind and arch rendered geometry > lets all existing residents pass along four cardinal lines without touching any arch triangle bounds 1585ms
 ✓ src/domain/english/listening.test.ts (4 tests) 3ms
 ✓ src/utils/pdfGenerator.test.ts (5 tests) 5ms
 ✓ src/domain/test/paperTest.test.ts (4 tests) 13ms
 ✓ src/domain/island/photos.test.ts (3 tests) 33ms
 ✓ src/domain/english/examples.test.ts (23 tests) 194ms
 ✓ src/components/island/IslandMilestone.test.tsx (6 tests) 10ms
 ✓ src/domain/islandLife/replaySnapshot.test.ts (2 tests) 12010ms
   ✓ persistent replay acceleration > survives cold reopen and matches full replay after 1 and 7 days, purchases and new facts 11966ms
 ✓ src/components/domain/WrittenArithmeticGrid.test.tsx (4 tests) 17ms
 ✓ src/components/island/three/usualPlaceRuntime.test.ts (3 tests) 3ms
 ✓ src/components/island/three/connectedScenery.test.ts (3 tests) 3913ms
   ✓ one connected island across growth and appearance changes > replaces only terrain at unlocks, keeping the home, bridges and texture owner alive 1881ms
   ✓ one connected island across growth and appearance changes > supports all original and connecting floors once at level 1 901ms
   ✓ one connected island across growth and appearance changes > supports all original and connecting floors once at level 2 1130ms
 ✓ src/components/island/three/placementPreview.test.ts (3 tests) 112ms
 ✓ src/components/island/life/sandbox.test.ts (4 tests) 1351ms
   ✓ sandbox ordinary making > shows a mountain for one user and a castle for two (users=1) 432ms
   ✓ sandbox ordinary making > grows the current sand shape over time and replays a captured pose unchanged 474ms
 ✓ src/components/battle/BattleSetup.test.tsx (7 tests) 67ms
 ✓ src/components/island/three/residentRoaming.test.ts (5 tests) 18ms
 ✓ src/domain/learning/independentProgress.test.ts (17 tests) 5ms
 ✓ src/components/island/islandWorkshopRequest.test.ts (6 tests) 10ms
 ✓ src/components/explore/snapRootPresentation.test.ts (5 tests) 4ms
 ✓ src/components/island/life/picnicMotion.test.ts (4 tests) 1371ms
   ✓ real picnic seats and ordinary use > keeps separate seat contact and shows the current users snack (two=false) 333ms
   ✓ real picnic seats and ordinary use > collects one shared R2 candidate for two partners 412ms
   ✓ real picnic seats and ordinary use > turns toward the mature tree while keeping the actual seat contact 392ms
 ✓ src/components/explore/RootPullOpeningArt.test.tsx (8 tests) 29ms
 ✓ src/components/island/life/canopySculptStudy.test.ts (4 tests) 2913ms
   ✓ loads three closed, connected meshes and preserves the traced foreground volume 2906ms
 ✓ src/domain/stats/repository.test.ts (1 test) 13ms
 ✓ src/components/natureTown/editing.test.ts (4 tests) 58ms
 ✓ src/components/island/islandCustomizationRequest.test.ts (4 tests) 9ms
 ✓ src/components/island/life/readingBookPose.test.ts (3 tests) 13ms
 ✓ src/domain/islandLife/roaming.test.ts (4 tests) 19ms
 ✓ src/domain/island/navigation.test.ts (14 tests) 16ms
 ✓ src/components/island/life/presentationClock.test.ts (5 tests) 25ms
 ✓ src/components/island/life/facilities.test.ts (4 tests) 1865ms
   ✓ facility entrance uses > shows one held book or tools at the entrance for pokomoko 575ms
   ✓ facility entrance uses > shows one held book or tools at the entrance for rabbit 454ms
   ✓ facility entrance uses > shows one held book or tools at the entrance for otter 444ms
   ✓ facility entrance uses > keeps the four-cell preview and only legal anchors while preserving old scenes without props 392ms
 ✓ src/components/island/useIslandDiscoveries.test.ts (4 tests) 56ms
 ✓ src/domain/explore/__tests__/generator.test.ts (2 tests) 727ms
   ✓ createExploreMap > keeps every generated node reachable across multiple seeds 722ms
 ✓ src/domain/island/visitors.test.ts (4 tests) 13ms
 ✓ src/components/island/life/canopyGroundStudy.test.ts (6 tests) 10ms
 ✓ src/domain/islandLife/waterChannels.test.ts (3 tests) 11ms
 ✓ src/domain/math/additionProgress.test.ts (9 tests) 32ms
 ✓ src/domain/english/generator.test.ts (5 tests) 3908ms
   ✓ English catalog and choices > every word produces four unique rendered choices (kanji=false) 1840ms
   ✓ English catalog and choices > every word produces four unique rendered choices (kanji=true) 2063ms
 ✓ src/domain/islandLife/footstepMagic.test.ts (3 tests) 58ms
 ✓ src/components/island/islandExperienceRequest.test.ts (4 tests) 11ms
 ✓ src/domain/stats/aggregation.test.ts (3 tests) 5ms
stdout | src/domain/islandLife/creditPerformance.test.ts > reuses the persisted prefix for new learning after seven days with identical cold replay
seven-day incremental credit ms 1.169499999999971
seven-day cold credit ms 5942.172125000001

 ✓ src/domain/natureTown/repository.test.ts (5 tests) 221ms
 ✓ src/components/island/three/homePresentation.test.ts (3 tests) 99ms
 ✓ src/domain/park/englishPlanning.test.ts (7 tests) 568ms
 ✓ src/domain/island/learningParty.test.ts (5 tests) 5ms
 ✓ src/components/finish/FinishChallenge.test.tsx (6 tests) 58ms
 ✓ src/domain/islandLife/waterBench.test.ts (4 tests) 11ms
 ✓ src/domain/islandLife/creditPerformance.test.ts (3 tests) 12607ms
   ✓ reuses the persisted prefix for new learning after seven days with identical cold replay 12104ms
   ✓ keeps rewards, growth, same-time credits, daily goal and later purchases equal to full replay 474ms
 ✓ src/domain/growingIsland/flowers.test.ts (4 tests) 31ms
 ✓ src/components/explore/FireflyFlowerEncounterArt.test.tsx (8 tests) 48ms
 ✓ src/components/island/life/gatheringCollector.test.ts (3 tests) 223ms
 ✓ src/components/ikimono/lifecycle.test.ts (5 tests) 6ms
 ✓ src/components/island/growing/menuMiniatures.test.ts (4 tests) 85ms
 ✓ src/components/island/learningMusicGesture.test.ts (4 tests) 8ms
 ✓ src/components/island/three/residentPortraitFraming.test.ts (6 tests) 554ms
 ✓ src/components/explore/MakimodonEncounterArt.test.tsx (8 tests) 49ms
 ✓ src/components/island/three/growthNavigation.test.ts (2 tests) 714ms
   ✓ automatically grown places support real resident life > keeps all seven anchor objects legal and reachable through the complete chapter 692ms
 ✓ src/domain/island/livingSettings.test.ts (4 tests) 19ms
 ✓ tools/asset-policy.test.mjs (19 tests) 6ms
 ✓ src/domain/finishRecoveryPractice.test.ts (3 tests) 13ms
 ✓ src/domain/islandLife/capabilities.test.ts (3 tests) 145ms
 ✓ src/domain/explore/__tests__/openingExperience.test.ts (5 tests) 4ms
 ✓ src/domain/islandLife/terminalFacts.test.ts (1 test) 129ms
 ✓ src/components/island/three/residentFabric.test.ts (3 tests) 3684ms
   ✓ one cloth resident in the shared island > keeps atlas UVs through body/head batching and every articulated hand/foot 3323ms
 ✓ src/components/island/IslandDirectActions.test.tsx (3 tests) 29ms
 ✓ src/domain/math/generators/fraction.test.ts (6 tests) 5ms
 ✓ tools/life-replay-version.test.ts (4 tests) 238ms
 ✓ src/domain/learning/evaluationContacts.test.ts (2 tests) 49ms
 ✓ src/domain/natureTown/growthJourney.test.ts (2 tests) 1042ms
   ✓ grows from the starter through real supply, retained offer, admission and increased demand 1001ms
 ✓ src/domain/math/hissanEngine.test.ts (8 tests) 4ms
 ✓ src/components/island/life/sceneBudget.test.ts (3 tests) 1432ms
   ✓ keeps +0 placed items within the scene allocation budget 380ms
   ✓ keeps 30 placed items within the scene allocation budget 319ms
   ✓ keeps 100 placed items within the scene allocation budget 732ms
 ✓ src/components/island/life/fantasy/staticRaycast.test.ts (3 tests) 1064ms
   ✓ matches every triangle hit after transforms and near/far clipping (indexed=false) 546ms
   ✓ matches every triangle hit after transforms and near/far clipping (indexed=true) 497ms
 ✓ src/components/natureTown/livingPresentation.test.ts (2 tests) 1019ms
   ✓ emits actual pickup and dropoff endpoints once, while preserving food conservation 991ms
 ✓ src/components/island/islandExpansionPreview.test.ts (4 tests) 5ms
 ✓ src/domain/islandLife/economyRules.test.ts (12 tests) 6ms
 ✓ src/components/island/life/footstepPresentation.test.ts (1 test) 558ms
   ✓ uses actual grounded moving feet, never emits while stopped, and bounds trail lifetime and ownership 558ms
 ✓ src/components/island/visualLearningGuidance.test.ts (6 tests) 9ms
 ✓ src/domain/island/tutorialState.test.ts (5 tests) 8ms
 ✓ src/components/explore/ResearchBookStage.test.tsx (3 tests) 82ms
 ✓ src/components/island/islandCustomizationPreview.test.ts (4 tests) 8ms
 ✓ src/components/island/IslandFurniturePlacement.test.tsx (3 tests) 22ms
 ✓ src/components/island/life/fantasy/gardenTime.test.ts (12 tests) 9ms
stdout | src/domain/islandLife/visitPerformance.test.ts > reuses the applied visit without replaying a day of history, with identical saved state
visit warm command + replay ms 1.6352499999998145
visit cold replay ms 1130.0325

 ✓ src/domain/islandLife/visitPerformance.test.ts (1 test) 3730ms
   ✓ reuses the applied visit without replaying a day of history, with identical saved state 3730ms
 ✓ src/domain/islandLife/groupEncounters.test.ts (3 tests) 210ms
 ✓ src/components/explore/makimodonPresentation.test.ts (4 tests) 3ms
 ✓ src/components/island/life/LifeCatalogPages.test.tsx (3 tests) 5ms
 ✓ src/components/ikimono/fuwafuwaSpeech.test.ts (6 tests) 2ms
 ✓ src/components/island/IslandAnswerFeedback.test.tsx (5 tests) 35ms
 ✓ src/components/island/life/lifePersistenceMessage.test.ts (4 tests) 6ms
 ✓ src/domain/islandLife/shadowMagic.test.ts (3 tests) 13ms
 ✓ src/components/island/life/canopyMaterialStudy.test.ts (3 tests) 48ms
 ✓ src/components/island/life/stateProjection.test.ts (3 tests) 42ms
 ✓ src/components/Footer.test.tsx (9 tests) 111ms
 ✓ src/components/island/life/sceneReuse.test.ts (4 tests) 18ms
 ✓ src/domain/math/writtenPlaceValue.test.ts (10 tests) 11ms
 ✓ src/domain/park/learningContinuation.test.ts (3 tests) 51ms
stderr | src/components/island/growing/growingLife.test.ts > picking up a friend > follows the finger and sits on the bench it is dropped on
THREE.Material: parameter 'map' has value of undefined.
THREE.Material: parameter 'map' has value of undefined.
THREE.Material: parameter 'map' has value of undefined.

 ✓ src/components/island/growing/growingLife.test.ts (3 tests) 150ms
 ✓ src/domain/explore/__tests__/rewardPresentation.test.ts (7 tests) 3ms
 ✓ src/components/island/islandGrowthPreview.test.ts (3 tests) 9ms
 ✓ src/components/explore/rapidTrailPresentation.test.ts (4 tests) 4ms
 ✓ src/domain/explore/__tests__/suikaQuantity.test.ts (7 tests) 4ms
 ✓ src/components/island/life/plantMagic.test.ts (2 tests) 13ms
 ✓ src/domain/natureTown/routing.test.ts (3 tests) 104ms
 ✓ src/components/island/growing/growingCopy.test.ts (5 tests) 20ms
 ✓ src/domain/explore/__tests__/attemptIdentity.test.ts (8 tests) 3ms
 ✓ src/domain/explore/__tests__/rewards.test.ts (5 tests) 2ms
 ✓ src/components/island/homeJourney/interior.test.ts (5 tests) 977ms
 ✓ src/components/island/life/growthStatus.test.ts (4 tests) 5ms
 ✓ src/domain/explore/__tests__/g0MechanicMetrics.test.ts (2 tests) 3ms
 ✓ src/components/island/islandFurnitureTrial.test.ts (5 tests) 18ms
 ✓ src/components/island/life/canopyShoreStudy.test.ts (3 tests) 27ms
 ✓ src/components/island/life/fantasy/staticBatch.test.ts (2 tests) 11ms
 ✓ src/components/progress/FinishPreparation.test.tsx (3 tests) 24ms
 ✓ src/components/island/life/facilityTrips.test.ts (3 tests) 4801ms
   ✓ continuous held work and captured transport > keeps pokomoko and its prop through collection, real walking and use without changing the feet 2255ms
   ✓ continuous held work and captured transport > keeps rabbit and its prop through collection, real walking and use without changing the feet 1128ms
   ✓ continuous held work and captured transport > keeps otter and its prop through collection, real walking and use without changing the feet 1412ms
 ✓ src/components/island/life/observationCue.test.ts (3 tests) 2ms
 ✓ src/pwaUpdateRecovery.test.ts (3 tests) 7ms
 ✓ src/components/ikimono/hitokoto.test.ts (5 tests) 19ms
 ✓ tools/island-e2e-helpers.test.mjs (5 tests) 3ms
 ✓ tools/learning-unit-report.test.mjs (2 tests) 136ms
 ✓ src/components/island/life/placementWait.test.ts (7 tests) 4ms
 ✓ src/components/island/life/plantsWaterGeometry.test.ts (2 tests) 51ms
 ✓ src/components/island/three/homeWalk.test.ts (3 tests) 324ms
 ✓ src/components/ikimono/fuwafuwaAlbumCopy.test.ts (3 tests) 6ms
 ✓ tools/asset-pipeline/run_batch.test.mjs (4 tests) 7ms
 ✓ src/components/island/islandStarReceiptEligibility.test.ts (3 tests) 2ms
 ✓ src/components/gate/ArithmeticGateAnswerField.test.tsx (2 tests) 119ms
 ✓ src/components/island/growing/GrowingGuideArt.test.ts (3 tests) 9ms
 ✓ src/domain/growingIsland/room.test.ts (3 tests) 17ms
 ✓ src/components/explore/PokkoVisualLineage.test.tsx (5 tests) 44ms
 ✓ src/domain/math/subtractionProgress.test.ts (5 tests) 4ms
 ✓ src/components/island/islandDistrictView.test.ts (5 tests) 15ms
 ✓ src/domain/explore/__tests__/runStructure.test.ts (3 tests) 9ms
 ✓ src/domain/islandLife/growthIntegration.test.ts (2 tests) 44ms
 ✓ src/components/island/IslandWelcome.test.tsx (2 tests) 15ms
 ✓ src/domain/learning/runtimeUnitPractice.test.ts (9 tests) 14ms
 ✓ src/components/island/life/canopyAtmosphereStudy.test.ts (2 tests) 9ms
 ✓ src/components/island/life/residentWalk.test.ts (6 tests) 15ms
 ✓ src/domain/math/numberEntry.test.ts (4 tests) 276ms
 ✓ src/domain/math/sequenceProgress.test.ts (5 tests) 5ms
 ✓ src/domain/explore/__tests__/encounterPhase.test.ts (7 tests) 9ms
 ✓ src/domain/learning/reviewBudget.test.ts (7 tests) 20ms
 ✓ src/domain/math/fractionInput.test.ts (3 tests) 27ms
 ✓ src/components/island/IslandRewards.test.tsx (2 tests) 31ms
 ✓ src/components/island/three/workshopGround.test.ts (1 test) 315ms
   ✓ the actual triangulated workshop sand > matches the final batched sand triangles across the west lane and rejects the old entry 314ms
 ✓ src/domain/benchmark/coldOpenFixedTen.test.ts (2 tests) 4ms
 ✓ src/components/island/life/foodScene.test.ts (2 tests) 867ms
   ✓ shows the harvested planter and cargo on the same island resident in moon-garden-v1 472ms
   ✓ shows the harvested planter and cargo on the same island resident in fantasy-garden-v1 394ms
 ✓ src/domain/explore/__tests__/fixedTenBenchmark.test.ts (2 tests) 2ms
 ✓ src/components/island/homeJourney/delivery.test.ts (4 tests) 5ms
 ✓ src/domain/learning/reviewPolicy.test.ts (5 tests) 3ms
 ✓ src/hooks/useLearningSessionLease.test.ts (1 test) 11ms
 ✓ src/components/island/homeJourney/growthReveal.test.ts (4 tests) 3ms
 ✓ src/domain/explore/__tests__/replay.test.ts (3 tests) 10ms
 ✓ src/components/island/three/expressionResidentWalk.test.ts (16 tests) 78864ms
   ✓ explicit expression trial uses the actual feet and a bounded legal walk > leaves the actual mature default bench before otter trial, reduced=false 8185ms
   ✓ explicit expression trial uses the actual feet and a bounded legal walk > leaves the actual mature default bench before rabbit trial, reduced=false 2571ms
   ✓ explicit expression trial uses the actual feet and a bounded legal walk > leaves the actual mature default bench before fox trial, reduced=false 7082ms
   ✓ explicit expression trial uses the actual feet and a bounded legal walk > leaves the actual mature default bench before otter trial, reduced=true 11318ms
   ✓ explicit expression trial uses the actual feet and a bounded legal walk > leaves the actual mature default bench before rabbit trial, reduced=true 4996ms
   ✓ explicit expression trial uses the actual feet and a bounded legal walk > leaves the actual mature default bench before fox trial, reduced=true 6031ms
   ✓ explicit expression trial uses the actual feet and a bounded legal walk > cancellation during preparing restores the same seated rig and stops pending departure 683ms
   ✓ explicit expression trial uses the actual feet and a bounded legal walk > cancellation during departing restores the same seated rig and stops pending departure 2870ms
   ✓ explicit expression trial uses the actual feet and a bounded legal walk > cancellation during walking restores the same seated rig and stops pending departure 4600ms
   ✓ explicit expression trial uses the actual feet and a bounded legal walk > otter, reduced=false: same rig lands and cancels without moving furniture 5830ms
   ✓ explicit expression trial uses the actual feet and a bounded legal walk > rabbit, reduced=false: same rig lands and cancels without moving furniture 4449ms
   ✓ explicit expression trial uses the actual feet and a bounded legal walk > fox, reduced=false: same rig lands and cancels without moving furniture 4818ms
   ✓ explicit expression trial uses the actual feet and a bounded legal walk > otter, reduced=true: same rig lands and cancels without moving furniture 5251ms
   ✓ explicit expression trial uses the actual feet and a bounded legal walk > rabbit, reduced=true: same rig lands and cancels without moving furniture 5247ms
   ✓ explicit expression trial uses the actual feet and a bounded legal walk > fox, reduced=true: same rig lands and cancels without moving furniture 4679ms
 ✓ src/domain/math/comparisonProgress.test.ts (5 tests) 20ms
 ✓ src/components/domain/answerConfirmGuidance.test.ts (2 tests) 33ms
 ✓ src/domain/islandLife/production.test.ts (2 tests) 103ms
 ✓ src/components/ikimono/fuwafuwaMilestones.test.ts (4 tests) 83ms
 ✓ src/components/explore/AuthoredEncounterArt.test.tsx (6 tests) 20ms
 ✓ src/utils/learningDay.test.ts (5 tests) 3ms
 ✓ src/components/ui/modalFocus.test.ts (4 tests) 10ms
 ✓ src/components/dev/devStudySelection.test.ts (2 tests) 4ms
 ✓ src/components/island/life/growthCue.test.ts (3 tests) 6ms
 ✓ src/components/island/learningShow.test.ts (2 tests) 1ms
 ✓ src/domain/math/followups.test.ts (2 tests) 2ms
 ✓ src/components/ikimono/sceneText.test.ts (3 tests) 3ms
 ✓ src/components/island/growing/growingCamera.test.ts (1 test) 4ms
 ✓ src/components/domain/FractionStrips.test.tsx (1 test) 42ms
 ✓ src/pages/parents/parentAttemptLabel.test.ts (2 tests) 2ms
 ✓ src/components/island/growing/houseGuests.test.ts (1 test) 9ms
 ✓ src/components/ui/SegmentedControl.test.tsx (1 test) 17ms
 ✓ src/components/island/life/runtimeAssetSlots.test.ts (2 tests) 3ms
 ✓ src/components/natureTown/residentPose.test.ts (1 test) 779ms
   ✓ uses committed pickup/dropoff without replaying gestures after movement, expiry or reload 778ms
 ✓ src/components/island/homeJourney/contacts.test.ts (1 test) 3ms
 ✓ src/domain/math/writtenInput.test.ts (3 tests) 3ms
 ✓ tools/build-env.test.mjs (4 tests) 10ms
 ✓ src/domain/island/studyRoute.test.ts (16 tests) 3ms
 ✓ src/components/island/growing/letters.test.ts (1 test) 13ms
 ✓ src/components/island/three/sharedCarryRoute.test.ts (2 tests) 5ms
 ✓ src/components/ikimono/ikimonoMotion.test.ts (3 tests) 2ms
 ✓ src/components/island/IslandExperiencePanel.test.tsx (1 test) 23ms
 ✓ src/components/ui/modalLayerManager.test.ts (2 tests) 2ms
 ✓ src/components/domain/PaperTestScoreModal.test.tsx (1 test) 29ms
 ✓ src/components/LaunchRoute.test.tsx (4 tests) 10ms
 ✓ src/components/gate/arithmeticGate.test.ts (3 tests) 2ms
 ✓ src/components/island/three/westScenery.test.ts (1 test) 181ms
 ✓ src/components/home/homeMagicEnergy.test.ts (2 tests) 1ms
 ✓ src/domain/island/feature.test.ts (6 tests) 3ms
 ✓ src/domain/island/expansion.test.ts (2 tests) 2ms
 ✓ src/components/island/life/runtimeAssetLod.test.ts (3 tests) 3ms
 ✓ src/components/island/life/homeProps.test.ts (1 test) 5ms
 ✓ src/components/explore/MakimodonResearchArt.test.tsx (2 tests) 31ms
 ✓ src/components/charts/WeeklyTrendChart.test.ts (2 tests) 3ms
 ✓ src/components/ikimono/NameModal.test.tsx (1 test) 11ms
 ✓ src/pages/OnboardingNameStep.test.tsx (2 tests) 58ms
 ✓ src/components/island/life/decorationGeometry.test.ts (1 test) 22ms
 ✓ src/components/explore/ExploreHud.test.tsx (1 test) 38ms
 ✓ src/components/island/growing/concertReceipt.test.ts (2 tests) 5ms
 ✓ src/components/domain/NumberFieldsLayout.test.tsx (4 tests) 8ms
 ✓ src/components/island/islandDirectTargets.test.ts (2 tests) 3ms
 ✓ src/components/ikimono/IkimonoArtwork.test.tsx (2 tests) 41ms
 ✓ src/components/explore/RootPullDiscoveryReveal.test.tsx (1 test) 49ms
 ✓ src/utils/theme.test.ts (4 tests) 4ms
 ✓ src/components/island/life/waterMagic.test.ts (1 test) 39ms
 ✓ src/pages/parents/parentReviewCopy.test.ts (1 test) 2ms
 ✓ src/components/island/IslandProsePrompt.test.tsx (3 tests) 10ms
 ✓ src/components/island/life/startupTiming.test.ts (2 tests) 3ms
 ✓ src/components/explore/PokkoBaseArt.test.tsx (1 test) 10ms
 ✓ src/domain/math/hissanTypes.test.ts (2 tests) 3ms
 ✓ src/components/island/islandPlayScroll.test.ts (3 tests) 4ms
 ✓ src/components/ui/Button.test.tsx (2 tests) 44ms
 ✓ src/components/island/homeJourney/scene.test.ts (3 tests) 1334ms
   ✓ home journey authored growth > keeps the same home identity while adding the stage 0 structure 610ms
   ✓ home journey authored growth > keeps the same home identity while adding the stage 9 structure 407ms
   ✓ home journey authored growth > keeps the same home identity while adding the stage 33 structure 316ms
 ✓ src/components/island/life/rewardCue.test.ts (3 tests) 3ms
 ✓ src/components/island/growing/useGrowingRoom.test.ts (1 test) 9ms
 ✓ src/components/explore/exploreAnswerInput.test.ts (3 tests) 1ms
 ✓ src/domain/math/deterministicGeneration.test.ts (2 tests) 30ms
 ✓ src/components/explore/DiscoveryPageArt.test.tsx (1 test) 18ms
 ✓ src/pages/Island.startup.test.ts (1 test) 3025ms
   ✓ keeps optional 3D modules behind their lazy render boundaries 3025ms
 ✓ src/pages/StatsCloseAction.test.tsx (2 tests) 18ms
 ✓ src/components/island/life/identity.test.ts (2 tests) 24669ms
   ✓ reserves patchwork for Pokomoko and gives the otter natural fur 335ms
   ✓ keeps every resident mesh, fabric, transform and walking pose identical across C3 and legacy scenery 24333ms
stdout | src/domain/growingIsland/pacing.test.ts > pacing (spec 52 §15, starting values) > grows a village over a month without running away
┌─────────┬─────┬───────────┬───────┬──────┬───────┬──────┐
│ (index) │ day │ villagers │ level │ land │ drops │ bank │
├─────────┼─────┼───────────┼───────┼──────┼───────┼──────┤
│ 0       │ 1   │ 2         │ 1     │ 30   │ 12    │ 0    │
│ 1       │ 3   │ 4         │ 3     │ 30   │ 20    │ 0    │
│ 2       │ 7   │ 8         │ 4     │ 30   │ 104   │ 0    │
│ 3       │ 14  │ 14        │ 6     │ 45   │ 236   │ 0    │
│ 4       │ 30  │ 25        │ 7     │ 120  │ 328   │ 0    │
└─────────┴─────┴───────────┴───────┴──────┴───────┴──────┘

stdout | src/domain/growingIsland/pacing.test.ts > pacing (spec 52 §15, starting values) > keeps growing slowly for three months
┌─────────┬─────┬───────────┬───────┬──────┬───────┬──────┐
│ (index) │ day │ villagers │ level │ land │ drops │ bank │
├─────────┼─────┼───────────┼───────┼──────┼───────┼──────┤
│ 0       │ 45  │ 32        │ 8     │ 120  │ 660   │ 0    │
│ 1       │ 60  │ 39        │ 8     │ 120  │ 988   │ 0    │
│ 2       │ 90  │ 51        │ 9     │ 120  │ 1644  │ 0    │
└─────────┴─────┴───────────┴───────┴──────┴───────┴──────┘

stdout | src/domain/growingIsland/pacing.test.ts > pacing (spec 52 §15, starting values) > continues beyond the former land cap for a year (decor first: false)
┌─────────┬───────┬─────┬───────────┬───────┬──────┬───────┬──────┐
│ (index) │ decor │ day │ villagers │ level │ land │ drops │ bank │
├─────────┼───────┼─────┼───────────┼───────┼──────┼───────┼──────┤
│ 0       │ false │ 90  │ 51        │ 9     │ 120  │ 1644  │ 0    │
│ 1       │ false │ 180 │ 77        │ 10    │ 168  │ 3374  │ 0    │
│ 2       │ false │ 365 │ 116       │ 10    │ 216  │ 7314  │ 0    │
└─────────┴───────┴─────┴───────────┴───────┴──────┴───────┴──────┘

stdout | src/domain/growingIsland/pacing.test.ts > pacing (spec 52 §15, starting values) > continues beyond the former land cap for a year (decor first: true)
┌─────────┬───────┬─────┬───────────┬───────┬──────┬───────┬──────┐
│ (index) │ decor │ day │ villagers │ level │ land │ drops │ bank │
├─────────┼───────┼─────┼───────────┼───────┼──────┼───────┼──────┤
│ 0       │ true  │ 90  │ 50        │ 9     │ 312  │ 26    │ 0    │
│ 1       │ true  │ 180 │ 76        │ 10    │ 432  │ 168   │ 0    │
│ 2       │ true  │ 365 │ 115       │ 10    │ 624  │ 358   │ 0    │
└─────────┴───────┴─────┴───────────┴───────┴──────┴───────┴──────┘

stdout | src/domain/growingIsland/pacing.test.ts > pacing (spec 52 §15, starting values) > retains weekly batching throughput instead of losing all unused town hours
┌─────────┬──────────┬─────┬───────────┬───────┬──────┬───────┬──────┐
│ (index) │ habit    │ day │ villagers │ level │ land │ drops │ bank │
├─────────┼──────────┼─────┼───────────┼───────┼──────┼───────┼──────┤
│ 0       │ 'daily'  │ 84  │ 49        │ 9     │ 120  │ 1524  │ 0    │
│ 1       │ 'weekly' │ 84  │ 46        │ 9     │ 120  │ 1490  │ 0    │
└─────────┴──────────┴─────┴───────────┴───────┴──────┴───────┴──────┘

 ✓ src/domain/growingIsland/pacing.test.ts (7 tests) 58708ms
   ✓ pacing (spec 52 §15, starting values) > grows a village over a month without running away 808ms
   ✓ pacing (spec 52 §15, starting values) > keeps growing slowly for three months 2025ms
   ✓ pacing (spec 52 §15, starting values) > continues beyond the former land cap for a year (decor first: false) 11529ms
   ✓ pacing (spec 52 §15, starting values) > continues beyond the former land cap for a year (decor first: true) 43529ms
   ✓ pacing (spec 52 §15, starting values) > retains weekly batching throughput instead of losing all unused town hours 667ms

 Test Files  519 passed (519)
      Tests  4603 passed (4603)
   Start at  09:42:46
   Duration  161.50s (transform 14.19s, setup 0ms, collect 304.44s, tests 964.58s, environment 113ms, prepare 37.25s)


> pokko-fushigi-zukan-app@0.0.0 build
> tsc -b && node tools/build-app.mjs && npm run assets:check

vite v7.3.1 building client environment for production...
transforming...
Browserslist: browsers data (caniuse-lite) is 9 months old. Please run:
  npx update-browserslist-db@latest
  Why you should do it regularly: https://github.com/browserslist/update-db#readme
✓ 3955 modules transformed.
Generated an empty chunk: "pdf".
rendering chunks...
computing gzip size...
dist/version.json                                      0.52 kB │ gzip:   0.30 kB
dist/index.html                                        3.89 kB │ gzip:   1.72 kB
dist/assets/town-prop-bench-FdKjOSai.png               9.13 kB
dist/assets/NotoSansJP-C_ziqpoc.woff2                 13.06 kB
dist/assets/town-prop-flowers-BOUxk4Bw.png            13.80 kB
dist/assets/town-rabbit-carrying-RfQ1w-aH.png         14.24 kB
dist/assets/town-rabbit-giving-CnJ9JmwQ.png           14.58 kB
dist/assets/town-rabbit-receiving-DUoJoWgV.png        14.72 kB
dist/assets/town-rabbit-idle-Bh01hjGD.png             14.90 kB
dist/assets/catalog-MsWF2Ofo.png                      18.20 kB
dist/assets/town-prop-home-B1P8AAtr.png               19.39 kB
dist/assets/town-prop-tree-Yw3JP1Jo.png               20.27 kB
dist/assets/town-otter-carrying-CNTvBDdk.png          21.45 kB
dist/assets/town-otter-giving-C4wtqVhT.png            21.71 kB
dist/assets/town-otter-receiving-hjH-v6Y1.png         21.99 kB
dist/assets/town-otter-idle-BshfulWh.png              22.12 kB
dist/assets/town-pokomoko-carrying-B6igduKw.png       25.49 kB
dist/assets/town-pokomoko-giving-BOi7RcKv.png         26.51 kB
dist/assets/town-pokomoko-idle-hYR2u8GP.png           26.67 kB
dist/assets/flower-bloom-original-Bhc8ZRS8.png        27.17 kB
dist/assets/town-pokomoko-receiving-CKZT-N1L.png      27.25 kB
dist/assets/pokomoko-original-8wLdjUXI.png            31.15 kB
dist/assets/catalog-C9jTiRjH.png                      32.80 kB
dist/assets/dela-gothic-one-tzEOUe9y.woff2            39.87 kB
dist/assets/zen-maru-gothic-black-DnteofP1.woff2      51.44 kB
dist/assets/basis_transcoder-o4Hde_L7.js              57.53 kB
dist/assets/far-geometry-Di-gBAev.glb                 62.40 kB
dist/assets/pokomoko-learning-poses-B-Jfr41M.webp     70.07 kB
dist/assets/far-CbQUffpN.glb                          70.37 kB
dist/assets/far-geometry-C2nCL94K.glb                 90.88 kB
dist/assets/far-geometry-DTfZ_trK.glb                127.57 kB
dist/assets/far-iUTsXLLh.glb                         130.80 kB
dist/assets/far-geometry-BV4Tmqez.glb                136.54 kB
dist/assets/far-BNsdfYHM.glb                         147.90 kB
dist/assets/lifeUpdate.worker-958fLM2E.js            189.18 kB
dist/assets/near-Bt9PwG61.glb                        209.47 kB
dist/assets/far-geometry-B5GXTTw0.glb                226.28 kB
dist/assets/near-3yaftuce.glb                        293.84 kB
dist/assets/near-B8znkHvM.glb                        306.04 kB
dist/assets/far-Zj6wZqfp.glb                         309.89 kB
dist/assets/far-geometry-CUf7iENq.glb                325.53 kB
dist/assets/near-CuR2H6Uc.glb                        443.91 kB
dist/assets/basis_transcoder-VXdx5NbI.wasm           527.33 kB │ gzip: 247.62 kB
dist/assets/near-CMx7NApC.glb                      1,568.14 kB
dist/assets/near-B3PvBOT3.glb                      1,642.36 kB
dist/assets/near-C_b32qsb.glb                      1,706.40 kB
dist/assets/near-l6ZZxCWq.glb                      1,759.80 kB
dist/assets/near-DoEuBhay.glb                      1,924.85 kB
dist/assets/near-7GK7mDBY.glb                      1,983.43 kB
dist/assets/IslandSharedMemories-CxXlpls3.css          1.54 kB │ gzip:   0.57 kB
dist/assets/IslandFurniture-7NZ9dhCz.css               1.57 kB │ gzip:   0.55 kB
dist/assets/LifeMemories-Cia3-2wk.css                  1.58 kB │ gzip:   0.56 kB
dist/assets/IslandDiscoveryGuide-DpYKYTkf.css          2.05 kB │ gzip:   0.75 kB
dist/assets/IslandWelcome-BJp8Sa-m.css                 2.05 kB │ gzip:   0.72 kB
dist/assets/IslandExpression-BAzaKUz5.css              2.18 kB │ gzip:   0.68 kB
dist/assets/life-observation-DvQvywiD.css              2.49 kB │ gzip:   0.83 kB
dist/assets/Stats-C2pYmaaO.css                         2.65 kB │ gzip:   0.75 kB
dist/assets/IslandWorkshop-KxE1cutE.css                4.47 kB │ gzip:   1.24 kB
dist/assets/IslandStage-BctzDSoi.css                   4.83 kB │ gzip:   1.38 kB
dist/assets/IslandExperiencePanel-Cn-0xXmE.css         6.01 kB │ gzip:   1.33 kB
dist/assets/IslandPhotos-Dz-XgAxv.css                  6.54 kB │ gzip:   1.60 kB
dist/assets/GrowingIsland-DqsVmHjt.css                 6.88 kB │ gzip:   1.76 kB
dist/assets/IslandCustomization-BKdIHMdQ.css           7.08 kB │ gzip:   1.62 kB
dist/assets/NatureTown-CusrCJWB.css                   12.17 kB │ gzip:   3.48 kB
dist/assets/Explore-C0qQ-HMA.css                      13.06 kB │ gzip:   2.95 kB
dist/assets/growing-B4kocCin.css                      14.31 kB │ gzip:   3.33 kB
dist/assets/Island-DVCPJhVi.css                       27.09 kB │ gzip:   5.16 kB
dist/assets/IslandLife-twUpqDIC.css                   61.34 kB │ gzip:   9.76 kB
dist/assets/Island-DRd_yZik.css                      136.60 kB │ gzip:  19.26 kB
dist/assets/index-BDBqsNlD.css                       282.10 kB │ gzip:  46.83 kB
dist/assets/pdf-l0sNRNKZ.js                            0.00 kB │ gzip:   0.02 kB
dist/assets/feature-DTknTrpN.js                        0.04 kB │ gzip:   0.06 kB
dist/assets/utils-B-dksMZM.js                          0.37 kB │ gzip:   0.24 kB
dist/assets/useGardenTime-hvwMA9lq.js                  0.71 kB │ gzip:   0.39 kB
dist/assets/lighting-Da0vumLq.js                       0.79 kB │ gzip:   0.44 kB
dist/assets/homeJourney-BkBsv3V2.js                    0.95 kB │ gzip:   0.58 kB
dist/assets/Learn-DZABbQnx.js                          1.16 kB │ gzip:   0.67 kB
dist/assets/random-BDr3YF07.js                         1.62 kB │ gzip:   1.03 kB
dist/assets/room-DdZh6lRq.js                           1.74 kB │ gzip:   0.98 kB
dist/assets/RoundedBoxGeometry-C5X8Mxij.js             1.75 kB │ gzip:   0.83 kB
dist/assets/IslandWelcome-fMloMm4k.js                  2.07 kB │ gzip:   1.10 kB
dist/assets/IslandRewardGoal-Bu8HtgCG.js               2.14 kB │ gzip:   0.98 kB
dist/assets/LifeResidentPortrait-CSI-9d-o.js           2.37 kB │ gzip:   1.30 kB
dist/assets/IslandWorkReplay-C50PuuZe.js               2.44 kB │ gzip:   0.92 kB
dist/assets/GrowingHouseGuide-C1Vjsriy.js              2.70 kB │ gzip:   1.33 kB
dist/assets/footprint-Bc8z9Hof.js                      3.37 kB │ gzip:   1.71 kB
dist/assets/IslandOnboarding-Bd4c6UpY.js               3.57 kB │ gzip:   1.56 kB
dist/assets/IslandDiscoveryGuide-CxurLFI7.js           4.20 kB │ gzip:   1.77 kB
dist/assets/IslandFurniture-XhATwpSa.js                4.79 kB │ gzip:   1.81 kB
dist/assets/scene-BSuZgFxg.js                          6.42 kB │ gzip:   3.00 kB
dist/assets/geometry-vWI2hSK6.js                       6.67 kB │ gzip:   2.83 kB
dist/assets/IslandStage-DDbhHYYM.js                    6.69 kB │ gzip:   2.72 kB
dist/assets/IslandAlbum-CVjMNl44.js                    8.59 kB │ gzip:   3.24 kB
dist/assets/friendRig-Cw0hxFr9.js                      8.78 kB │ gzip:   3.16 kB
dist/assets/LifeObservation-CLm5mMkZ.js                9.06 kB │ gzip:   3.10 kB
dist/assets/HomeJourneyPreview-Cv1oHoE0.js             9.42 kB │ gzip:   4.48 kB
dist/assets/IslandCustomization-CT5un4mS.js            9.93 kB │ gzip:   3.36 kB
dist/assets/IslandExpression-BWbdCV1e.js               9.93 kB │ gzip:   3.29 kB
dist/assets/IslandExperiencePanel-C5MQ07RY.js          9.97 kB │ gzip:   3.06 kB
dist/assets/PokomokoLearningActor-Dczdi3Jg.js         10.07 kB │ gzip:   4.50 kB
dist/assets/IslandPhotos-BG56UlvV.js                  10.19 kB │ gzip:   3.28 kB
dist/assets/LifeMemories-D2dP2VFG.js                  10.65 kB │ gzip:   3.83 kB
dist/assets/IslandStage-Cb7Yqr7P.js                   10.79 kB │ gzip:   4.07 kB
dist/assets/itemGeometry-xUkY4ogT.js                  10.87 kB │ gzip:   4.45 kB
dist/assets/IslandSharedMemories-B0R4gplA.js          12.08 kB │ gzip:   3.64 kB
dist/assets/IslandWorkshop-CSUslCAd.js                12.67 kB │ gzip:   3.60 kB
dist/assets/cottage-DM4F8FFC.js                       13.37 kB │ gzip:   5.98 kB
dist/assets/homeInteriorCamera-DWL-XulP.js            19.53 kB │ gzip:   7.30 kB
dist/assets/repository-DD_LwrsO.js                    21.81 kB │ gzip:   8.33 kB
dist/assets/growing-FvlwLNWO.js                       25.45 kB │ gzip:   8.98 kB
dist/assets/LifeWorld-B-lRHzLm.js                     29.33 kB │ gzip:  11.05 kB
dist/assets/icons-CBwJsMj4.js                         29.45 kB │ gzip:  10.78 kB
dist/assets/life-observation-Co8D8ZD-.js              33.82 kB │ gzip:  12.44 kB
dist/assets/audio-DwtSHwBT.js                         36.13 kB │ gzip:   9.75 kB
dist/assets/Stats-CEg7TpxY.js                         36.24 kB │ gzip:  11.78 kB
dist/assets/residentInterest-C8C76DpW.js              40.39 kB │ gzip:  16.00 kB
dist/assets/islandFurniturePlacement-CRIh7a4G.js      42.09 kB │ gzip:  12.18 kB
dist/assets/GrowingWorld-DXEed9WX.js                  45.31 kB │ gzip:  17.35 kB
dist/assets/repository-DgYxsbWw.js                    46.09 kB │ gzip:  15.70 kB
dist/assets/react-DcHpdqMy.js                         48.53 kB │ gzip:  17.24 kB
dist/assets/NatureTown-DgYkvvk7.js                    50.88 kB │ gzip:  17.88 kB
dist/assets/scene-ZYQKOx4x.js                         52.67 kB │ gzip:  20.51 kB
dist/assets/Island-BjR_tYWQ.js                        52.94 kB │ gzip:  16.32 kB
dist/assets/GrowingIsland-CLDaWM9D.js                 54.09 kB │ gzip:  18.50 kB
dist/assets/IslandLife-U4f-eHtK.js                    63.09 kB │ gzip:  20.61 kB
dist/assets/repository-Drmbn2yi.js                    90.92 kB │ gzip:  25.01 kB
dist/assets/data-CYRvWfdS.js                          96.37 kB │ gzip:  32.45 kB
dist/assets/runtimeAssets-CuhC7FqA.js                110.01 kB │ gzip:  40.41 kB
dist/assets/motion-iLBaTeAD.js                       119.65 kB │ gzip:  39.54 kB
dist/assets/Explore-CewD9yVp.js                      209.48 kB │ gzip:  59.72 kB
dist/assets/three.core-DU4xsjPq.js                   262.09 kB │ gzip:  71.69 kB
dist/assets/Island-B4LGgv5w.js                       268.58 kB │ gzip:  86.23 kB
dist/assets/runtime-CbOFwrW9.js                      333.69 kB │ gzip: 104.04 kB
dist/assets/residentRig-CaeloPgX.js                  368.07 kB │ gzip:  93.46 kB
dist/assets/charts-B2Phfr4C.js                       371.25 kB │ gzip: 108.31 kB
dist/assets/index-BFCk67VI.js                        886.14 kB │ gzip: 251.75 kB

(!) Some chunks are larger than 500 kB after minification. Consider:
- Using dynamic import() to code-split the application
- Use build.rollupOptions.output.manualChunks to improve chunking: https://rollupjs.org/configuration-options/#output-manualchunks
- Adjust chunk size limit for this warning via build.chunkSizeWarningLimit.
✓ built in 11.47s

PWA v1.2.0
mode      generateSW
precache  181 entries (5338.06 KiB)
files generated
  dist/sw.js
  dist/workbox-1d305bb8.js
warnings
  One of the glob patterns doesn't match any files. Please remove or fix the following: {
  "globDirectory": "/Users/yutogasaki/Projects/sansu/dist",
  "globPattern": "assets/pokomoko-arcade-poses-*.webp",
  "globIgnores": [
    "visual-tests/**/*",
    "fonts/NotoSansJP-Japanese.woff2",
    "sw.js",
    "workbox-*.js"
  ]
}
  One of the glob patterns doesn't match any files. Please remove or fix the following: {
  "globDirectory": "/Users/yutogasaki/Projects/sansu/dist",
  "globPattern": "assets/pokomoko-arcade-rim-*.webp",
  "globIgnores": [
    "visual-tests/**/*",
    "fonts/NotoSansJP-Japanese.woff2",
    "sw.js",
    "workbox-*.js"
  ]
}


> pokko-fushigi-zukan-app@0.0.0 assets:check
> node tools/check-asset-budget.mjs

PASS assets:check
- PWA precache: 181 unique files, 8.84 MiB / 12.00 MiB
- Explore artwork: 27 production files, 2.97 MiB / 8.00 MiB
- Production-input contract: docs/design only; absent from public and precache
