
> pokko-fushigi-zukan-app@0.0.0 verify:core
> npm run docs:check && npm run check:current-ui-entry && npm run lint && npm run typecheck && npm run test:run && npm run build


> pokko-fushigi-zukan-app@0.0.0 docs:check
> node tools/check-docs.mjs

WARN
- docs/tasks/active/2026-07-21-cold-open-value-loop.md: Review By (2026-09-27) is in the past
- docs/tasks/active/2026-07-23-whole-app-brand-coherence.md: Review By (2026-09-27) is in the past
- docs/tasks/active/2026-09-13-mysterious-island-v3.md: Review By (2026-09-29) is in the past
- docs/tasks/active/2026-09-23-island-performance.md: Review By (2026-09-30) is in the past
PASS docs:check

> pokko-fushigi-zukan-app@0.0.0 check:current-ui-entry
> node tools/check-current-ui-entry.mjs

Current UI entry guard passed: dev opens Mystic Island; old Explore stays on a direct URL with an explicit classic smoke suite; Nature Town is isolated; runtime identity is exposed.

> pokko-fushigi-zukan-app@0.0.0 lint
> eslint .


/Users/yutogasaki/Projects/sansu/src/components/island/IslandMilestone.tsx
  16:17  warning  Fast refresh only works when a file only exports components. Use a new file to share constants or functions between components  react-refresh/only-export-components

/Users/yutogasaki/Projects/sansu/src/components/island/growing/GrowingIslandMenu.tsx
  78:8  warning  React Hook useEffect has a missing dependency: 'props'. Either include it or remove the dependency array. However, 'props' will change when *any* prop changes, so the preferred fix is to destructure the 'props' object outside of the useEffect call and refer to those specific props inside useEffect  react-hooks/exhaustive-deps

✖ 2 problems (0 errors, 2 warnings)


> pokko-fushigi-zukan-app@0.0.0 typecheck
> tsc -b --pretty false


> pokko-fushigi-zukan-app@0.0.0 test:run
> vitest run


 RUN  v2.1.9 /Users/yutogasaki/Projects/sansu

 ✓ src/hooks/blockGenerators.test.ts (36 tests) 43ms
 ✓ src/domain/explore/__tests__/persistenceRepository.test.ts (38 tests) 772ms
 ✓ src/domain/explore/__tests__/learningPlannerSegment.test.ts (15 tests) 596ms
Browserslist: browsers data (caniuse-lite) is 9 months old. Please run:
  npx update-browserslist-db@latest
  Why you should do it regularly: https://github.com/browserslist/update-db#readme
 ✓ src/components/island/three/sharedDisplayScene.test.ts (13 tests) 778ms
 ✓ src/domain/island/rewardGoalRepository.test.ts (14 tests) 1256ms
   ✓ reward goals and the real island storage boundary > earns the desired furniture through ordinary learning, preserves photographs and old memories, then resumes the same reservation 488ms
 ✓ src/domain/island/expressionRepository.test.ts (11 tests) 1292ms
   ✓ expression ownership with the existing learning and photo stores > earns ordinary stars without materializing expression, acquires separately, reloads and resumes the exact same learning plan 419ms
   ✓ expression ownership with the existing learning and photo stores > old saved butterfly observations qualify both products without auto-granting or rewriting learning and photographs 300ms
 ✓ src/domain/math/generators/counting.test.ts (51 tests) 19ms
 ✓ src/components/island/three/sharedActivities.test.ts (23 tests) 550ms
 ✓ src/components/domain/LearningAnswerForm.defer.test.tsx (35 tests) 34ms
 ✓ src/domain/island/sharedMemories.test.ts (14 tests) 48ms
 ✓ src/domain/explore/__tests__/reducer.test.ts (29 tests) 7ms
 ✓ src/domain/island/island.test.ts (19 tests) 3121ms
   ✓ island frozen learning sets > reserves three introductory questions, then six familiar questions, and restores the exact plan 695ms
   ✓ island frozen learning sets > keeps wrong answers on the same problem and assistance sticky without fabricating mastery 431ms
   ✓ island frozen learning sets > supports mixed vocabulary sets and accumulates independent readiness without auto progression 761ms
   ✓ island frozen learning sets > preserves fraction multi-input and stepwise written arithmetic in complete reserved plans 708ms
 ✓ src/components/island/three/workshopScene.test.ts (22 tests) 543ms
 ✓ src/domain/math/planner.test.ts (35 tests) 39ms
 ✓ src/components/island/three/residentRig.test.ts (38 tests) 5015ms
   ✓ resident local rig and furniture contact > bench supports each resident at the real surface through all rotations 801ms
   ✓ resident local rig and furniture contact > swing supports each resident at the real surface through all rotations 553ms
   ✓ resident local rig and furniture contact > mushroom supports each resident at the real surface through all rotations 497ms
   ✓ resident interest stays a removable layer on the real rig > otter keeps real feet, root, seat and shoulder joints on rotated ordinary objects 1173ms
 ✓ src/domain/explore/__tests__/g0NumberVessel.test.ts (13 tests) 8ms
 ✓ tools/expression-audio/audio-analysis.test.mjs (53 tests) 6936ms
   ✓ insect-band classification rejects absent insects and actual wind or water even when made quiet 483ms
   ✓ an uninterrupted high tone, wrong cadence or missing call cannot impersonate evening insects 420ms
   ✓ every retained pitch, correspondence, silence and end window uses the same native source clock 304ms
   ✓ raw02 loop prefix positions are missing first-pitch evidence, not proof of an overlapping loop 558ms
   ✓ one missing first-pitch sample or final required sample fails without shortening either window 987ms
   ✓ the complete native silence window rejects contamination in its first sample that a shifted range misses 374ms
   ✓ one-sample and wrong-sign native offsets fail instead of choosing a better waveform lag 488ms
   ✓ unknown, nonfinite, fractional and mismatched native metadata fail rather than falling back to signal alignment 416ms
   ✓ real-answer cue history can exceed 256 sources, while the finite source cap still cannot block native playback or close 1165ms
 ✓ src/hooks/useStudySession.logic.test.ts (38 tests) 10ms
 ✓ src/components/island/three/livingRuntime.test.ts (18 tests) 1987ms
   ✓ runtime life cancellation and actual observations > checks a landed bird face in the actual rendered frame, preserves old records and recovers once (reduced=false) 322ms
 ✓ src/domain/island/workshop.test.ts (14 tests) 80ms
 ✓ src/components/island/three/sharedJobController.test.ts (23 tests) 4112ms
   ✓ shared work after-render and actual object continuity > borrows the actual hand, lamp and receiver for framing without turning strict camera diagnostics into a save gate 732ms
 ✓ src/components/island/IslandAnswerForm.test.tsx (38 tests) 585ms
   ✓ Island problem semantic presentation > has a curated equivalent for every symbol actually emitted by the current math generators 497ms
 ✓ src/domain/island/experienceRepository.test.ts (12 tests) 2476ms
   ✓ owned atomic experience persistence > rolls back a failed layout application receipt including all positions, cosmetics and optional expression state 984ms
   ✓ saved layout application against the current earned world > keeps real later learning/growth, earned new items, spent stars and the saved next plan when restoring an old layout 1082ms
 ✓ src/domain/logic.test.ts (26 tests) 35ms
 ✓ src/domain/algorithms/srs.test.ts (60 tests) 30ms
 ✓ src/domain/island/photosRepository.test.ts (11 tests) 1004ms
   ✓ atomic limits, abort and deletion > enforces combined full+thumbnail 24MiB even before the twelfth photo 351ms
 ✓ src/domain/learning/independentProgress.integration.test.ts (18 tests) 738ms
 ✓ src/components/island/useIslandCustomization.test.ts (27 tests) 782ms
 ✓ src/domain/island/learningObservationCommit.test.ts (28 tests) 1284ms
 ✓ src/domain/island/sharedMemoriesRepository.test.ts (9 tests) 990ms
 ✓ src/domain/island/learningContinuity.test.ts (13 tests) 2749ms
   ✓ island learning continuity > shares review opportunities across 6-question 'math' sets 404ms
   ✓ island learning continuity > shares review opportunities across 3-question 'mix' sets 377ms
   ✓ island learning continuity > does not disguise unselected pending checks as ordinary Due across repeated short sets 676ms
 ✓ src/components/island/islandWorkshopQueue.test.ts (20 tests) 79ms
 ✓ src/domain/island/workshopLayout.test.ts (17 tests) 27ms
 ✓ src/components/island/useIslandExperience.test.ts (16 tests) 1067ms
 ✓ src/domain/island/learningKeepsakesRepository.test.ts (10 tests) 947ms
   ✓ atomic owned learning keepsakes > earns first and five-section awards through real learning, changes only shelf+receipt, and preserves the same reservation 366ms
 ✓ src/domain/island/workshopRepository.test.ts (9 tests) 703ms
 ✓ src/domain/island/customizationRepository.test.ts (16 tests) 675ms
 ✓ src/domain/island/expression.test.ts (16 tests) 34ms
 ✓ src/domain/island/growthRepository.test.ts (11 tests) 1788ms
   ✓ owned atomic living island persistence > aborts growth, snapshot, answer, profile and completion together then saves each once on retry 938ms
 ✓ src/components/island/useIslandSharedMemories.test.ts (13 tests) 1051ms
 ✓ src/domain/park/park.test.ts (140 tests) 324ms
 ✓ src/domain/learning/attemptPersistence.test.ts (24 tests) 488ms
 ✓ src/domain/explore/__tests__/learningSegmentPersistence.test.ts (7 tests) 84ms
 ✓ src/components/island/three/residentInteraction.test.ts (21 tests) 213ms
 ✓ src/components/island/three/growthVisuals.test.ts (21 tests) 841ms
 ✓ src/domain/island/furnitureRepository.test.ts (11 tests) 1534ms
   ✓ atomic optional furniture acquisition > earns stars through ordinary answers, acquires telescope, reloads and resumes the same learning reservation 362ms
   ✓ atomic optional furniture acquisition > earns stars through ordinary answers, acquires hammock, reloads and resumes the same learning reservation 335ms
   ✓ atomic optional furniture acquisition > earns stars through ordinary answers, acquires tea-table, reloads and resumes the same learning reservation 588ms
 ✓ src/components/island/useIslandPhotos.test.ts (15 tests) 727ms
 ✓ src/components/island/three/navigation.test.ts (19 tests) 65ms
 ✓ src/components/island/three/runtimeExpressionEnvironment.test.ts (10 tests) 11287ms
   ✓ runtime environment/flag ownership boundary > restores occlusion then seasonal materials before appearance and growth rebuild, using the same camera and rig roots 2106ms
   ✓ runtime environment/flag ownership boundary > shows the actual trim even with default identity, reports its actual visibility, and keeps old memories bare 1398ms
   ✓ runtime environment/flag ownership boundary > does not overwrite captured look/flag/environment state or the learning camera when hidden learning receives a saved scene 781ms
   ✓ runtime environment/flag ownership boundary > restores each saved free look on the same three rigs after removing raincoat 555ms
   ✓ runtime environment/flag ownership boundary > restores each saved free look on the same three rigs after removing star-beret 531ms
   ✓ runtime environment/flag ownership boundary > cancels the actual walk and clears live foot marks on learning 1385ms
   ✓ runtime environment/flag ownership boundary > cancels the actual walk and clears live foot marks on exit 1674ms
   ✓ runtime environment/flag ownership boundary > cancels the actual walk and clears live foot marks on selection-change 1618ms
   ✓ runtime environment/flag ownership boundary > does not pass a fresh walk request to the controller while the document is hidden 621ms
   ✓ runtime environment/flag ownership boundary > releases seasonal clones before the world can dispose their source materials 606ms
 ✓ src/domain/user/repository.test.ts (9 tests) 482ms
   ✓ getActiveProfile > deletes all IndexedDB rows owned by a profile and selects the next profile 473ms
 ✓ src/components/island/three/sharedActivityFraming.test.ts (26 tests) 22670ms
   ✓ body identity keeps the actual articulated tail > otter retains tail surfaces in every held pose without borrowing head or arm surfaces 449ms
   ✓ one side view contains the complete shared delivery > 'flower' fits all quarter-turn chair directions and phone/tablet stage shapes 2137ms
   ✓ one side view contains the complete shared delivery > 'star' fits all quarter-turn chair directions and phone/tablet stage shapes 1878ms
   ✓ one side view contains the complete shared delivery > 'bubble' fits all quarter-turn chair directions and phone/tablet stage shapes 2470ms
   ✓ one side view contains the complete shared delivery > scores actual held poses for '624 star spectator' across every phase without touching the live rigs 1453ms
   ✓ one side view contains the complete shared delivery > scores actual held poses for '484 star self-occlusion' across every phase without touching the live rigs 874ms
   ✓ one side view contains the complete shared delivery > scores actual held poses for '484 bubble self-occlusion' across every phase without touching the live rigs 1529ms
   ✓ one side view contains the complete shared delivery > keeps each subject readable in the recorded 0875 'phone star' scene 1004ms
   ✓ one side view contains the complete shared delivery > keeps each subject readable in the recorded 0875 'tablet star' scene 938ms
   ✓ one side view contains the complete shared delivery > keeps each subject readable in the recorded 0875 'phone flower' scene 531ms
   ✓ one side view contains the complete shared delivery > keeps each subject readable in the recorded 0875 'tablet flower' scene 593ms
   ✓ one side view contains the complete shared delivery > keeps each subject readable in the recorded 0875 'phone bubble' scene 568ms
   ✓ one side view contains the complete shared delivery > keeps each subject readable in the recorded 0875 'tablet bubble' scene 372ms
   ✓ one side view contains the complete shared delivery > selects a legal fixed presentation for cdc5 phone without inventing readability 727ms
   ✓ one side view contains the complete shared delivery > selects a legal fixed presentation for cdc5 tablet without inventing readability 669ms
   ✓ one side view contains the complete shared delivery > selects a legal fixed presentation for cdc5 obstructed without inventing readability 2189ms
   ✓ recorded 5d7 subjects cannot borrow visibility from later poses > 'phone-flower' preserves a legal readable presentation 700ms
   ✓ recorded 5d7 subjects cannot borrow visibility from later poses > 'phone-star' preserves a legal readable presentation 367ms
   ✓ recorded 5d7 subjects cannot borrow visibility from later poses > 'phone-bubble' preserves a legal readable presentation 474ms
   ✓ recorded 5d7 subjects cannot borrow visibility from later poses > 'tablet-flower' preserves a legal readable presentation 490ms
   ✓ recorded 5d7 subjects cannot borrow visibility from later poses > 'tablet-star' preserves a legal readable presentation 453ms
   ✓ recorded 5d7 subjects cannot borrow visibility from later poses > 'tablet-bubble' preserves a legal readable presentation 682ms
   ✓ recorded 5d7 subjects cannot borrow visibility from later poses > 'tablet-fox-flower' preserves a legal readable presentation 911ms
 ✓ src/domain/explore/__tests__/problemAdapter.test.ts (38 tests) 51ms
 ✓ src/domain/explore/__tests__/learningPlanner.test.ts (8 tests) 365ms
 ✓ src/domain/island/learningSession.test.ts (10 tests) 588ms
 ✓ src/domain/explore/__tests__/g0NumberSuika.test.ts (32 tests) 43ms
 ✓ src/components/island/three/sharedActivityController.test.ts (20 tests) 2221ms
 ✓ src/hooks/learningProgression.integration.test.ts (12 tests) 7859ms
   ✓ learning progression from real generated questions > preserves legacy next range practice evidence without auto promotion 7395ms
 ✓ src/domain/growingIsland/repository.test.ts (13 tests) 1307ms
   ✓ growing island persistence > copies a well-used current island: every item, the land, the drops and the friends 1036ms
 ✓ src/components/island/useIslandExpression.test.ts (9 tests) 168ms
 ✓ src/components/explore/ExploreProblemPanel.test.tsx (16 tests) 66ms
 ✓ src/domain/test/printability.test.ts (22 tests) 16ms
 ✓ src/domain/island/customizationAppearanceRepository.test.ts (8 tests) 233ms
 ✓ src/domain/growingIsland/rules.test.ts (24 tests) 63ms
 ✓ src/components/island/three/sharedDisplayFraming.test.ts (11 tests) 5922ms
   ✓ shared photo actual scene sightlines > clears the photographed tree at (.20, -.60), π/2 on 'phone' without hiding or relocating it 887ms
   ✓ shared photo actual scene sightlines > clears the photographed tree at (.20, -.60), π/2 on 'tablet' without hiding or relocating it 796ms
   ✓ shared photo actual scene sightlines > keeps every actual saved work part readable at aspect 1.1016949152542372 1100ms
   ✓ shared photo actual scene sightlines > keeps every actual saved work part readable at aspect 1.786046511627907 988ms
   ✓ shared photo actual scene sightlines > uses transformed world geometry and caches a stable near view without repeating rays 610ms
   ✓ shared photo actual scene sightlines > responds to a real resident entering the chosen sightline and keeps that view when it clears 869ms
   ✓ shared photo actual scene sightlines > ignores invisible and fully transparent meshes, but reports an opaque enclosure as unreadable 582ms
 ✓ src/domain/explore/__tests__/g0Whitebox.test.ts (13 tests) 12ms
 ✓ src/components/island/learningMusic.test.ts (15 tests) 1300ms
   ✓ the score and input share a chord and pulse clock > renders finite, audible, seam-free layers and bounded quiet cues at 44100 Hz 344ms
   ✓ the score and input share a chord and pulse clock > renders finite, audible, seam-free layers and bounded quiet cues at 48000 Hz 342ms
 ✓ src/domain/islandLife/discoveryJournal.test.ts (14 tests) 112ms
 ✓ src/components/island/three/sharedDisplayFrameBoundary.test.ts (5 tests) 5507ms
   ✓ shared job completion releases the display camera > uses the same job candidate for capture, clears it on learning/hidden and returns to the unchanged static display selector 914ms
   ✓ shared job completion releases the display camera > keeps pending work and clears the actual work parts only after commit and settle at 390px (commit first=false) 1417ms
   ✓ shared job completion releases the display camera > keeps pending work and clears the actual work parts only after commit and settle at 390px (commit first=true) 845ms
   ✓ shared job completion releases the display camera > keeps pending work and clears the actual work parts only after commit and settle at 768px (commit first=false) 1255ms
   ✓ shared job completion releases the display camera > keeps pending work and clears the actual work parts only after commit and settle at 768px (commit first=true) 1075ms
 ✓ src/components/island/three/connectedTerrain.test.ts (10 tests) 27386ms
   ✓ connected terrain exterior > returns finite immutable matching rings and caches only plain coordinates 358ms
   ✓ connected terrain exterior > supports every old ellipse and candidate connector on one y=0 cap at level 1 553ms
   ✓ connected terrain exterior > supports every old ellipse and candidate connector on one y=0 cap at level 2 1537ms
   ✓ connected terrain exterior > fills only the nested external layer bands and leaves no shore through the connecting floor 1306ms
   ✓ connected terrain exterior > proves band nesting at every linear breakpoint and actual surface support between the boundaries 2195ms
   ✓ connected terrain exterior > keeps world UVs, slot material identity and borrowed textures across every existing style 20967ms
 ✓ src/components/island/three/runtimeFurnitureClearance.test.ts (5 tests) 12785ms
   ✓ runtime trial preparation waits for actual saved-furniture clearance > keeps the recorded rabbit walking, then resolves and uses the same choice from the real endpoint 2822ms
   ✓ runtime trial preparation waits for actual saved-furniture clearance > starts newly required clearance before trial preparation on the same runtime update 991ms
   ✓ runtime trial preparation waits for actual saved-furniture clearance > discards the old waiting iterator on learning without moving the rabbit to finish 1369ms
   ✓ runtime trial preparation waits for actual saved-furniture clearance > discards the old waiting iterator on exit without moving the rabbit to finish 931ms
   ✓ runtime trial preparation waits for actual saved-furniture clearance > discards the old waiting iterator on reselection without moving the rabbit to finish 6672ms
 ✓ src/components/island/three/cosmeticScenery.test.ts (19 tests) 29190ms
   ✓ owned cosmetic scenery > leaves the moon-garden legacy scene geometry and rooted tree exactly as authored 1373ms
   ✓ owned cosmetic scenery > leaves the starry legacy scene geometry and rooted tree exactly as authored 984ms
   ✓ owned cosmetic scenery > leaves the candy legacy scene geometry and rooted tree exactly as authored 1234ms
   ✓ owned cosmetic scenery > leaves the crystal legacy scene geometry and rooted tree exactly as authored 1103ms
   ✓ owned cosmetic scenery > changes real canopy silhouettes and house geometry, beyond recoloring 1357ms
   ✓ owned cosmetic scenery > moon-garden preserves true ground, light anchors and growth through every accent 3133ms
   ✓ owned cosmetic scenery > starry preserves true ground, light anchors and growth through every accent 2680ms
   ✓ owned cosmetic scenery > candy preserves true ground, light anchors and growth through every accent 2499ms
   ✓ owned cosmetic scenery > crystal preserves true ground, light anchors and growth through every accent 2407ms
   ✓ owned cosmetic scenery > keeps crystal shore silhouettes clear of all land, bridge, resident and furniture footprints after expansion 702ms
   ✓ owned cosmetic scenery > disposes each owned geometry, material and texture once without touching resident materials 6877ms
   ✓ owned cosmetic scenery > fits 'moon-garden' theme at grown=false in the same home camera on phone and tablet 574ms
   ✓ owned cosmetic scenery > fits 'moon-garden' theme at grown=true in the same home camera on phone and tablet 703ms
   ✓ owned cosmetic scenery > fits 'starry' theme at grown=false in the same home camera on phone and tablet 427ms
   ✓ owned cosmetic scenery > fits 'starry' theme at grown=true in the same home camera on phone and tablet 885ms
   ✓ owned cosmetic scenery > fits 'candy' theme at grown=false in the same home camera on phone and tablet 478ms
   ✓ owned cosmetic scenery > fits 'candy' theme at grown=true in the same home camera on phone and tablet 793ms
   ✓ owned cosmetic scenery > fits 'crystal' theme at grown=false in the same home camera on phone and tablet 342ms
   ✓ owned cosmetic scenery > fits 'crystal' theme at grown=true in the same home camera on phone and tablet 641ms
 ✓ src/domain/learning/evidence.test.ts (16 tests) 63ms
 ✓ src/components/island/three/natureObservationFrame.test.ts (22 tests) 41937ms
   ✓ explicit nature observation framing > rejects qualified-03/06 saved phone cameras and a visible but subpixel frontal face (reduced=false) 3525ms
   ✓ explicit nature observation framing > rejects qualified-03/06 saved phone cameras and a visible but subpixel frontal face (reduced=true) 2997ms
   ✓ explicit nature observation framing > separates butterfly in the actual qualified-03 layout from the unchanged rabbit throughout its flight (1.0103626943005182/false) 2074ms
   ✓ explicit nature observation framing > separates butterfly in the actual qualified-03 layout from the unchanged rabbit throughout its flight (1.0103626943005182/true) 1676ms
   ✓ explicit nature observation framing > separates butterfly in the actual qualified-03 layout from the unchanged rabbit throughout its flight (1.6340425531914893/false) 1555ms
   ✓ explicit nature observation framing > separates butterfly in the actual qualified-03 layout from the unchanged rabbit throughout its flight (1.6340425531914893/true) 1075ms
   ✓ explicit nature observation framing > separates ribbon-butterfly in the actual qualified-03 layout from the unchanged rabbit throughout its flight (1.0103626943005182/false) 1305ms
   ✓ explicit nature observation framing > separates ribbon-butterfly in the actual qualified-03 layout from the unchanged rabbit throughout its flight (1.0103626943005182/true) 1461ms
   ✓ explicit nature observation framing > separates ribbon-butterfly in the actual qualified-03 layout from the unchanged rabbit throughout its flight (1.6340425531914893/false) 1434ms
   ✓ explicit nature observation framing > separates ribbon-butterfly in the actual qualified-03 layout from the unchanged rabbit throughout its flight (1.6340425531914893/true) 1167ms
   ✓ explicit nature observation framing > holds a butterfly covered in every candidate and recovers without moving its host or residents 1930ms
   ✓ explicit nature observation framing > shows the actual eyes and beak at the rotated mushroom from qualified-03/06 without moving any model (reduced=false) 4290ms
   ✓ explicit nature observation framing > shows the actual eyes and beak at the rotated mushroom from qualified-03/06 without moving any model (reduced=true) 4006ms
   ✓ explicit nature observation framing > keeps a landed or hovering bird readable at host yaw 0 in a single fixed observation camera 787ms
   ✓ explicit nature observation framing > keeps a landed or hovering bird readable at host yaw 1.5707963267948966 in a single fixed observation camera 701ms
   ✓ explicit nature observation framing > keeps a landed or hovering bird readable at host yaw 3.141592653589793 in a single fixed observation camera 995ms
   ✓ explicit nature observation framing > keeps a landed or hovering bird readable at host yaw -2.356194490192345 in a single fixed observation camera 1155ms
   ✓ explicit nature observation framing > chooses another front angle when real foreground geometry covers the face and never declares a covered face readable 9797ms
 ✓ src/domain/island/appearance.test.ts (12 tests) 308ms
 ✓ src/domain/island/experience.test.ts (19 tests) 23ms
 ✓ src/domain/island/progressiveSupport.test.ts (13 tests) 489ms
 ✓ src/domain/island/growth.test.ts (11 tests) 36ms
 ✓ src/components/island/three/treeCanopyGeometry.test.ts (10 tests) 831ms
 ✓ src/domain/math/numberSenseProgress.test.ts (32 tests) 9ms
 ✓ src/components/island/IslandLearningKeepsakes.test.tsx (15 tests) 184ms
 ✓ src/components/island/three/appearanceRendering.test.ts (11 tests) 18545ms
   ✓ independently equipped actual island surfaces > maps the biscuit surface onto unchanged level land and retires its shared texture once 1243ms
   ✓ independently equipped actual island surfaces > starry changes each actual slot while retaining every other slot and rooted identity 1929ms
   ✓ independently equipped actual island surfaces > candy changes each actual slot while retaining every other slot and rooted identity 2409ms
   ✓ independently equipped actual island surfaces > crystal changes each actual slot while retaining every other slot and rooted identity 2857ms
   ✓ independently equipped actual island surfaces > resolves the same explicit mix independently of legacy theme history, including accents 2206ms
   ✓ independently equipped actual island surfaces > keeps actual level ground and both bridge decks through three full looks and old restoration 3652ms
   ✓ independently equipped actual island surfaces > only retires changed-slot resources and disposes each visible owned resource once 760ms
   ✓ independently equipped actual island surfaces > distinguishes hidden expanded bridge meshes from currently visible geometry 796ms
   ✓ independently equipped actual island surfaces > starry fits its actual distant silhouettes in the chosen overview at each land stage 822ms
   ✓ independently equipped actual island surfaces > candy fits its actual distant silhouettes in the chosen overview at each land stage 1081ms
   ✓ independently equipped actual island surfaces > crystal fits its actual distant silhouettes in the chosen overview at each land stage 787ms
 ✓ src/components/island/useIslandLearningKeepsakes.test.ts (11 tests) 269ms
 ✓ src/components/island/three/roofSurface.test.ts (6 tests) 2362ms
   ✓ default roof material prototype > keeps opaque, deterministic broad colors continuous across both texture edges 427ms
   ✓ default roof material prototype > delivers the mapped face and all four seams through the actual scenery builder without leaking into other styles 1401ms
   ✓ default roof material prototype > restores an actual placement clone before retiring the roof pool on an explicit-style switch 513ms
 ✓ src/components/island/three/grassSurface.test.ts (9 tests) 937ms
   ✓ default mint lawn bump surface > keeps the visible cap texture and retires it once on purchase, restore and exit 601ms
 ✓ src/components/island/islandWorkshopAudio.test.ts (12 tests) 143ms
 ✓ src/domain/learningRepository.test.ts (15 tests) 24ms
 ✓ src/domain/island/rewardGoal.test.ts (13 tests) 39ms
 ✓ src/domain/math/writtenArithmetic.test.ts (38 tests) 117ms
 ✓ src/components/island/three/personalScenery.test.ts (11 tests) 2141ms
   ✓ house-mounted personal identity > moon-garden leaves the actual nameplate and roof flag visible from the home camera direction 612ms
   ✓ house-mounted personal identity > starry leaves the actual nameplate and roof flag visible from the home camera direction 495ms
   ✓ house-mounted personal identity > candy leaves the actual nameplate and roof flag visible from the home camera direction 484ms
   ✓ house-mounted personal identity > crystal leaves the actual nameplate and roof flag visible from the home camera direction 451ms
 ✓ tools/island-expression-audio-focused-audit.test.mjs (12 tests) 32ms
 ✓ src/domain/islandLife/relationObservation.test.ts (13 tests) 175ms
 ✓ src/domain/islandLife/repository.test.ts (10 tests) 2366ms
   ✓ independent life persistence > never awards a diagnostic time jump twice and recovers from backward clock 942ms
   ✓ independent life persistence > keeps one food cutover and the harvested inventory through a reload 322ms
   ✓ independent life persistence > persists channel receipts and reroutes water after storing and replacing a segment 732ms
 ✓ src/components/island/three/workshopPresentation.test.ts (14 tests) 1193ms
 ✓ src/domain/user/onboarding.test.ts (20 tests) 1486ms
 ✓ src/components/island/three/natureVisuals.test.ts (8 tests) 228ms
 ✓ src/components/island/three/optionalFurnitureController.test.ts (37 tests) 12660ms
   ✓ optional tools use the actual bodies and bounded furniture > telescope uses selected otter with visible actual contacts 339ms
   ✓ optional tools use the actual bodies and bounded furniture > telescope uses selected rabbit with visible actual contacts 317ms
   ✓ optional tools use the actual bodies and bounded furniture > hammock uses selected otter with visible actual contacts 446ms
   ✓ optional tools use the actual bodies and bounded furniture > tea-table uses selected otter with visible actual contacts 598ms
   ✓ optional tools use the actual bodies and bounded furniture > tea-table uses selected rabbit with visible actual contacts 560ms
   ✓ optional tools use the actual bodies and bounded furniture > tea-table uses selected fox with visible actual contacts 634ms
   ✓ optional tools use the actual bodies and bounded furniture > telescope keeps contact and real framing at rotation 4.71238898038469 in both motion modes 310ms
   ✓ optional tools use the actual bodies and bounded furniture > hammock keeps contact and real framing at rotation 1.5707963267948966 in both motion modes 325ms
   ✓ optional tools use the actual bodies and bounded furniture > tea-table keeps contact and real framing at rotation 1.5707963267948966 in both motion modes 489ms
   ✓ optional tools use the actual bodies and bounded furniture > tea-table keeps contact and real framing at rotation 3.141592653589793 in both motion modes 349ms
   ✓ optional tools use the actual bodies and bounded furniture > tea-table keeps contact and real framing at rotation 4.71238898038469 in both motion modes 456ms
   ✓ optional tools use the actual bodies and bounded furniture > tea passes one real cup from otter to rabbit with both hands touching 454ms
   ✓ optional tools use the actual bodies and bounded furniture > tea passes one real cup from otter to fox with both hands touching 513ms
   ✓ optional tools use the actual bodies and bounded furniture > tea passes one real cup from rabbit to otter with both hands touching 471ms
   ✓ optional tools use the actual bodies and bounded furniture > tea passes one real cup from rabbit to fox with both hands touching 518ms
   ✓ optional tools use the actual bodies and bounded furniture > tea passes one real cup from fox to otter with both hands touching 574ms
   ✓ optional tools use the actual bodies and bounded furniture > tea passes one real cup from fox to rabbit with both hands touching 576ms
   ✓ optional tools use the actual bodies and bounded furniture > routes the actual fox tail around an independent obstacle and the stationary residents 1015ms
 ✓ src/domain/island/learningKeepsakes.test.ts (32 tests) 14ms
 ✓ src/components/island/three/furnitureClearanceController.test.ts (9 tests) 1473ms
   ✓ saved furniture clearance runs physical moves in sequence > contains the whole current bodies and every future route before the second resident starts 691ms
 ✓ src/components/challenge/useChallengeSession.test.tsx (9 tests) 477ms
 ✓ src/domain/island/learningObservation.test.ts (19 tests) 10ms
 ✓ src/components/island/three/flagFraming.test.ts (7 tests) 8163ms
   ✓ inspection of the actual island flag > keeps identity and trim in front of actual mature house shapes for legacy and independent styles 8093ms
 ✓ src/components/island/life/runtimeAssets.test.ts (11 tests) 298ms
 ✓ src/components/island/useIslandRewardGoal.test.ts (11 tests) 249ms
 ✓ src/domain/island/sceneStyle.test.ts (6 tests) 20ms
 ✓ src/domain/explore/__tests__/g0ChainShot.test.ts (12 tests) 4ms
 ✓ src/domain/learning/unitPlanning.integration.test.ts (14 tests) 462ms
 ✓ src/components/island/three/residentTail.test.ts (4 tests) 1493ms
   ✓ the same actual tail has a reversible sitting joint > otter: original standing shape, clear backboards and standing borrowed pose 511ms
   ✓ the same actual tail has a reversible sitting joint > keeps the recorded star handoff visible past the real fox tail in every shared phase 854ms
 ✓ src/components/island/useIslandFurniture.test.ts (10 tests) 242ms
 ✓ src/domain/islandLife/relationSelection.test.ts (11 tests) 125ms
 ✓ src/components/island/three/runtimePhotography.test.ts (13 tests) 5826ms
   ✓ current-scene photography boundary > renders before encoding without resetting the current actor or camera 561ms
   ✓ current-scene photography boundary > photographs a real house keepsake in the existing island scene at 390×354 483ms
   ✓ current-scene photography boundary > photographs a real house keepsake in the existing island scene at 768×430 424ms
   ✓ current-scene photography boundary > cannot render or encode a hidden scene 428ms
   ✓ current-scene photography boundary > cannot render or encode a offscreen scene 380ms
   ✓ current-scene photography boundary > cannot render or encode a learning scene 487ms
   ✓ current-scene photography boundary > cannot render or encode a lost scene 303ms
   ✓ current-scene photography boundary > cannot render or encode a disposed scene 362ms
   ✓ current-scene photography boundary > tracks the actual otter and cap before capture without changing its pose 602ms
   ✓ current-scene photography boundary > tracks the actual rabbit and cap before capture without changing its pose 512ms
   ✓ current-scene photography boundary > tracks the actual fox and cap before capture without changing its pose 376ms
   ✓ display photo uses the actual scene before encoding > checks live tree occlusion before a 390×354 capture 424ms
   ✓ display photo uses the actual scene before encoding > checks live tree occlusion before a 768×430 capture 483ms
 ✓ src/domain/challenge/repository.test.ts (14 tests) 696ms
 ✓ src/components/island/life/IslandLife.startup.test.tsx (4 tests) 64ms
 ✓ src/components/island/three/sharedActivityVisuals.test.ts (12 tests) 94ms
 ✓ src/components/island/life/useIslandLife.test.ts (12 tests) 830ms
 ✓ src/components/island/islandAmbienceAudio.test.ts (11 tests) 141ms
 ✓ src/components/island/useIslandMilestoneNotice.test.ts (15 tests) 10ms
 ✓ src/components/island/three/sharedJobFraming.test.ts (6 tests) 34730ms
   ✓ actual shared job sightlines > replaces the recorded back view with both actual paws and the same held object at aspect 1.3066202090592334 6552ms
   ✓ actual shared job sightlines > replaces the recorded back view with both actual paws and the same held object at aspect 1.786046511627907 8164ms
   ✓ actual shared job sightlines > improves the lamp view and exposes actual receiver triangles without hiding residual occlusion at aspect 1.3066202090592334 7591ms
   ✓ actual shared job sightlines > improves the lamp view and exposes actual receiver triangles without hiding residual occlusion at aspect 1.786046511627907 7130ms
   ✓ actual shared job sightlines > retains its selected contact angle through moving bounds without full searches or GPU allocations 3259ms
   ✓ actual shared job sightlines > keeps an unreadable view honest and caps reselection during continuous occlusion 2033ms
 ✓ src/domain/park/writtenArithmeticIntegration.test.ts (25 tests) 255ms
 ✓ src/domain/growingIsland/guidance.test.ts (11 tests) 35ms
 ✓ src/components/island/three/learningKeepsakeScenery.test.ts (5 tests) 593ms
   ✓ a finite room for actual learning keepsakes > physically supports thirteen separate trophies and wall-mounts three papers within a bounded static room 428ms
 ✓ src/domain/explore/__tests__/learningSegment.test.ts (20 tests) 8ms
 ✓ src/components/island/three/optionalFurnitureFraming.test.ts (6 tests) 6252ms
   ✓ optional tool close views keep the physical cause visible > keeps the same tea cup and tabletop visible through quaternion-restored handoff at 1.3202856387199153 506ms
   ✓ optional tool close views keep the physical cause visible > keeps the same tea cup and tabletop visible through quaternion-restored handoff at 2.1429131970179185 370ms
   ✓ optional tool close views keep the physical cause visible > frames the real hammock cloth past the house roof at 1.3220338983050848 2470ms
   ✓ optional tool close views keep the physical cause visible > frames the real hammock cloth past the house roof at 2.0210526315789474 1921ms
   ✓ optional tool close views keep the physical cause visible > keeps the same front-facing selection through a walk and restores every actual pose after camera inspection 983ms
 ✓ src/domain/finishTestRepository.test.ts (8 tests) 1241ms
 ✓ src/domain/levelProgression.test.ts (10 tests) 387ms
 ✓ src/domain/learning/pilotRepository.test.ts (7 tests) 186ms
 ✓ src/components/island/three/optionalFurnitureRuntime.test.ts (8 tests) 1243ms
 ✓ src/domain/explore/__tests__/wagerRun.test.ts (19 tests) 5ms
 ✓ src/domain/islandLife/facilityTrips.test.ts (10 tests) 146ms
 ✓ src/domain/math/studyPresentation.test.ts (15 tests) 16ms
 ✓ src/components/island/three/sceneFraming.test.ts (15 tests) 3350ms
   ✓ frozen learning frame after free play > contains earned shores in matching album cameras and the home view at 390×190, chapter +0 341ms
   ✓ frozen learning frame after free play > contains earned shores in matching album cameras and the home view at 390×190, chapter 1 312ms
   ✓ frozen learning frame after free play > contains earned shores in matching album cameras and the home view at 390×190, chapter 2 424ms
   ✓ frozen learning frame after free play > contains earned shores in matching album cameras and the home view at 390×190, chapter undefined 446ms
   ✓ frozen learning frame after free play > contains earned shores in matching album cameras and the home view at 768×400, chapter 2 344ms
   ✓ frozen learning frame after free play > contains earned shores in matching album cameras and the home view at 768×400, chapter undefined 411ms
 ✓ src/components/island/three/residentOutfit.test.ts (13 tests) 988ms
   ✓ optional attached resident outfits > otter preserves every original mesh, body proportion, fixed scarf and hand/seat/foot anchor through all appearances 376ms
 ✓ src/domain/island/furniture.test.ts (11 tests) 15ms
 ✓ src/components/island/three/furniture.test.ts (17 tests) 308ms
 ✓ src/hooks/blockGenerators.progression.test.ts (13 tests) 32ms
 ✓ src/components/island/three/cameraPanFraming.test.ts (12 tests) 1313ms
   ✓ real normal-island runtime framing > keeps the new central floor in the actual pan regions and reachable at 390×380 422ms
 ✓ src/domain/explore/__tests__/observation.test.ts (11 tests) 5ms
 ✓ src/components/island/IslandLearningSupport.test.tsx (18 tests) 96ms
 ✓ src/domain/natureTown/simulation.test.ts (14 tests) 4445ms
   ✓ Nature Town deterministic simulation > SIM-06/07/11 conserves all food for 20 active minutes and deterministic save continuation 3733ms
   ✓ Nature Town deterministic simulation > SIM-10 protects carried food when destination is moved 433ms
 ✓ src/components/island/three/workshopResidentFraming.test.ts (8 tests) 625ms
 ✓ src/domain/natureTown/acceptanceGrowthRandom.test.ts (6 tests) 1056ms
   ✓ NT-3 growth and random boundaries (diagnostic fixtures) > RNG-05/07 evaluates once per interval despite repainting, failures, weather and full visitor slots 572ms
   ✓ NT-3 growth and random boundaries (diagnostic fixtures) > RNG-08 keeps world outcomes identical with different earned learning rights 404ms
 ✓ tools/current-ui-entry-guard.test.mjs (18 tests) 8ms
 ✓ src/components/island/three/terrainProfile.test.ts (9 tests) 942ms
   ✓ shore garden terrain keeps saved physical land > keeps western physical bridge/props identical while its terrain is not an eastern mirror 347ms
 ✓ src/components/island/IslandCustomization.test.tsx (9 tests) 66ms
 ✓ src/domain/growingIsland/guidance.repository.test.ts (6 tests) 86ms
 ✓ src/components/island/three/optionalFurnitureTrial.test.ts (8 tests) 63659ms
   ✓ borrowed tools choose an actually usable legal trial location > rechecks the chosen resident using the same borrowed model and retains a usable position on reselection 1256ms
   ✓ borrowed tools choose an actually usable legal trial location > uses the new connecting floor for the formerly blocked furniture-03 hammock without moving saved furniture 2768ms
   ✓ borrowed tools choose an actually usable legal trial location > keeps the furniture-02 narrow passage blocked for the actual body, then accepts only a child-requested usable preview 11330ms
   ✓ borrowed tools choose an actually usable legal trial location > drops an old explicit search on movement, lifecycle pause and foreground resume 421ms
   ✓ borrowed tools choose an actually usable legal trial location > telescope preflights every selected resident then retains the same real model through sequential trials 10845ms
   ✓ borrowed tools choose an actually usable legal trial location > hammock preflights every selected resident then retains the same real model through sequential trials 6507ms
   ✓ borrowed tools choose an actually usable legal trial location > tea-table preflights every selected resident then retains the same real model through sequential trials 30325ms
 ✓ src/components/island/three/furnitureClearance.test.ts (9 tests) 401ms
   ✓ saved furniture gives standing residents room to step aside > is deterministic and leaves an enclosed resident blocked without moving its saved furniture 359ms
 ✓ src/domain/growingIsland/friends.test.ts (10 tests) 174ms
 ✓ src/domain/island/subjectSelection.test.ts (10 tests) 28ms
 ✓ src/components/island/three/islandCameraControls.test.ts (11 tests) 8ms
 ✓ src/domain/natureTown/acceptanceSimulation.test.ts (6 tests) 223ms
 ✓ src/components/explore/DiscoveryReveal.test.ts (7 tests) 60ms
 ✓ tools/island-expression-visual-matrix-audit.test.mjs (7 tests) 51ms
 ✓ src/components/island/three/westNavigation.test.ts (10 tests) 78ms
 ✓ src/domain/islandLife/activities.test.ts (7 tests) 338ms
 ✓ src/domain/islandLife/foodLoop.test.ts (10 tests) 16ms
 ✓ src/domain/island/subjectPreference.test.ts (5 tests) 522ms
 ✓ src/domain/english/planner.test.ts (14 tests) 11ms
 ✓ src/components/island/useIslandLearningObservation.test.ts (10 tests) 6ms
 ✓ src/domain/growingIsland/balance.test.ts (8 tests) 46ms
 ✓ src/domain/islandLife/residency.test.ts (7 tests) 507ms
   ✓ renders an otter-first island with the correct rig and hidden uninvited rabbit 344ms
 ✓ tools/island-reward-goal-audit.test.mjs (9 tests) 22ms
 ✓ src/domain/explore/__tests__/runCheckpoint.test.ts (7 tests) 3ms
 ✓ src/domain/learning/mathCatalog.test.ts (6 tests) 49ms
 ✓ src/pwa.test.ts (12 tests) 50ms
 ✓ src/domain/islandLife/simulation.test.ts (11 tests) 413ms
stdout | src/domain/islandLife/commandPerformance.test.ts > reuses a storage command after a day of history and persists the cold-replay state
store warm command + replay ms 13.287916999999993
store cold replay ms 535.565875

 ✓ src/pwaUpdateUtils.test.ts (43 tests) 7ms
 ✓ src/domain/math/foundations.test.ts (14 tests) 151ms
 ✓ src/domain/test/trigger.test.ts (8 tests) 7ms
 ✓ src/pages/Explore.test.ts (9 tests) 3ms
 ✓ src/domain/islandLife/commandPerformance.test.ts (20 tests) 1687ms
   ✓ reuses a storage command after a day of history and persists the cold-replay state 1240ms
 ✓ src/components/island/three/sharedActivityOcclusion.test.ts (9 tests) 6ms
 ✓ src/components/island/three/worldPalette.test.ts (4 tests) 120ms
 ✓ src/components/island/learningActor/motion.test.ts (6 tests) 374ms
 ✓ src/domain/island/experienceAppearance.test.ts (5 tests) 13ms
 ✓ src/domain/math/contentIntegrity.test.ts (21 tests) 233ms
 ✓ src/domain/battle/engine.test.ts (11 tests) 19ms
 ✓ src/domain/finishTest.test.ts (15 tests) 56ms
 ✓ src/components/island/IslandAlbum.test.tsx (4 tests) 33ms
 ✓ src/components/island/three/geometry.test.ts (8 tests) 1493ms
   ✓ island sculpted geometry > keeps the static scenery and tree within a bounded mesh and triangle budget 1349ms
 ✓ src/domain/test/paperTestRepository.test.ts (6 tests) 136ms
 ✓ src/components/island/islandAlbumPresentation.test.tsx (4 tests) 68ms
 ✓ src/components/island/three/expressionEnvironment.test.ts (7 tests) 15540ms
   ✓ reversible expression environment on the existing world > moon-garden preserves geometry, growth, ground hits and all original material references through every period/season 3671ms
   ✓ reversible expression environment on the existing world > starry preserves geometry, growth, ground hits and all original material references through every period/season 3621ms
   ✓ reversible expression environment on the existing world > candy preserves geometry, growth, ground hits and all original material references through every period/season 4125ms
   ✓ reversible expression environment on the existing world > crystal preserves geometry, growth, ground hits and all original material references through every period/season 3236ms
   ✓ reversible expression environment on the existing world > reuses same-selection resources, disposes retired clones once, and restores the newest theme after growth/material regeneration 885ms
 ✓ src/components/island/life/facilityRelations.test.ts (6 tests) 1319ms
   ✓ presented facility relations > stands back for care beside an ordinary flower visitor while old snapshots retain the sniff distance 670ms
 ✓ src/components/island/life/encounterObservation.test.ts (5 tests) 1483ms
   ✓ requires actual ordinary presentation and explicit input, and coalesces repeated input 407ms
   ✓ preserves the gesture across a same-layout mesh rebuild without counting the GPU gap as visible time 408ms
 ✓ src/components/island/life/residentShadow.test.ts (6 tests) 667ms
 ✓ src/domain/finishCoverage.test.ts (6 tests) 47ms
 ✓ src/components/island/life/worldShadowPresentation.test.ts (4 tests) 509ms
   ✓ predicts a tiny shadow needs the close view without recording or leaving its preview gesture behind 317ms
 ✓ src/domain/finishRecovery.test.ts (6 tests) 11ms
 ✓ src/components/island/islandPhotoCapture.test.ts (11 tests) 16ms
 ✓ src/components/island/IslandExpression.test.tsx (5 tests) 47ms
 ✓ src/components/explore/ExplorePathChoice.test.tsx (5 tests) 21ms
 ✓ src/components/island/life/residentMotion.test.ts (5 tests) 880ms
 ✓ src/components/island/tutorial/useIslandTutorial.test.ts (6 tests) 6ms
 ✓ src/components/island/IslandRewardGoal.test.tsx (7 tests) 33ms
 ✓ src/domain/explore/__tests__/discoveryPage.test.ts (9 tests) 6ms
 ✓ src/domain/islandLife/economyMigration.test.ts (7 tests) 227ms
 ✓ src/components/explore/rootPullPresentation.test.ts (10 tests) 5ms
 ✓ src/domain/islandLife/diagonalMigration.test.ts (4 tests) 275ms
 ✓ src/domain/islandLife/landRules.test.ts (6 tests) 159ms
 ✓ src/domain/learning/unitPractice.test.ts (7 tests) 19ms
 ✓ src/components/island/IslandGrowth.test.tsx (6 tests) 25ms
 ✓ src/domain/challenge/engine.test.ts (17 tests) 3184ms
   ✓ challenge source v1 > covers all 45 ordered pairs, balances each block, exhausts bags, and avoids repeated/reversed neighbors 3176ms
 ✓ src/components/island/three/homeInteriorCamera.test.ts (16 tests) 54231ms
   ✓ a perspective camera inside the same closed house > places the real room floor above the unchanged exterior foundation at aspect 1.3220338983050848 582ms
   ✓ a perspective camera inside the same closed house > places the real room floor above the unchanged exterior foundation at aspect 2.0210526315789474 422ms
   ✓ a perspective camera inside the same closed house > encloses the viewport, shows living objects and all sixteen awards at 390×295, actual cottage=false 11995ms
   ✓ a perspective camera inside the same closed house > encloses the viewport, shows living objects and all sixteen awards at 768×380, actual cottage=false 15529ms
   ✓ a perspective camera inside the same closed house > encloses the viewport, shows living objects and all sixteen awards at 390×295, actual cottage=true 12096ms
   ✓ a perspective camera inside the same closed house > encloses the viewport, shows living objects and all sixteen awards at 768×380, actual cottage=true 12194ms
   ✓ a perspective camera inside the same closed house > keeps the whole walking resident on screen at the portrait edges and restores the close view 1038ms
 ✓ src/domain/math/generators/advanced.test.ts (10 tests) 21ms
 ✓ src/domain/islandLife/economyRepository.test.ts (5 tests) 571ms
 ✓ src/components/island/IslandHomeActions.test.tsx (6 tests) 60ms
 ✓ src/domain/islandLife/placementUndo.test.ts (6 tests) 134ms
 ✓ src/domain/islandLife/playTours.test.ts (9 tests) 18ms
 ✓ src/components/island/three/appearanceFraming.test.ts (6 tests) 8461ms
   ✓ appearance viewing uses fixed real-target cameras > keeps the entire central tree in frame with the same matrix for every style and maturity at aspect 1.1016949152542372 3630ms
   ✓ appearance viewing uses fixed real-target cameras > keeps the entire central tree in frame with the same matrix for every style and maturity at aspect 1.786046511627907 3171ms
   ✓ appearance viewing uses fixed real-target cameras > wall, roof and window use one fixed house view without hiding a resident, furniture or display 1614ms
 ✓ src/domain/island/pacing.test.ts (5 tests) 9ms
 ✓ src/components/island/three/placementOcclusion.test.ts (8 tests) 841ms
 ✓ src/components/island/three/homeViewFraming.test.ts (16 tests) 7612ms
   ✓ layout-owned close phone home > enlarges nearby life while retaining both residents and the house, without entering manual camera mode 820ms
   ✓ layout-owned close phone home > keeps the first deliberate zoom continuous relative to the closer base frame 375ms
   ✓ layout-owned close phone home > leaves the existing 768x900 framing unchanged 587ms
   ✓ layout-owned close phone home > leaves the existing 1024x600 framing unchanged 423ms
   ✓ layout-owned close phone home > leaves the existing 390x330 framing unchanged 501ms
   ✓ layout-owned close phone home > does not alter the dedicated or overview frame: {"districtFocus":"all"} 477ms
   ✓ layout-owned close phone home > does not alter the dedicated or overview frame: {"districtFocus":"east"} 442ms
   ✓ layout-owned close phone home > does not alter the dedicated or overview frame: {"districtFocus":"west"} 422ms
   ✓ layout-owned close phone home > does not alter the dedicated or overview frame: {"photographing":true} 500ms
   ✓ layout-owned close phone home > does not alter the dedicated or overview frame: {"readOnly":true} 378ms
   ✓ layout-owned close phone home > does not alter the dedicated or overview frame: {"readOnly":true,"comparisonHabitat":"garden"} 476ms
   ✓ layout-owned close phone home > does not alter the dedicated or overview frame: {"learning":true} 451ms
   ✓ layout-owned close phone home > does not alter the dedicated or overview frame: {"preview":{"id":"move","kind":"flower","position":{"x":0,"z":1},"rotation":0}} 428ms
   ✓ layout-owned close phone home > does not alter the dedicated or overview frame: {"playRequest":{"id":"replay","itemId":"flower"}} 499ms
   ✓ layout-owned close phone home > returns from the whole-island view to the same close home frame 424ms
   ✓ layout-owned close phone home > lets an automatic shared activity keep its authored camera with manual mode still off 407ms
 ✓ src/domain/islandLife/placementMigration.test.ts (4 tests) 96ms
 ✓ src/components/island/three/expressionFootTrails.test.ts (3 tests) 375ms
 ✓ src/domain/islandLife/cadence.test.ts (8 tests) 229ms
 ✓ src/components/explore/PaintedEncounterLineage.test.tsx (5 tests) 31ms
 ✓ src/components/island/life/readingObservation.test.ts (5 tests) 1435ms
   ✓ requires ordinary R5 presentation and both visible book orientations 324ms
   ✓ cancels when the real reader leaves or its layout changes 343ms
   ✓ keeps the orientation through a mesh rebuild without crediting an unseen gap 377ms
 ✓ src/domain/explore/__tests__/encounters.test.ts (7 tests) 4ms
 ✓ src/components/island/IslandExpressionFlag.test.tsx (2 tests) 14ms
 ✓ src/components/domain/PrintableTestPreview.test.tsx (6 tests) 39ms
 ✓ src/domain/explore/__tests__/rapidLoop.test.ts (6 tests) 5ms
 ✓ src/domain/islandLife/decorations.test.ts (4 tests) 124ms
 ✓ src/components/island/three/expressionResidentVisuals.test.ts (12 tests) 2759ms
   ✓ expressions stay attached to the original residents > tea-table preserves otter real contacts in raincoat and beret 327ms
   ✓ expressions stay attached to the original residents > tea-table preserves rabbit real contacts in raincoat and beret 353ms
   ✓ expressions stay attached to the original residents > tea-table preserves fox real contacts in raincoat and beret 440ms
 ✓ src/domain/explore/__tests__/rapidLoopEligibility.test.ts (27 tests) 6ms
 ✓ src/domain/islandLife/heroVisit.test.ts (5 tests) 143ms
 ✓ src/components/island/islandDiscoveryGuide.test.ts (8 tests) 10ms
 ✓ src/domain/learning/context.test.ts (6 tests) 19ms
 ✓ src/components/island/life/relationGaze.test.ts (9 tests) 2072ms
   ✓ same-seat R1/R3 gaze > turns pokomoko toward a young plant without moving its seat contact 394ms
   ✓ same-seat R1/R3 gaze > turns rabbit toward a young plant without moving its seat contact 411ms
   ✓ same-seat R1/R3 gaze > looks at the actual swing occupant after arrival and at the toy while it is empty 311ms
 ✓ src/domain/island/learningPartyRepository.test.ts (3 tests) 278ms
 ✓ src/domain/islandLife/plantsWater.test.ts (5 tests) 140ms
 ✓ src/domain/islandLife/walkingSpace.test.ts (7 tests) 54ms
 ✓ src/components/island/islandAlbumMemory.test.ts (7 tests) 5ms
 ✓ src/components/island/life/placement.test.ts (5 tests) 967ms
   ✓ placement preview > keeps a resident on the real seat while a copy is previewed elsewhere 482ms
 ✓ src/domain/test/testSet.test.ts (34 tests) 176ms
 ✓ src/domain/island/customization.test.ts (20 tests) 8ms
 ✓ src/components/island/three/livingActivities.test.ts (5 tests) 2ms
 ✓ src/domain/learning/progressView.test.ts (7 tests) 4ms
 ✓ src/domain/islandLife/cadenceMigration.test.ts (4 tests) 156ms
 ✓ src/domain/islandLife/discovery.test.ts (6 tests) 13ms
 ✓ src/domain/math/generators/subtraction.test.ts (10 tests) 8ms
 ✓ src/domain/math/answerCompletion.test.ts (13 tests) 226ms
 ✓ src/domain/growingIsland/wonder.test.ts (7 tests) 40ms
 ✓ src/domain/islandLife/sandbox.test.ts (3 tests) 325ms
 ✓ src/utils/audio.test.ts (8 tests) 35ms
 ✓ src/components/island/life/extendedGround.test.ts (7 tests) 1892ms
   ✓ rendered groves and water retain exact cells and readable connections > can see sapling x 3 with its real connecting ground 335ms
   ✓ rendered groves and water retain exact cells and readable connections > keeps water comparison head focus when a reduced-motion memory is replayed with normal motion 336ms
   ✓ rendered groves and water retain exact cells and readable connections > rests beside a mature tree inside its local shade while retaining the old unversioned pose 450ms
 ✓ src/components/dev/suika/NumberSuikaStage.test.tsx (10 tests) 22ms
 ✓ src/components/domain/TenKey.compact.test.tsx (6 tests) 43ms
 ✓ src/components/island/life/lifeUpdateClient.test.ts (7 tests) 9ms
 ✓ src/components/island/life/landscape.test.ts (5 tests) 191ms
 ✓ src/components/island/life/gatheringVisibility.test.ts (6 tests) 1228ms
   ✓ rendered gathering evidence > requires visible real items, connecting ground and an unobstructed viewport (growth=0) 335ms
   ✓ rendered gathering evidence > requires visible real items, connecting ground and an unobstructed viewport (growth=6) 314ms
 ✓ src/domain/learning/englishCatalog.test.ts (5 tests) 72ms
 ✓ src/domain/islandLife/observationVisit.test.ts (5 tests) 20ms
 ✓ src/domain/islandLife/heroVisitMigration.test.ts (3 tests) 159ms
 ✓ src/components/ikimono/fuwafuwaDailyConversation.test.ts (4 tests) 5ms
 ✓ src/components/island/life/fantasy/garden.test.ts (4 tests) 700ms
   ✓ keeps gaze joints, cell picking and the same simulation when changing the time of day 346ms
   ✓ preserves the original Pokomoko geometry, fabric panels, scarf and scale across garden styles 346ms
 ✓ src/components/island/three/runtimeExpressionResidents.test.ts (3 tests) 3040ms
   ✓ expression rendering stays optional inside a read-only scene > pause restores the actual resident, clears every live mark and consumes the interrupted request 1135ms
   ✓ expression rendering stays optional inside a read-only scene > changing reduced motion schedules the owned temporary rig instead of resetting it through ordinary updates 966ms
   ✓ expression rendering stays optional inside a read-only scene > frames the actual read-only trial and releases that camera on learning and exit 938ms
 ✓ src/components/island/three/learningReaction.test.ts (12 tests) 3ms
 ✓ src/domain/math/generators/addition.test.ts (10 tests) 6ms
 ✓ src/domain/island/learningChecks.test.ts (14 tests) 8ms
stdout | src/domain/islandLife/replaySnapshot.test.ts > persistent replay acceleration > survives cold reopen and matches full replay after 1 and 7 days, purchases and new facts
snapshot benchmark {"hours":24,"fullMs":304.2961250000001,"restoreMs":2.2525000000000546,"snapshotBytes":7378}

 ✓ src/domain/island/homeJourney.test.ts (4 tests) 260ms
 ✓ src/domain/islandLife/picnicTable.test.ts (5 tests) 31ms
 ✓ src/components/island/learningFeedback.test.ts (8 tests) 2ms
 ✓ src/components/explore/ReturnSummary.test.tsx (5 tests) 46ms
 ✓ src/domain/islandLife/purchases.test.ts (5 tests) 80ms
 ✓ src/components/dev/g0v2/G0MechanicRemixStage.test.tsx (4 tests) 16ms
 ✓ src/components/island/life/useLiveDiscovery.test.ts (3 tests) 107ms
 ✓ src/domain/natureTown/learning.test.ts (3 tests) 245ms
 ✓ src/components/island/life/relationObservation.test.ts (2 tests) 797ms
   ✓ rendered explicit resident selection > looks at the actual swing user without changing either resident or the bench seat 539ms
 ✓ src/domain/math/profileProgress.test.ts (67 tests) 39ms
 ✓ src/domain/islandLife/windArch.test.ts (4 tests) 46ms
 ✓ src/components/island/life/encounterVisual.test.ts (4 tests) 203ms
 ✓ src/domain/islandLife/playTourSimulation.test.ts (7 tests) 2576ms
   ✓ authoritative GP3 time and interruption > keeps all three residents circulating during a long absence 2500ms
 ✓ src/domain/islandLife/isolation.test.ts (5 tests) 28ms
 ✓ src/components/island/three/islandCameraAnchor.test.ts (4 tests) 9ms
 ✓ src/components/island/three/waterSurface.test.ts (6 tests) 6806ms
   ✓ static ocean and shallow-water resources > keeps simultaneous palettes and other slots independent at floor level 0 1400ms
   ✓ static ocean and shallow-water resources > keeps simultaneous palettes and other slots independent at floor level 1 1538ms
   ✓ static ocean and shallow-water resources > keeps simultaneous palettes and other slots independent at floor level 2 1914ms
   ✓ static ocean and shallow-water resources > reuses and retires water resources without textures at floor level 0 376ms
   ✓ static ocean and shallow-water resources > reuses and retires water resources without textures at floor level 1 501ms
   ✓ static ocean and shallow-water resources > reuses and retires water resources without textures at floor level 2 1061ms
 ✓ src/domain/islandLife/tourMigration.test.ts (5 tests) 205ms
stdout | src/domain/islandLife/replaySnapshot.test.ts > persistent replay acceleration > survives cold reopen and matches full replay after 1 and 7 days, purchases and new facts
snapshot benchmark {"hours":168,"fullMs":1904.1980000000003,"restoreMs":0.9239580000003116,"snapshotBytes":7563}

 ✓ src/components/island/IslandPhotos.test.tsx (6 tests) 75ms
 ✓ src/components/island/three/sharedActivityContinuity.test.ts (12 tests) 3286ms
   ✓ shared props remain attached while the real resident poses change phase > 'flower' 'left/left' keeps actual holding paws and the prop continuous across every handoff boundary 388ms
   ✓ shared props remain attached while the real resident poses change phase > 'bubble' 'left/right' keeps actual holding paws and the prop continuous across every handoff boundary 405ms
   ✓ shared props remain attached while the real resident poses change phase > 'bubble' 'right/left' keeps actual holding paws and the prop continuous across every handoff boundary 381ms
 ✓ src/domain/islandLife/waterMagic.test.ts (5 tests) 16ms
 ✓ src/components/charts/SkillRadarChart.test.ts (7 tests) 29ms
 ✓ src/components/dev/g0/G0WhiteboxStage.test.tsx (6 tests) 23ms
 ✓ src/domain/islandLife/readingEncounter.test.ts (10 tests) 14ms
 ✓ src/domain/island/catalogExpansion.test.ts (3 tests) 5ms
 ✓ src/domain/islandLife/soilMoisture.test.ts (4 tests) 93ms
 ✓ src/components/island/life/fantasy/indexedBatch.test.ts (3 tests) 107ms
 ✓ src/components/island/life/liveRelations.test.ts (5 tests) 1945ms
   ✓ live rendered bench relations > requires actual settled gaze, visible head and target (swing=false) 337ms
   ✓ live rendered bench relations > tracks the actual swing occupant and separates a later visit to the same bench 682ms
   ✓ live rendered bench relations > never relabels a free observation visit as a live encounter after closing its panel 433ms
 ✓ src/components/island/learningGuidance.test.ts (13 tests) 6ms
 ✓ src/domain/islandLife/discoveryRecall.test.ts (4 tests) 16ms
 ✓ src/domain/islandLife/placementClearance.test.ts (3 tests) 29ms
 ✓ src/components/island/three/sharedJobActor.test.ts (3 tests) 500ms
 ✓ src/components/island/life/roamingPresentation.test.ts (5 tests) 43ms
 ✓ src/components/island/growing/GrowingIslandMenu.test.tsx (5 tests) 181ms
 ✓ src/domain/math/generators/division.test.ts (5 tests) 18ms
 ✓ src/domain/islandLife/facilities.test.ts (2 tests) 80ms
 ✓ src/domain/islandLife/extendedGatherings.test.ts (4 tests) 13ms
 ✓ src/components/domain/answerCompletion.test.tsx (5 tests) 61ms
stdout | src/domain/islandLife/replaySnapshot.test.ts > persistent replay acceleration > survives cold reopen and matches full replay after 1 and 7 days, purchases and new facts
snapshot benchmark {"hours":168.0000002777778,"fullMs":2295.092125,"restoreMs":0.7228749999994761,"snapshotBytes":7563}

 ✓ tools/island-qualified-audit.test.mjs (12 tests) 15ms
 ✓ src/domain/island/landGeometry.test.ts (4 tests) 66ms
 ✓ src/components/island/three/residentInterest.test.ts (11 tests) 10ms
 ✓ src/utils/tts.test.ts (6 tests) 9ms
 ✓ src/domain/english/listening.test.ts (4 tests) 4ms
 ✓ src/utils/pdfGenerator.test.ts (5 tests) 10ms
 ✓ src/components/island/life/windArch.test.ts (3 tests) 1870ms
   ✓ wind and arch rendered geometry > rotates only in normal motion and freezes the recorded mode 697ms
   ✓ wind and arch rendered geometry > lets all existing residents pass along four cardinal lines without touching any arch triangle bounds 991ms
 ✓ src/domain/test/paperTest.test.ts (4 tests) 6ms
 ✓ src/domain/island/photos.test.ts (3 tests) 9ms
 ✓ src/domain/english/examples.test.ts (23 tests) 99ms
 ✓ src/components/island/IslandMilestone.test.tsx (6 tests) 14ms
 ✓ src/components/domain/WrittenArithmeticGrid.test.tsx (4 tests) 18ms
 ✓ src/components/island/three/usualPlaceRuntime.test.ts (3 tests) 3ms
 ✓ src/components/island/life/sandbox.test.ts (4 tests) 758ms
 ✓ src/components/island/three/connectedScenery.test.ts (3 tests) 2971ms
   ✓ one connected island across growth and appearance changes > replaces only terrain at unlocks, keeping the home, bridges and texture owner alive 1558ms
   ✓ one connected island across growth and appearance changes > supports all original and connecting floors once at level 1 690ms
   ✓ one connected island across growth and appearance changes > supports all original and connecting floors once at level 2 722ms
 ✓ src/domain/islandLife/replaySnapshot.test.ts (2 tests) 8090ms
   ✓ persistent replay acceleration > survives cold reopen and matches full replay after 1 and 7 days, purchases and new facts 8061ms
 ✓ src/components/island/islandWorkshopRequest.test.ts (6 tests) 6ms
 ✓ src/components/island/three/placementPreview.test.ts (3 tests) 37ms
 ✓ src/components/island/three/residentRoaming.test.ts (5 tests) 7ms
 ✓ src/components/battle/BattleSetup.test.tsx (7 tests) 43ms
 ✓ src/domain/learning/independentProgress.test.ts (17 tests) 2ms
 ✓ src/components/explore/snapRootPresentation.test.ts (5 tests) 1ms
 ✓ src/components/island/life/picnicMotion.test.ts (4 tests) 799ms
 ✓ src/components/explore/RootPullOpeningArt.test.tsx (8 tests) 12ms
 ✓ src/components/island/life/canopySculptStudy.test.ts (4 tests) 1936ms
   ✓ loads three closed, connected meshes and preserves the traced foreground volume 1934ms
 ✓ src/domain/stats/repository.test.ts (1 test) 9ms
 ✓ src/components/island/islandCustomizationRequest.test.ts (4 tests) 7ms
 ✓ src/components/natureTown/editing.test.ts (4 tests) 27ms
 ✓ src/components/island/life/readingBookPose.test.ts (3 tests) 11ms
 ✓ src/domain/islandLife/roaming.test.ts (4 tests) 8ms
 ✓ src/domain/island/navigation.test.ts (14 tests) 8ms
 ✓ src/components/island/life/presentationClock.test.ts (5 tests) 18ms
 ✓ src/components/island/useIslandDiscoveries.test.ts (4 tests) 9ms
 ✓ src/components/island/life/facilities.test.ts (4 tests) 1336ms
   ✓ facility entrance uses > shows one held book or tools at the entrance for pokomoko 434ms
   ✓ facility entrance uses > shows one held book or tools at the entrance for rabbit 383ms
 ✓ src/domain/explore/__tests__/generator.test.ts (2 tests) 283ms
 ✓ src/domain/island/visitors.test.ts (4 tests) 5ms
 ✓ src/components/island/life/canopyGroundStudy.test.ts (6 tests) 14ms
 ✓ src/domain/islandLife/waterChannels.test.ts (3 tests) 5ms
 ✓ src/domain/math/additionProgress.test.ts (9 tests) 9ms
 ✓ src/components/island/islandExperienceRequest.test.ts (4 tests) 4ms
 ✓ src/domain/english/generator.test.ts (5 tests) 2282ms
   ✓ English catalog and choices > every word produces four unique rendered choices (kanji=false) 1228ms
   ✓ English catalog and choices > every word produces four unique rendered choices (kanji=true) 1049ms
 ✓ src/domain/stats/aggregation.test.ts (3 tests) 3ms
 ✓ src/domain/islandLife/footstepMagic.test.ts (3 tests) 13ms
 ✓ src/domain/natureTown/repository.test.ts (5 tests) 113ms
 ✓ src/domain/island/learningParty.test.ts (5 tests) 4ms
 ✓ src/domain/park/englishPlanning.test.ts (7 tests) 239ms
 ✓ src/components/island/three/homePresentation.test.ts (3 tests) 42ms
 ✓ src/components/finish/FinishChallenge.test.tsx (6 tests) 74ms
 ✓ src/domain/growingIsland/flowers.test.ts (4 tests) 24ms
 ✓ src/domain/islandLife/waterBench.test.ts (4 tests) 14ms
 ✓ src/components/island/life/gatheringCollector.test.ts (3 tests) 220ms
 ✓ src/components/explore/FireflyFlowerEncounterArt.test.tsx (8 tests) 9ms
 ✓ src/components/ikimono/lifecycle.test.ts (5 tests) 8ms
stdout | src/domain/islandLife/creditPerformance.test.ts > reuses the persisted prefix for new learning after seven days with identical cold replay
seven-day incremental credit ms 0.26350000000002183
seven-day cold credit ms 3840.9712919999993

 ✓ src/components/island/three/growthNavigation.test.ts (2 tests) 484ms
   ✓ automatically grown places support real resident life > keeps all seven anchor objects legal and reachable through the complete chapter 467ms
 ✓ src/domain/islandLife/creditPerformance.test.ts (3 tests) 9285ms
   ✓ reuses the persisted prefix for new learning after seven days with identical cold replay 8913ms
   ✓ keeps rewards, growth, same-time credits, daily goal and later purchases equal to full replay 329ms
 ✓ src/components/island/three/residentPortraitFraming.test.ts (6 tests) 359ms
 ✓ src/domain/finishRecoveryPractice.test.ts (3 tests) 12ms
 ✓ src/components/island/learningMusicGesture.test.ts (4 tests) 5ms
 ✓ src/components/explore/MakimodonEncounterArt.test.tsx (8 tests) 29ms
 ✓ src/domain/island/livingSettings.test.ts (4 tests) 9ms
 ✓ src/domain/islandLife/terminalFacts.test.ts (1 test) 152ms
 ✓ tools/asset-policy.test.mjs (19 tests) 5ms
 ✓ src/domain/explore/__tests__/openingExperience.test.ts (5 tests) 4ms
 ✓ src/domain/islandLife/capabilities.test.ts (3 tests) 91ms
 ✓ src/components/island/IslandDirectActions.test.tsx (3 tests) 15ms
 ✓ tools/life-replay-version.test.ts (4 tests) 122ms
 ✓ src/components/island/three/residentFabric.test.ts (3 tests) 2786ms
   ✓ one cloth resident in the shared island > keeps atlas UVs through body/head batching and every articulated hand/foot 2553ms
 ✓ src/domain/math/generators/fraction.test.ts (6 tests) 6ms
 ✓ src/domain/learning/evaluationContacts.test.ts (2 tests) 57ms
 ✓ src/domain/math/hissanEngine.test.ts (8 tests) 5ms
 ✓ src/domain/natureTown/growthJourney.test.ts (2 tests) 782ms
   ✓ grows from the starter through real supply, retained offer, admission and increased demand 760ms
 ✓ src/components/island/life/sceneBudget.test.ts (3 tests) 956ms
   ✓ keeps 100 placed items within the scene allocation budget 438ms
 ✓ src/components/island/life/fantasy/staticRaycast.test.ts (3 tests) 708ms
   ✓ matches every triangle hit after transforms and near/far clipping (indexed=false) 313ms
   ✓ matches every triangle hit after transforms and near/far clipping (indexed=true) 376ms
 ✓ src/components/natureTown/livingPresentation.test.ts (2 tests) 520ms
   ✓ emits actual pickup and dropoff endpoints once, while preserving food conservation 518ms
 ✓ src/components/island/islandExpansionPreview.test.ts (4 tests) 2ms
stdout | src/domain/islandLife/visitPerformance.test.ts > reuses the applied visit without replaying a day of history, with identical saved state
visit warm command + replay ms 7.776124999999979
visit cold replay ms 443.94054199999994

 ✓ src/domain/islandLife/visitPerformance.test.ts (1 test) 1639ms
   ✓ reuses the applied visit without replaying a day of history, with identical saved state 1639ms
 ✓ src/components/island/visualLearningGuidance.test.ts (6 tests) 3ms
 ✓ src/components/island/life/footstepPresentation.test.ts (1 test) 317ms
   ✓ uses actual grounded moving feet, never emits while stopped, and bounds trail lifetime and ownership 317ms
 ✓ src/domain/islandLife/economyRules.test.ts (12 tests) 4ms
 ✓ src/domain/island/tutorialState.test.ts (5 tests) 2ms
 ✓ src/components/island/islandCustomizationPreview.test.ts (4 tests) 4ms
 ✓ src/components/explore/ResearchBookStage.test.tsx (3 tests) 49ms
 ✓ src/components/island/life/fantasy/gardenTime.test.ts (12 tests) 6ms
 ✓ src/components/island/IslandFurniturePlacement.test.tsx (3 tests) 16ms
 ✓ src/domain/islandLife/groupEncounters.test.ts (3 tests) 29ms
 ✓ src/components/explore/makimodonPresentation.test.ts (4 tests) 3ms
 ✓ src/components/island/life/LifeCatalogPages.test.tsx (3 tests) 3ms
 ✓ src/components/ikimono/fuwafuwaSpeech.test.ts (6 tests) 3ms
 ✓ src/components/island/IslandAnswerFeedback.test.tsx (5 tests) 17ms
 ✓ src/components/island/life/lifePersistenceMessage.test.ts (4 tests) 4ms
 ✓ src/components/Footer.test.tsx (9 tests) 71ms
 ✓ src/domain/islandLife/shadowMagic.test.ts (3 tests) 10ms
 ✓ src/components/island/life/canopyMaterialStudy.test.ts (3 tests) 8ms
 ✓ src/components/island/life/stateProjection.test.ts (3 tests) 37ms
 ✓ src/components/island/life/sceneReuse.test.ts (4 tests) 11ms
 ✓ src/domain/math/writtenPlaceValue.test.ts (10 tests) 5ms
 ✓ src/domain/park/learningContinuation.test.ts (3 tests) 26ms
stderr | src/components/island/growing/growingLife.test.ts > picking up a friend > follows the finger and sits on the bench it is dropped on
THREE.Material: parameter 'map' has value of undefined.
THREE.Material: parameter 'map' has value of undefined.
THREE.Material: parameter 'map' has value of undefined.

 ✓ src/components/island/growing/growingLife.test.ts (3 tests) 70ms
 ✓ src/components/island/islandGrowthPreview.test.ts (3 tests) 3ms
 ✓ src/components/explore/rapidTrailPresentation.test.ts (4 tests) 3ms
 ✓ src/domain/explore/__tests__/rewardPresentation.test.ts (7 tests) 3ms
 ✓ src/domain/explore/__tests__/suikaQuantity.test.ts (7 tests) 2ms
 ✓ src/components/island/life/plantMagic.test.ts (2 tests) 9ms
 ✓ src/components/island/growing/growingCopy.test.ts (5 tests) 10ms
 ✓ src/domain/natureTown/routing.test.ts (3 tests) 93ms
 ✓ src/domain/explore/__tests__/attemptIdentity.test.ts (8 tests) 4ms
 ✓ src/domain/explore/__tests__/rewards.test.ts (5 tests) 2ms
 ✓ src/components/island/life/growthStatus.test.ts (4 tests) 2ms
 ✓ src/domain/explore/__tests__/g0MechanicMetrics.test.ts (2 tests) 3ms
 ✓ src/components/island/homeJourney/interior.test.ts (5 tests) 926ms
 ✓ src/components/island/islandFurnitureTrial.test.ts (5 tests) 15ms
 ✓ src/components/island/life/fantasy/staticBatch.test.ts (2 tests) 15ms
 ✓ src/components/island/life/canopyShoreStudy.test.ts (3 tests) 12ms
 ✓ src/pwaUpdateRecovery.test.ts (3 tests) 8ms
 ✓ src/components/progress/FinishPreparation.test.tsx (3 tests) 26ms
 ✓ src/components/island/life/observationCue.test.ts (3 tests) 4ms
 ✓ src/components/ikimono/hitokoto.test.ts (5 tests) 4ms
 ✓ src/components/island/life/facilityTrips.test.ts (3 tests) 2900ms
   ✓ continuous held work and captured transport > keeps pokomoko and its prop through collection, real walking and use without changing the feet 1204ms
   ✓ continuous held work and captured transport > keeps rabbit and its prop through collection, real walking and use without changing the feet 896ms
   ✓ continuous held work and captured transport > keeps otter and its prop through collection, real walking and use without changing the feet 800ms
 ✓ tools/island-e2e-helpers.test.mjs (5 tests) 5ms
 ✓ src/components/island/life/placementWait.test.ts (7 tests) 4ms
 ✓ tools/learning-unit-report.test.mjs (2 tests) 108ms
 ✓ src/components/island/life/plantsWaterGeometry.test.ts (2 tests) 26ms
 ✓ src/components/island/three/homeWalk.test.ts (3 tests) 198ms
 ✓ tools/asset-pipeline/run_batch.test.mjs (4 tests) 3ms
 ✓ src/components/ikimono/fuwafuwaAlbumCopy.test.ts (3 tests) 4ms
 ✓ src/components/explore/PokkoVisualLineage.test.tsx (5 tests) 18ms
 ✓ src/components/gate/ArithmeticGateAnswerField.test.tsx (2 tests) 16ms
 ✓ src/components/island/islandStarReceiptEligibility.test.ts (3 tests) 3ms
 ✓ src/components/island/growing/GrowingGuideArt.test.ts (3 tests) 9ms
 ✓ src/components/island/islandDistrictView.test.ts (5 tests) 4ms
 ✓ src/domain/growingIsland/room.test.ts (3 tests) 5ms
 ✓ src/domain/math/subtractionProgress.test.ts (5 tests) 4ms
 ✓ src/domain/explore/__tests__/runStructure.test.ts (3 tests) 1ms
 ✓ src/domain/islandLife/growthIntegration.test.ts (2 tests) 28ms
 ✓ src/domain/math/numberEntry.test.ts (4 tests) 181ms
 ✓ src/domain/learning/runtimeUnitPractice.test.ts (9 tests) 6ms
 ✓ src/components/island/life/canopyAtmosphereStudy.test.ts (2 tests) 7ms
 ✓ src/components/island/IslandWelcome.test.tsx (2 tests) 15ms
 ✓ src/components/island/life/residentWalk.test.ts (6 tests) 13ms
 ✓ src/domain/math/sequenceProgress.test.ts (5 tests) 2ms
 ✓ src/domain/math/fractionInput.test.ts (3 tests) 4ms
 ✓ src/domain/learning/reviewBudget.test.ts (7 tests) 8ms
 ✓ src/domain/explore/__tests__/encounterPhase.test.ts (7 tests) 3ms
 ✓ src/components/island/IslandRewards.test.tsx (2 tests) 10ms
 ✓ src/components/island/three/workshopGround.test.ts (1 test) 154ms
 ✓ src/domain/benchmark/coldOpenFixedTen.test.ts (2 tests) 4ms
 ✓ src/components/island/life/foodScene.test.ts (2 tests) 522ms
 ✓ src/components/island/homeJourney/delivery.test.ts (4 tests) 2ms
 ✓ src/domain/explore/__tests__/fixedTenBenchmark.test.ts (2 tests) 4ms
 ✓ src/domain/learning/reviewPolicy.test.ts (5 tests) 10ms
 ✓ src/hooks/useLearningSessionLease.test.ts (1 test) 12ms
 ✓ src/components/island/homeJourney/growthReveal.test.ts (4 tests) 2ms
 ✓ src/domain/explore/__tests__/replay.test.ts (3 tests) 4ms
 ✓ src/domain/math/comparisonProgress.test.ts (5 tests) 7ms
 ✓ src/components/domain/answerConfirmGuidance.test.ts (2 tests) 13ms
 ✓ src/components/explore/AuthoredEncounterArt.test.tsx (6 tests) 16ms
 ✓ src/utils/learningDay.test.ts (5 tests) 6ms
 ✓ src/domain/islandLife/production.test.ts (2 tests) 37ms
 ✓ src/components/ikimono/fuwafuwaMilestones.test.ts (4 tests) 6ms
 ✓ src/components/ui/modalFocus.test.ts (4 tests) 6ms
 ✓ src/components/dev/devStudySelection.test.ts (2 tests) 3ms
 ✓ src/components/island/life/growthCue.test.ts (3 tests) 1ms
 ✓ src/components/island/learningShow.test.ts (2 tests) 1ms
 ✓ src/domain/math/followups.test.ts (2 tests) 3ms
 ✓ src/components/domain/FractionStrips.test.tsx (1 test) 13ms
 ✓ src/components/ikimono/sceneText.test.ts (3 tests) 2ms
 ✓ src/components/island/growing/growingCamera.test.ts (1 test) 9ms
 ✓ src/components/natureTown/residentPose.test.ts (1 test) 486ms
   ✓ uses committed pickup/dropoff without replaying gestures after movement, expiry or reload 485ms
 ✓ src/pages/parents/parentAttemptLabel.test.ts (2 tests) 3ms
 ✓ src/components/ui/SegmentedControl.test.tsx (1 test) 14ms
 ✓ src/components/island/growing/houseGuests.test.ts (1 test) 9ms
 ✓ src/components/island/homeJourney/contacts.test.ts (1 test) 3ms
 ✓ src/components/island/life/runtimeAssetSlots.test.ts (2 tests) 1ms
 ✓ tools/build-env.test.mjs (4 tests) 3ms
 ✓ src/domain/math/writtenInput.test.ts (3 tests) 3ms
 ✓ src/domain/island/studyRoute.test.ts (16 tests) 2ms
 ✓ src/components/island/three/sharedCarryRoute.test.ts (2 tests) 3ms
 ✓ src/components/island/growing/letters.test.ts (1 test) 3ms
 ✓ src/components/explore/MakimodonResearchArt.test.tsx (2 tests) 43ms
 ✓ src/components/island/IslandExperiencePanel.test.tsx (1 test) 13ms
 ✓ src/components/ikimono/ikimonoMotion.test.ts (3 tests) 4ms
 ✓ src/components/ui/modalLayerManager.test.ts (2 tests) 2ms
 ✓ src/components/domain/PaperTestScoreModal.test.tsx (1 test) 12ms
 ✓ src/components/LaunchRoute.test.tsx (4 tests) 6ms
 ✓ src/components/gate/arithmeticGate.test.ts (3 tests) 3ms
 ✓ src/components/home/homeMagicEnergy.test.ts (2 tests) 2ms
 ✓ src/pages/OnboardingNameStep.test.tsx (2 tests) 7ms
 ✓ src/domain/island/feature.test.ts (6 tests) 1ms
 ✓ src/components/island/three/westScenery.test.ts (1 test) 105ms
 ✓ src/domain/island/expansion.test.ts (2 tests) 6ms
 ✓ src/components/island/life/runtimeAssetLod.test.ts (3 tests) 3ms
 ✓ src/components/charts/WeeklyTrendChart.test.ts (2 tests) 1ms
 ✓ src/components/island/life/homeProps.test.ts (1 test) 6ms
 ✓ src/components/ikimono/NameModal.test.tsx (1 test) 10ms
 ✓ src/components/island/three/expressionResidentWalk.test.ts (16 tests) 50305ms
   ✓ explicit expression trial uses the actual feet and a bounded legal walk > leaves the actual mature default bench before otter trial, reduced=false 6261ms
   ✓ explicit expression trial uses the actual feet and a bounded legal walk > leaves the actual mature default bench before rabbit trial, reduced=false 2521ms
   ✓ explicit expression trial uses the actual feet and a bounded legal walk > leaves the actual mature default bench before fox trial, reduced=false 4322ms
   ✓ explicit expression trial uses the actual feet and a bounded legal walk > leaves the actual mature default bench before otter trial, reduced=true 5797ms
   ✓ explicit expression trial uses the actual feet and a bounded legal walk > leaves the actual mature default bench before rabbit trial, reduced=true 2210ms
   ✓ explicit expression trial uses the actual feet and a bounded legal walk > leaves the actual mature default bench before fox trial, reduced=true 3594ms
   ✓ explicit expression trial uses the actual feet and a bounded legal walk > cancellation during preparing restores the same seated rig and stops pending departure 471ms
   ✓ explicit expression trial uses the actual feet and a bounded legal walk > cancellation during departing restores the same seated rig and stops pending departure 2099ms
   ✓ explicit expression trial uses the actual feet and a bounded legal walk > cancellation during walking restores the same seated rig and stops pending departure 2212ms
   ✓ explicit expression trial uses the actual feet and a bounded legal walk > otter, reduced=false: same rig lands and cancels without moving furniture 4362ms
   ✓ explicit expression trial uses the actual feet and a bounded legal walk > rabbit, reduced=false: same rig lands and cancels without moving furniture 3128ms
   ✓ explicit expression trial uses the actual feet and a bounded legal walk > fox, reduced=false: same rig lands and cancels without moving furniture 2772ms
   ✓ explicit expression trial uses the actual feet and a bounded legal walk > otter, reduced=true: same rig lands and cancels without moving furniture 4069ms
   ✓ explicit expression trial uses the actual feet and a bounded legal walk > rabbit, reduced=true: same rig lands and cancels without moving furniture 3285ms
   ✓ explicit expression trial uses the actual feet and a bounded legal walk > fox, reduced=true: same rig lands and cancels without moving furniture 2958ms
 ✓ src/components/explore/ExploreHud.test.tsx (1 test) 16ms
 ✓ src/components/island/life/decorationGeometry.test.ts (1 test) 10ms
 ✓ src/components/island/growing/concertReceipt.test.ts (2 tests) 2ms
 ✓ src/components/domain/NumberFieldsLayout.test.tsx (4 tests) 9ms
 ✓ src/components/explore/RootPullDiscoveryReveal.test.tsx (1 test) 14ms
 ✓ src/components/island/islandDirectTargets.test.ts (2 tests) 3ms
 ✓ src/components/ikimono/IkimonoArtwork.test.tsx (2 tests) 15ms
 ✓ src/utils/theme.test.ts (4 tests) 6ms
 ✓ src/components/island/life/waterMagic.test.ts (1 test) 2ms
 ✓ src/pages/parents/parentReviewCopy.test.ts (1 test) 2ms
 ✓ src/components/island/IslandProsePrompt.test.tsx (3 tests) 5ms
 ✓ src/components/explore/PokkoBaseArt.test.tsx (1 test) 9ms
 ✓ src/components/island/life/startupTiming.test.ts (2 tests) 3ms
 ✓ src/domain/math/hissanTypes.test.ts (2 tests) 1ms
 ✓ src/components/ui/Button.test.tsx (2 tests) 13ms
 ✓ src/components/island/islandPlayScroll.test.ts (3 tests) 3ms
 ✓ src/components/explore/exploreAnswerInput.test.ts (3 tests) 1ms
 ✓ src/components/island/homeJourney/scene.test.ts (3 tests) 580ms
 ✓ src/components/island/life/rewardCue.test.ts (3 tests) 1ms
 ✓ src/components/island/growing/useGrowingRoom.test.ts (1 test) 5ms
 ✓ src/domain/math/deterministicGeneration.test.ts (2 tests) 54ms
 ✓ src/components/explore/DiscoveryPageArt.test.tsx (1 test) 10ms
 ✓ src/pages/Island.startup.test.ts (1 test) 1517ms
   ✓ keeps optional 3D modules behind their lazy render boundaries 1516ms
 ✓ src/pages/StatsCloseAction.test.tsx (2 tests) 8ms
 ✓ src/components/island/life/identity.test.ts (2 tests) 16708ms
   ✓ keeps every resident mesh, fabric, transform and walking pose identical across C3 and legacy scenery 16468ms
stdout | src/domain/growingIsland/pacing.test.ts > pacing (spec 52 §15, starting values) > grows a village over a month without running away
┌─────────┬─────┬───────────┬───────┬──────┬───────┬──────┐
│ (index) │ day │ villagers │ level │ land │ drops │ bank │
├─────────┼─────┼───────────┼───────┼──────┼───────┼──────┤
│ 0       │ 1   │ 2         │ 1     │ 30   │ 12    │ 0    │
│ 1       │ 3   │ 4         │ 3     │ 30   │ 20    │ 0    │
│ 2       │ 7   │ 8         │ 4     │ 30   │ 104   │ 0    │
│ 3       │ 14  │ 14        │ 6     │ 45   │ 236   │ 0    │
│ 4       │ 30  │ 25        │ 7     │ 120  │ 328   │ 0    │
└─────────┴─────┴───────────┴───────┴──────┴───────┴──────┘

stdout | src/domain/growingIsland/pacing.test.ts > pacing (spec 52 §15, starting values) > keeps growing slowly for three months
┌─────────┬─────┬───────────┬───────┬──────┬───────┬──────┐
│ (index) │ day │ villagers │ level │ land │ drops │ bank │
├─────────┼─────┼───────────┼───────┼──────┼───────┼──────┤
│ 0       │ 45  │ 32        │ 8     │ 120  │ 660   │ 0    │
│ 1       │ 60  │ 39        │ 8     │ 120  │ 988   │ 0    │
│ 2       │ 90  │ 51        │ 9     │ 120  │ 1644  │ 0    │
└─────────┴─────┴───────────┴───────┴──────┴───────┴──────┘

stdout | src/domain/growingIsland/pacing.test.ts > pacing (spec 52 §15, starting values) > continues beyond the former land cap for a year (decor first: false)
┌─────────┬───────┬─────┬───────────┬───────┬──────┬───────┬──────┐
│ (index) │ decor │ day │ villagers │ level │ land │ drops │ bank │
├─────────┼───────┼─────┼───────────┼───────┼──────┼───────┼──────┤
│ 0       │ false │ 90  │ 51        │ 9     │ 120  │ 1644  │ 0    │
│ 1       │ false │ 180 │ 77        │ 10    │ 168  │ 3374  │ 0    │
│ 2       │ false │ 365 │ 116       │ 10    │ 216  │ 7314  │ 0    │
└─────────┴───────┴─────┴───────────┴───────┴──────┴───────┴──────┘

stdout | src/domain/growingIsland/pacing.test.ts > pacing (spec 52 §15, starting values) > continues beyond the former land cap for a year (decor first: true)
┌─────────┬───────┬─────┬───────────┬───────┬──────┬───────┬──────┐
│ (index) │ decor │ day │ villagers │ level │ land │ drops │ bank │
├─────────┼───────┼─────┼───────────┼───────┼──────┼───────┼──────┤
│ 0       │ true  │ 90  │ 50        │ 9     │ 312  │ 26    │ 0    │
│ 1       │ true  │ 180 │ 76        │ 10    │ 432  │ 168   │ 0    │
│ 2       │ true  │ 365 │ 115       │ 10    │ 624  │ 358   │ 0    │
└─────────┴───────┴─────┴───────────┴───────┴──────┴───────┴──────┘

stdout | src/domain/growingIsland/pacing.test.ts > pacing (spec 52 §15, starting values) > retains weekly batching throughput instead of losing all unused town hours
┌─────────┬──────────┬─────┬───────────┬───────┬──────┬───────┬──────┐
│ (index) │ habit    │ day │ villagers │ level │ land │ drops │ bank │
├─────────┼──────────┼─────┼───────────┼───────┼──────┼───────┼──────┤
│ 0       │ 'daily'  │ 84  │ 49        │ 9     │ 120  │ 1524  │ 0    │
│ 1       │ 'weekly' │ 84  │ 46        │ 9     │ 120  │ 1490  │ 0    │
└─────────┴──────────┴─────┴───────────┴───────┴──────┴───────┴──────┘

 ✓ src/domain/growingIsland/pacing.test.ts (7 tests) 36793ms
   ✓ pacing (spec 52 §15, starting values) > grows a village over a month without running away 308ms
   ✓ pacing (spec 52 §15, starting values) > keeps growing slowly for three months 892ms
   ✓ pacing (spec 52 §15, starting values) > continues beyond the former land cap for a year (decor first: false) 6691ms
   ✓ pacing (spec 52 §15, starting values) > continues beyond the former land cap for a year (decor first: true) 28271ms
   ✓ pacing (spec 52 §15, starting values) > retains weekly batching throughput instead of losing all unused town hours 549ms

 Test Files  517 passed (517)
      Tests  4592 passed (4592)
   Start at  07:16:39
   Duration  112.23s (transform 9.37s, setup 0ms, collect 183.15s, tests 699.39s, environment 69ms, prepare 21.27s)


> pokko-fushigi-zukan-app@0.0.0 build
> tsc -b && node tools/build-app.mjs && npm run assets:check

vite v7.3.1 building client environment for production...
transforming...
Browserslist: browsers data (caniuse-lite) is 9 months old. Please run:
  npx update-browserslist-db@latest
  Why you should do it regularly: https://github.com/browserslist/update-db#readme
✓ 3953 modules transformed.
Generated an empty chunk: "pdf".
rendering chunks...
computing gzip size...
dist/version.json                                      0.52 kB │ gzip:   0.30 kB
dist/index.html                                        3.89 kB │ gzip:   1.72 kB
dist/assets/town-prop-bench-FdKjOSai.png               9.13 kB
dist/assets/NotoSansJP-C_ziqpoc.woff2                 13.06 kB
dist/assets/town-prop-flowers-BOUxk4Bw.png            13.80 kB
dist/assets/town-rabbit-carrying-RfQ1w-aH.png         14.24 kB
dist/assets/town-rabbit-giving-CnJ9JmwQ.png           14.58 kB
dist/assets/town-rabbit-receiving-DUoJoWgV.png        14.72 kB
dist/assets/town-rabbit-idle-Bh01hjGD.png             14.90 kB
dist/assets/catalog-MsWF2Ofo.png                      18.20 kB
dist/assets/town-prop-home-B1P8AAtr.png               19.39 kB
dist/assets/town-prop-tree-Yw3JP1Jo.png               20.27 kB
dist/assets/town-otter-carrying-CNTvBDdk.png          21.45 kB
dist/assets/town-otter-giving-C4wtqVhT.png            21.71 kB
dist/assets/town-otter-receiving-hjH-v6Y1.png         21.99 kB
dist/assets/town-otter-idle-BshfulWh.png              22.12 kB
dist/assets/town-pokomoko-carrying-B6igduKw.png       25.49 kB
dist/assets/town-pokomoko-giving-BOi7RcKv.png         26.51 kB
dist/assets/town-pokomoko-idle-hYR2u8GP.png           26.67 kB
dist/assets/flower-bloom-original-Bhc8ZRS8.png        27.17 kB
dist/assets/town-pokomoko-receiving-CKZT-N1L.png      27.25 kB
dist/assets/pokomoko-original-8wLdjUXI.png            31.15 kB
dist/assets/catalog-C9jTiRjH.png                      32.80 kB
dist/assets/dela-gothic-one-tzEOUe9y.woff2            39.87 kB
dist/assets/zen-maru-gothic-black-DnteofP1.woff2      51.44 kB
dist/assets/basis_transcoder-o4Hde_L7.js              57.53 kB
dist/assets/far-geometry-Di-gBAev.glb                 62.40 kB
dist/assets/pokomoko-learning-poses-B-Jfr41M.webp     70.07 kB
dist/assets/far-CbQUffpN.glb                          70.37 kB
dist/assets/far-geometry-C2nCL94K.glb                 90.88 kB
dist/assets/far-geometry-DTfZ_trK.glb                127.57 kB
dist/assets/far-iUTsXLLh.glb                         130.80 kB
dist/assets/far-geometry-BV4Tmqez.glb                136.54 kB
dist/assets/far-BNsdfYHM.glb                         147.90 kB
dist/assets/lifeUpdate.worker-958fLM2E.js            189.18 kB
dist/assets/near-Bt9PwG61.glb                        209.47 kB
dist/assets/far-geometry-B5GXTTw0.glb                226.28 kB
dist/assets/near-3yaftuce.glb                        293.84 kB
dist/assets/near-B8znkHvM.glb                        306.04 kB
dist/assets/far-Zj6wZqfp.glb                         309.89 kB
dist/assets/far-geometry-CUf7iENq.glb                325.53 kB
dist/assets/near-CuR2H6Uc.glb                        443.91 kB
dist/assets/basis_transcoder-VXdx5NbI.wasm           527.33 kB │ gzip: 247.62 kB
dist/assets/near-CMx7NApC.glb                      1,568.14 kB
dist/assets/near-B3PvBOT3.glb                      1,642.36 kB
dist/assets/near-C_b32qsb.glb                      1,706.40 kB
dist/assets/near-l6ZZxCWq.glb                      1,759.80 kB
dist/assets/near-DoEuBhay.glb                      1,924.85 kB
dist/assets/near-7GK7mDBY.glb                      1,983.43 kB
dist/assets/IslandSharedMemories-CxXlpls3.css          1.54 kB │ gzip:   0.57 kB
dist/assets/IslandFurniture-7NZ9dhCz.css               1.57 kB │ gzip:   0.55 kB
dist/assets/LifeMemories-Cia3-2wk.css                  1.58 kB │ gzip:   0.56 kB
dist/assets/IslandDiscoveryGuide-DpYKYTkf.css          2.05 kB │ gzip:   0.75 kB
dist/assets/IslandWelcome-BJp8Sa-m.css                 2.05 kB │ gzip:   0.72 kB
dist/assets/IslandExpression-BAzaKUz5.css              2.18 kB │ gzip:   0.68 kB
dist/assets/life-observation-DvQvywiD.css              2.49 kB │ gzip:   0.83 kB
dist/assets/Stats-C2pYmaaO.css                         2.65 kB │ gzip:   0.75 kB
dist/assets/IslandWorkshop-KxE1cutE.css                4.47 kB │ gzip:   1.24 kB
dist/assets/IslandStage-BctzDSoi.css                   4.83 kB │ gzip:   1.38 kB
dist/assets/GrowingIsland-BmXfQ4gd.css                 5.29 kB │ gzip:   1.42 kB
dist/assets/IslandExperiencePanel-Cn-0xXmE.css         6.01 kB │ gzip:   1.33 kB
dist/assets/IslandPhotos-Dz-XgAxv.css                  6.54 kB │ gzip:   1.60 kB
dist/assets/IslandCustomization-BKdIHMdQ.css           7.08 kB │ gzip:   1.62 kB
dist/assets/NatureTown-CusrCJWB.css                   12.17 kB │ gzip:   3.48 kB
dist/assets/Explore-C0qQ-HMA.css                      13.06 kB │ gzip:   2.95 kB
dist/assets/growing-B2CC49L-.css                      13.94 kB │ gzip:   3.28 kB
dist/assets/Island-DVCPJhVi.css                       27.09 kB │ gzip:   5.16 kB
dist/assets/IslandLife-twUpqDIC.css                   61.34 kB │ gzip:   9.76 kB
dist/assets/Island-DRd_yZik.css                      136.60 kB │ gzip:  19.26 kB
dist/assets/index-CD05nAXS.css                       268.54 kB │ gzip:  44.89 kB
dist/assets/pdf-l0sNRNKZ.js                            0.00 kB │ gzip:   0.02 kB
dist/assets/feature-DTknTrpN.js                        0.04 kB │ gzip:   0.06 kB
dist/assets/utils-B-dksMZM.js                          0.37 kB │ gzip:   0.24 kB
dist/assets/useGardenTime-hvwMA9lq.js                  0.71 kB │ gzip:   0.39 kB
dist/assets/lighting-Da0vumLq.js                       0.79 kB │ gzip:   0.44 kB
dist/assets/homeJourney-BkBsv3V2.js                    0.95 kB │ gzip:   0.58 kB
dist/assets/Learn-CBSfAZ1h.js                          1.16 kB │ gzip:   0.67 kB
dist/assets/random-BDr3YF07.js                         1.62 kB │ gzip:   1.03 kB
dist/assets/room-DdZh6lRq.js                           1.74 kB │ gzip:   0.98 kB
dist/assets/RoundedBoxGeometry-C5X8Mxij.js             1.75 kB │ gzip:   0.83 kB
dist/assets/IslandWelcome-BL8xOC9U.js                  2.07 kB │ gzip:   1.09 kB
dist/assets/IslandRewardGoal-CmDXy7oN.js               2.14 kB │ gzip:   0.97 kB
dist/assets/LifeResidentPortrait-CSI-9d-o.js           2.37 kB │ gzip:   1.30 kB
dist/assets/IslandWorkReplay-Dq2z60cR.js               2.44 kB │ gzip:   0.92 kB
dist/assets/GrowingHouseGuide-CB2LyV8V.js              2.70 kB │ gzip:   1.33 kB
dist/assets/footprint-Bc8z9Hof.js                      3.37 kB │ gzip:   1.71 kB
dist/assets/IslandOnboarding-BuddR0sk.js               3.57 kB │ gzip:   1.56 kB
dist/assets/IslandDiscoveryGuide-CRFdpwP7.js           4.20 kB │ gzip:   1.77 kB
dist/assets/IslandFurniture-CYyI1ZeD.js                4.79 kB │ gzip:   1.80 kB
dist/assets/scene-BSuZgFxg.js                          6.42 kB │ gzip:   3.00 kB
dist/assets/geometry-vWI2hSK6.js                       6.67 kB │ gzip:   2.83 kB
dist/assets/IslandStage-D7pR27Hl.js                    6.69 kB │ gzip:   2.72 kB
dist/assets/IslandAlbum-DHEzIzLL.js                    8.59 kB │ gzip:   3.24 kB
dist/assets/friendRig-Cw0hxFr9.js                      8.78 kB │ gzip:   3.16 kB
dist/assets/LifeObservation-DZk3yzOT.js                9.06 kB │ gzip:   3.10 kB
dist/assets/HomeJourneyPreview-CN2UHE2W.js             9.42 kB │ gzip:   4.48 kB
dist/assets/IslandCustomization-LkDl8XR0.js            9.93 kB │ gzip:   3.36 kB
dist/assets/IslandExpression-juKpO9kK.js               9.93 kB │ gzip:   3.29 kB
dist/assets/IslandExperiencePanel-BFE6j2ZC.js          9.96 kB │ gzip:   3.05 kB
dist/assets/PokomokoLearningActor-B_r09eBz.js         10.07 kB │ gzip:   4.50 kB
dist/assets/IslandPhotos-CTw_g-ML.js                  10.19 kB │ gzip:   3.28 kB
dist/assets/LifeMemories-BPDtKQNk.js                  10.65 kB │ gzip:   3.83 kB
dist/assets/IslandStage-CzazPr5i.js                   10.79 kB │ gzip:   4.07 kB
dist/assets/itemGeometry-xUkY4ogT.js                  10.87 kB │ gzip:   4.45 kB
dist/assets/IslandSharedMemories-CmpshCAY.js          12.08 kB │ gzip:   3.64 kB
dist/assets/IslandWorkshop-BrcDdmh5.js                12.67 kB │ gzip:   3.60 kB
dist/assets/cottage-D-pmINpN.js                       13.37 kB │ gzip:   5.98 kB
dist/assets/homeInteriorCamera-BDMehuaD.js            19.53 kB │ gzip:   7.29 kB
dist/assets/repository-1MGvcab2.js                    21.81 kB │ gzip:   8.33 kB
dist/assets/growing-DrkeKo4t.js                       25.03 kB │ gzip:   8.85 kB
dist/assets/icons-CdNBRMzD.js                         29.12 kB │ gzip:  10.67 kB
dist/assets/LifeWorld-D3QkOwUS.js                     29.33 kB │ gzip:  11.04 kB
dist/assets/life-observation-BZkhzHJg.js              33.82 kB │ gzip:  12.44 kB
dist/assets/audio-DwtSHwBT.js                         36.13 kB │ gzip:   9.75 kB
dist/assets/Stats-DWAKceQ7.js                         36.22 kB │ gzip:  11.77 kB
dist/assets/residentInterest-D1iaH7G5.js              40.39 kB │ gzip:  16.00 kB
dist/assets/islandFurniturePlacement-COHDK0mr.js      42.09 kB │ gzip:  12.18 kB
dist/assets/GrowingWorld-mSroUHNI.js                  43.42 kB │ gzip:  16.61 kB
dist/assets/repository-BF7G0508.js                    46.09 kB │ gzip:  15.70 kB
dist/assets/react-DcHpdqMy.js                         48.53 kB │ gzip:  17.24 kB
dist/assets/NatureTown-BTOSCdcq.js                    50.88 kB │ gzip:  17.87 kB
dist/assets/scene-D_s24Fcy.js                         52.67 kB │ gzip:  20.51 kB
dist/assets/Island-Disnf8jz.js                        52.94 kB │ gzip:  16.32 kB
dist/assets/GrowingIsland-DswP-Pmq.js                 52.95 kB │ gzip:  18.26 kB
dist/assets/IslandLife-DGEEFY4i.js                    63.09 kB │ gzip:  20.61 kB
dist/assets/repository-DmRBB39Z.js                    90.92 kB │ gzip:  25.01 kB
dist/assets/data-CYRvWfdS.js                          96.37 kB │ gzip:  32.45 kB
dist/assets/runtimeAssets-y1KpfcrE.js                110.01 kB │ gzip:  40.41 kB
dist/assets/motion-iLBaTeAD.js                       119.65 kB │ gzip:  39.54 kB
dist/assets/Explore-ppEoUEoI.js                      209.48 kB │ gzip:  59.72 kB
dist/assets/three.core-DU4xsjPq.js                   262.09 kB │ gzip:  71.69 kB
dist/assets/Island-CLriBwvt.js                       268.58 kB │ gzip:  86.25 kB
dist/assets/runtime-BoE7JXaJ.js                      333.69 kB │ gzip: 104.04 kB
dist/assets/residentRig-CaeloPgX.js                  368.07 kB │ gzip:  93.46 kB
dist/assets/charts-B2Phfr4C.js                       371.25 kB │ gzip: 108.31 kB
dist/assets/index-DKTZTBQT.js                        885.80 kB │ gzip: 251.63 kB

(!) Some chunks are larger than 500 kB after minification. Consider:
- Using dynamic import() to code-split the application
- Use build.rollupOptions.output.manualChunks to improve chunking: https://rollupjs.org/configuration-options/#output-manualchunks
- Adjust chunk size limit for this warning via build.chunkSizeWarningLimit.
✓ built in 11.28s

PWA v1.2.0
mode      generateSW
precache  181 entries (5318.85 KiB)
files generated
  dist/sw.js
  dist/workbox-1d305bb8.js
warnings
  One of the glob patterns doesn't match any files. Please remove or fix the following: {
  "globDirectory": "/Users/yutogasaki/Projects/sansu/dist",
  "globPattern": "assets/pokomoko-arcade-poses-*.webp",
  "globIgnores": [
    "visual-tests/**/*",
    "fonts/NotoSansJP-Japanese.woff2",
    "sw.js",
    "workbox-*.js"
  ]
}
  One of the glob patterns doesn't match any files. Please remove or fix the following: {
  "globDirectory": "/Users/yutogasaki/Projects/sansu/dist",
  "globPattern": "assets/pokomoko-arcade-rim-*.webp",
  "globIgnores": [
    "visual-tests/**/*",
    "fonts/NotoSansJP-Japanese.woff2",
    "sw.js",
    "workbox-*.js"
  ]
}


> pokko-fushigi-zukan-app@0.0.0 assets:check
> node tools/check-asset-budget.mjs

PASS assets:check
- PWA precache: 181 unique files, 8.82 MiB / 12.00 MiB
- Explore artwork: 27 production files, 2.97 MiB / 8.00 MiB
- Production-input contract: docs/design only; absent from public and precache
