
> pokko-fushigi-zukan-app@0.0.0 verify:core
> npm run docs:check && npm run check:current-ui-entry && npm run lint && npm run typecheck && npm run test:run && npm run build


> pokko-fushigi-zukan-app@0.0.0 docs:check
> node tools/check-docs.mjs

PASS docs:check

> pokko-fushigi-zukan-app@0.0.0 check:current-ui-entry
> node tools/check-current-ui-entry.mjs

Current UI entry guard passed: dev opens Mystic Island; old Explore stays on a direct URL with an explicit classic smoke suite; Nature Town is isolated; runtime identity is exposed.

> pokko-fushigi-zukan-app@0.0.0 lint
> eslint .


/private/tmp/sansu-pokomoko-restore.7V3VQI/src/components/island/IslandMilestone.tsx
  16:17  warning  Fast refresh only works when a file only exports components. Use a new file to share constants or functions between components  react-refresh/only-export-components

✖ 1 problem (0 errors, 1 warning)


> pokko-fushigi-zukan-app@0.0.0 typecheck
> tsc -b --pretty false


> pokko-fushigi-zukan-app@0.0.0 test:run
> vitest run


 RUN  v2.1.9 /private/tmp/sansu-pokomoko-restore.7V3VQI

 ✓ src/components/island/three/sharedDisplayScene.test.ts (13 tests) 1588ms
   ✓ shared display geometry, anchors and lifecycle > exposes one opaque tabletop surface after batching while retaining the actual support and contact heights 319ms
   ✓ shared display geometry, anchors and lifecycle > keeps every real table, tray, object, petal and selection vertex inside the shared placement footprint 724ms
 ✓ src/domain/explore/__tests__/persistenceRepository.test.ts (38 tests) 1429ms
 ✓ src/domain/explore/__tests__/learningPlannerSegment.test.ts (15 tests) 768ms
 ✓ src/domain/island/expressionRepository.test.ts (11 tests) 2679ms
   ✓ expression ownership with the existing learning and photo stores > earns ordinary stars without materializing expression, acquires separately, reloads and resumes the exact same learning plan 1125ms
   ✓ expression ownership with the existing learning and photo stores > old saved butterfly observations qualify both products without auto-granting or rewriting learning and photographs 476ms
 ✓ src/domain/island/rewardGoalRepository.test.ts (14 tests) 3011ms
   ✓ reward goals and the real island storage boundary > earns the desired furniture through ordinary learning, preserves photographs and old memories, then resumes the same reservation 1519ms
   ✓ reward goals and the real island storage boundary > a saved butterfly observation changes eligibility but not the goal or ownership, then only the selected acquisition clears it 563ms
 ✓ src/hooks/useStudySession.logic.test.ts (40 tests) 11ms
 ✓ src/domain/math/generators/counting.test.ts (51 tests) 101ms
 ✓ src/hooks/blockGenerators.test.ts (32 tests) 12ms
 ✓ src/domain/island/sharedMemories.test.ts (14 tests) 263ms
 ✓ src/components/island/three/sharedActivities.test.ts (23 tests) 1639ms
Browserslist: browsers data (caniuse-lite) is 8 months old. Please run:
  npx update-browserslist-db@latest
  Why you should do it regularly: https://github.com/browserslist/update-db#readme
 ✓ src/domain/explore/__tests__/reducer.test.ts (29 tests) 57ms
 ✓ src/domain/island/island.test.ts (19 tests) 7149ms
   ✓ island frozen learning sets > reserves three introductory questions, then six familiar questions, and restores the exact plan 1434ms
   ✓ island frozen learning sets > keeps wrong answers on the same problem and assistance sticky without fabricating mastery 939ms
   ✓ island frozen learning sets > supports mixed vocabulary sets and applies vocabulary progression only to independent answers 1537ms
   ✓ island frozen learning sets > preserves fraction multi-input and stepwise written arithmetic in complete reserved plans 1671ms
   ✓ legacy frozen-plan atomic completion and deferred rewards > lets new sets continue with rewards deferred and persists exactly one selected object across retries 374ms
 ✓ src/components/island/three/workshopScene.test.ts (22 tests) 1279ms
 ✓ src/components/island/three/residentRig.test.ts (38 tests) 12210ms
   ✓ resident local rig and furniture contact > blends the flower lean out before carrying and restores it without accumulation 367ms
   ✓ resident local rig and furniture contact > stops a live walk at the visible position and settles feet without restarting the path 337ms
   ✓ resident local rig and furniture contact > otter presents either actual outer paw without stretching or moving the planted rig 358ms
   ✓ resident local rig and furniture contact > bench supports each resident at the real surface through all rotations 1648ms
   ✓ resident local rig and furniture contact > swing supports each resident at the real surface through all rotations 1118ms
   ✓ resident local rig and furniture contact > mushroom supports each resident at the real surface through all rotations 1194ms
   ✓ resident interest stays a removable layer on the real rig > otter keeps real feet, root, seat and shoulder joints on rotated ordinary objects 3419ms
 ✓ src/components/domain/LearningAnswerForm.defer.test.tsx (31 tests) 199ms
 ✓ src/domain/explore/__tests__/g0NumberVessel.test.ts (13 tests) 10ms
 ✓ src/domain/math/planner.test.ts (35 tests) 219ms
 ✓ tools/expression-audio/audio-analysis.test.mjs (53 tests) 17037ms
   ✓ evening acceptance measures its insect band and all three 2-second calls at native sample rates 611ms
   ✓ insect-band classification rejects absent insects and actual wind or water even when made quiet 1182ms
   ✓ an uninterrupted high tone, wrong cadence or missing call cannot impersonate evening insects 773ms
   ✓ every retained pitch, correspondence, silence and end window uses the same native source clock 916ms
   ✓ raw02 loop prefix positions are missing first-pitch evidence, not proof of an overlapping loop 1185ms
   ✓ one missing first-pitch sample or final required sample fails without shortening either window 2128ms
   ✓ the complete native silence window rejects contamination in its first sample that a shifted range misses 760ms
   ✓ one-sample and wrong-sign native offsets fail instead of choosing a better waveform lag 1457ms
   ✓ whole-loop aliases cannot substitute another cycle for either of the two native source windows 404ms
   ✓ unknown, nonfinite, fractional and mismatched native metadata fail rather than falling back to signal alignment 1180ms
   ✓ real-answer cue history can exceed 256 sources, while the finite source cap still cannot block native playback or close 2989ms
   ✓ malformed blocks outside a measurement remain fatal through later valid windows without changing native operations 343ms
   ✓ finite port-message budget includes nonmeasurement traffic and cannot prevent native retirement 638ms
 ✓ src/domain/island/workshop.test.ts (14 tests) 215ms
 ✓ src/domain/logic.test.ts (26 tests) 15ms
 ✓ src/components/island/three/livingRuntime.test.ts (18 tests) 5655ms
   ✓ runtime life cancellation and actual observations > checks a landed bird face in the actual rendered frame, preserves old records and recovers once (reduced=false) 830ms
   ✓ runtime life cancellation and actual observations > checks a landed bird face in the actual rendered frame, preserves old records and recovers once (reduced=true) 905ms
   ✓ runtime life cancellation and actual observations > checks the actual butterfly frame when a resident moves behind its wings, then recovers without refitting or consuming old records (reduced=false) 469ms
   ✓ runtime life cancellation and actual observations > checks the actual butterfly frame when a resident moves behind its wings, then recovers without refitting or consuming old records (reduced=true) 493ms
   ✓ runtime life cancellation and actual observations > retains the existing spontaneous ribbon-butterfly home observation gate without requiring an explicit camera identity result 358ms
   ✓ runtime life cancellation and actual observations > uses exactly the same all camera and world scale for past and present 670ms
   ✓ runtime life cancellation and actual observations > ordinary play of a far-away village lamp takes a real house route before discovering home-visit 401ms
   ✓ runtime life cancellation and actual observations > walks real clear routes to the house for home-visit before recording it 321ms
   ✓ runtime life cancellation and actual observations > walks real clear routes to the house for terrace-time before recording it 335ms
   ✓ runtime life cancellation and actual observations > does not discover a started or hidden outcome, and album and learning are side-effect free 327ms
 ✓ src/components/island/three/sharedJobController.test.ts (23 tests) 11299ms
   ✓ shared work after-render and actual object continuity > borrows the actual hand, lamp and receiver for framing without turning strict camera diagnostics into a save gate 2352ms
   ✓ shared work after-render and actual object continuity > places the actual preview only after a visible frame, and transfers the same object into the saved scene 369ms
   ✓ shared work after-render and actual object continuity > moves an existing display using the original actual object and restores it on cancellation 312ms
   ✓ shared work after-render and actual object continuity > returns a cancelled preview to the same legal table without a callback 317ms
   ✓ shared work after-render and actual object continuity > moves three finite actual petals from preparation to display before arranging (reduced=false) 345ms
   ✓ shared work after-render and actual object continuity > carries the same displayed object with real hand contact then releases it (reduced=false) 472ms
   ✓ shared work after-render and actual object continuity > carries the same displayed object with real hand contact then releases it (reduced=true) 450ms
   ✓ shared work after-render and actual object continuity > performs the actual rabbit job before recording one visible result 447ms
   ✓ shared work after-render and actual object continuity > performs the actual fox job before recording one visible result 352ms
   ✓ shared work after-render and actual object continuity > uses the saved actual work layout for the otter job without changing its parts 347ms
   ✓ shared work after-render and actual object continuity > uses the saved actual work layout for the fox job without changing its parts 321ms
   ✓ shared work after-render and actual object continuity > illuminates the actual glass window off the axle and does not transmit through intervening wood 466ms
   ✓ shared work after-render and actual object continuity > cancels an in-hand object without saving when inactive changes 377ms
   ✓ shared work after-render and actual object continuity > cancels an in-hand object without saving when profile changes 381ms
   ✓ shared work after-render and actual object continuity > cancels an in-hand object without saving when changed-target changes 506ms
   ✓ shared work after-render and actual object continuity > cancels an in-hand object without saving when stop changes 363ms
   ✓ shared work after-render and actual object continuity > revisits the remembered actual target with otter after its display is stored 696ms
   ✓ shared work after-render and actual object continuity > revisits the remembered actual target with rabbit after its display is stored 875ms
   ✓ shared work after-render and actual object continuity > revisits the remembered actual target with fox after its display is stored 652ms
 ✓ src/domain/island/experienceRepository.test.ts (12 tests) 7491ms
   ✓ owned atomic experience persistence > rolls back a failed layout application receipt including all positions, cosmetics and optional expression state 3570ms
   ✓ saved layout application against the current earned world > keeps real later learning/growth, earned new items, spent stars and the saved next plan when restoring an old layout 3332ms
 ✓ src/components/island/IslandAnswerForm.test.tsx (38 tests) 2044ms
   ✓ Island problem semantic presentation > has a curated equivalent for every symbol actually emitted by the current math generators 1654ms
 ✓ src/domain/algorithms/srs.test.ts (60 tests) 45ms
 ✓ src/domain/island/photosRepository.test.ts (11 tests) 2121ms
   ✓ independent photo persistence and replay > does not materialize absent albums, and saves/loads/deletes the actual PNG without changing learning, growth or workshop 323ms
   ✓ atomic limits, abort and deletion > enforces combined full+thumbnail 24MiB even before the twelfth photo 653ms
 ✓ src/components/island/useIslandCustomization.test.ts (27 tests) 1065ms
 ✓ src/domain/island/learningObservationCommit.test.ts (28 tests) 2559ms
   ✓ Island observation preserves the existing transaction and clocks > leaves every store identical apart from optional envelopes for 'number' actual wrong/correct answers 363ms
 ✓ src/components/island/islandWorkshopQueue.test.ts (20 tests) 286ms
 ✓ src/domain/island/sharedMemoriesRepository.test.ts (9 tests) 1851ms
   ✓ shared memory persistence and learning boundaries > preserves legacy absence through real planning/answers and rejects new features before the first section 348ms
   ✓ shared memory persistence and learning boundaries > keeps the twelve-item shelf bounded while saving the full thirteenth result, then re-collects it without changing first time/order 611ms
 ✓ src/domain/island/learningContinuity.test.ts (13 tests) 5531ms
   ✓ island learning continuity > retains a math recheck after correcting the same problem and reopening the plan 375ms
   ✓ island learning continuity > lets the next overdue word appear while the oldest supported word remains Due 488ms
   ✓ island learning continuity > shares review opportunities across 6-question 'math' sets 569ms
   ✓ island learning continuity > shares review opportunities across 3-question 'math' sets 600ms
   ✓ island learning continuity > shares review opportunities across 3-question 'mix' sets 974ms
   ✓ island learning continuity > does not disguise unselected pending checks as ordinary Due across repeated short sets 1419ms
 ✓ src/components/island/useIslandExperience.test.ts (16 tests) 2099ms
   ✓ experience hook exact scene receipt recovery > retries the original canonical capture after a committed response is lost, without recapturing later outfits or names 327ms
 ✓ src/domain/island/workshopLayout.test.ts (17 tests) 121ms
 ✓ src/domain/island/workshopRepository.test.ts (9 tests) 1882ms
   ✓ optional workshop ownership and unchanged learning > reloads partial cleaning, first observations, names, shelves, both works and checkpoint history without changing any learning table, stars or growth 499ms
 ✓ src/domain/island/learningKeepsakesRepository.test.ts (10 tests) 2714ms
   ✓ atomic owned learning keepsakes > earns first and five-section awards through real learning, changes only shelf+receipt, and preserves the same reservation 919ms
   ✓ atomic owned learning keepsakes > a bulk retry after more real learning cannot automatically display newly eligible keepsakes 731ms
 ✓ src/domain/island/growthRepository.test.ts (11 tests) 5638ms
   ✓ owned atomic living island persistence > rolls back partial growth with the final answer, then retains it through reload, focus changes and receipt replay 454ms
   ✓ owned atomic living island persistence > aborts growth, snapshot, answer, profile and completion together then saves each once on retry 3840ms
   ✓ owned atomic living island persistence > saves old appearances independently of earned growth and never rewrites album snapshots or user placement 449ms
 ✓ src/domain/island/expression.test.ts (16 tests) 53ms
 ✓ src/components/island/useIslandSharedMemories.test.ts (13 tests) 1694ms
 ✓ src/domain/island/customizationRepository.test.ts (16 tests) 1930ms
   ✓ exactly once stars from committed learning > finishes a saved old growth reservation at its original reward before adopting new pacing 336ms
 ✓ src/domain/park/park.test.ts (131 tests) 982ms
 ✓ src/domain/explore/__tests__/learningSegmentPersistence.test.ts (7 tests) 407ms
 ✓ src/domain/learning/attemptPersistence.test.ts (24 tests) 1258ms
 ✓ src/components/island/three/residentInteraction.test.ts (21 tests) 774ms
   ✓ reachable, replayable island furniture > returns blocked when no visible resident can reach the object 473ms
 ✓ src/components/island/useIslandPhotos.test.ts (15 tests) 1051ms
 ✓ src/components/island/three/growthVisuals.test.ts (21 tests) 2215ms
   ✓ same-place growth geometry > retains bench footprint and real seat support at all four appearances 519ms
 ✓ src/domain/user/repository.test.ts (9 tests) 482ms
   ✓ getActiveProfile > deletes all IndexedDB rows owned by a profile and selects the next profile 477ms
 ✓ src/components/island/three/navigation.test.ts (19 tests) 66ms
 ✓ src/domain/island/furnitureRepository.test.ts (11 tests) 4443ms
   ✓ atomic optional furniture acquisition > earns stars through ordinary answers, acquires telescope, reloads and resumes the same learning reservation 1432ms
   ✓ atomic optional furniture acquisition > earns stars through ordinary answers, acquires hammock, reloads and resumes the same learning reservation 797ms
   ✓ atomic optional furniture acquisition > earns stars through ordinary answers, acquires tea-table, reloads and resumes the same learning reservation 1651ms
 ✓ src/domain/explore/__tests__/learningPlanner.test.ts (8 tests) 650ms
 ✓ src/components/island/three/runtimeExpressionEnvironment.test.ts (10 tests) 30501ms
   ✓ runtime environment/flag ownership boundary > restores occlusion then seasonal materials before appearance and growth rebuild, using the same camera and rig roots 4509ms
   ✓ runtime environment/flag ownership boundary > shows the actual trim even with default identity, reports its actual visibility, and keeps old memories bare 3915ms
   ✓ runtime environment/flag ownership boundary > does not overwrite captured look/flag/environment state or the learning camera when hidden learning receives a saved scene 2026ms
   ✓ runtime environment/flag ownership boundary > restores each saved free look on the same three rigs after removing raincoat 2189ms
   ✓ runtime environment/flag ownership boundary > restores each saved free look on the same three rigs after removing star-beret 2134ms
   ✓ runtime environment/flag ownership boundary > cancels the actual walk and clears live foot marks on learning 4842ms
   ✓ runtime environment/flag ownership boundary > cancels the actual walk and clears live foot marks on exit 4004ms
   ✓ runtime environment/flag ownership boundary > cancels the actual walk and clears live foot marks on selection-change 3944ms
   ✓ runtime environment/flag ownership boundary > does not pass a fresh walk request to the controller while the document is hidden 1335ms
   ✓ runtime environment/flag ownership boundary > releases seasonal clones before the world can dispose their source materials 1602ms
 ✓ src/domain/explore/__tests__/problemAdapter.test.ts (38 tests) 141ms
 ✓ src/domain/island/learningSession.test.ts (10 tests) 1865ms
   ✓ Island answer receipt and the next reserved section > automatically grows after the first three questions, then crosses six questions with zero reward interruptions 361ms
   ✓ Island answer receipt and the next reserved section > serializes two final submissions and replays against the latest pending plan without a second growth or reservation 320ms
 ✓ src/components/island/three/sharedActivityFraming.test.ts (26 tests) 59474ms
   ✓ body identity keeps the actual articulated tail > otter retains tail surfaces in every held pose without borrowing head or arm surfaces 1028ms
   ✓ one side view contains the complete shared delivery > 'flower' fits all quarter-turn chair directions and phone/tablet stage shapes 5170ms
   ✓ one side view contains the complete shared delivery > 'star' fits all quarter-turn chair directions and phone/tablet stage shapes 5343ms
   ✓ one side view contains the complete shared delivery > 'bubble' fits all quarter-turn chair directions and phone/tablet stage shapes 6166ms
   ✓ one side view contains the complete shared delivery > scores actual held poses for '624 star spectator' across every phase without touching the live rigs 3601ms
   ✓ one side view contains the complete shared delivery > scores actual held poses for '484 star self-occlusion' across every phase without touching the live rigs 1809ms
   ✓ one side view contains the complete shared delivery > scores actual held poses for '484 bubble self-occlusion' across every phase without touching the live rigs 3472ms
   ✓ one side view contains the complete shared delivery > keeps each subject readable in the recorded 0875 'phone star' scene 2466ms
   ✓ one side view contains the complete shared delivery > keeps each subject readable in the recorded 0875 'tablet star' scene 2584ms
   ✓ one side view contains the complete shared delivery > keeps each subject readable in the recorded 0875 'phone flower' scene 1703ms
   ✓ one side view contains the complete shared delivery > keeps each subject readable in the recorded 0875 'tablet flower' scene 2006ms
   ✓ one side view contains the complete shared delivery > keeps each subject readable in the recorded 0875 'phone bubble' scene 1579ms
   ✓ one side view contains the complete shared delivery > keeps each subject readable in the recorded 0875 'tablet bubble' scene 1661ms
   ✓ one side view contains the complete shared delivery > selects a legal fixed presentation for cdc5 phone without inventing readability 2300ms
   ✓ one side view contains the complete shared delivery > selects a legal fixed presentation for cdc5 tablet without inventing readability 2348ms
   ✓ one side view contains the complete shared delivery > selects a legal fixed presentation for cdc5 obstructed without inventing readability 4886ms
   ✓ recorded 5d7 subjects cannot borrow visibility from later poses > 'phone-flower' preserves a legal readable presentation 1306ms
   ✓ recorded 5d7 subjects cannot borrow visibility from later poses > 'phone-star' preserves a legal readable presentation 1300ms
   ✓ recorded 5d7 subjects cannot borrow visibility from later poses > 'phone-bubble' preserves a legal readable presentation 1272ms
   ✓ recorded 5d7 subjects cannot borrow visibility from later poses > 'tablet-flower' preserves a legal readable presentation 1633ms
   ✓ recorded 5d7 subjects cannot borrow visibility from later poses > 'tablet-star' preserves a legal readable presentation 1327ms
   ✓ recorded 5d7 subjects cannot borrow visibility from later poses > 'tablet-bubble' preserves a legal readable presentation 1575ms
   ✓ recorded 5d7 subjects cannot borrow visibility from later poses > 'tablet-fox-flower' preserves a legal readable presentation 2391ms
 ✓ src/domain/explore/__tests__/g0NumberSuika.test.ts (32 tests) 187ms
 ✓ src/components/island/three/sharedActivityController.test.ts (20 tests) 5202ms
   ✓ physical sharing lifecycle > flower travels from the source through two actual residents without crossing bodies 552ms
   ✓ physical sharing lifecycle > cancels gather-walk at rendered coordinates, hides every prop, and permits learning 378ms
   ✓ physical sharing lifecycle > cancels share at rendered coordinates, hides every prop, and permits learning 417ms
   ✓ physical sharing lifecycle > reduced star uses the same roles and route ends in one frame without prop flight 356ms
   ✓ physical sharing lifecycle > reduced bubble uses the same roles and route ends in one frame without prop flight 339ms
 ❯ src/hooks/learningProgression.integration.test.ts (12 tests | 1 failed) 16247ms
   × learning progression from real generated questions > reaches 70% promotion through generated normal blocks and persisted answers 15005ms
     → Test timed out in 15000ms.
If this is a long-running test, pass a timeout value as the last argument or configure it globally with "testTimeout".
   ✓ learning progression from real generated questions > keeps unknown vocabulary answers out of the independent unlock window 391ms
   ✓ learning progression from real generated questions > holds the old math test range when the persisted 30th answer promotes the main level 592ms
 ✓ src/components/island/useIslandExpression.test.ts (9 tests) 618ms
 ✓ src/components/explore/ExploreProblemPanel.test.tsx (16 tests) 244ms
 ✓ src/domain/test/printability.test.ts (22 tests) 49ms
 ✓ src/domain/island/customizationAppearanceRepository.test.ts (8 tests) 776ms
 ✓ src/components/island/three/sharedDisplayFraming.test.ts (11 tests) 18935ms
   ✓ shared photo actual scene sightlines > clears the photographed tree at (.20, -.60), π/2 on 'phone' without hiding or relocating it 2509ms
   ✓ shared photo actual scene sightlines > clears the photographed tree at (.20, -.60), π/2 on 'tablet' without hiding or relocating it 2900ms
   ✓ shared photo actual scene sightlines > keeps every actual saved work part readable at aspect 1.1016949152542372 3549ms
   ✓ shared photo actual scene sightlines > keeps every actual saved work part readable at aspect 1.786046511627907 3347ms
   ✓ shared photo actual scene sightlines > uses transformed world geometry and caches a stable near view without repeating rays 1636ms
   ✓ shared photo actual scene sightlines > responds to a real resident entering the chosen sightline and keeps that view when it clears 2425ms
   ✓ shared photo actual scene sightlines > ignores invisible and fully transparent meshes, but reports an opaque enclosure as unreadable 2205ms
 ✓ src/domain/explore/__tests__/g0Whitebox.test.ts (13 tests) 154ms
 ✓ src/domain/islandLife/discoveryJournal.test.ts (14 tests) 365ms
 ✓ src/components/island/three/sharedDisplayFrameBoundary.test.ts (5 tests) 8637ms
   ✓ shared job completion releases the display camera > uses the same job candidate for capture, clears it on learning/hidden and returns to the unchanged static display selector 2545ms
   ✓ shared job completion releases the display camera > keeps pending work and clears the actual work parts only after commit and settle at 390px (commit first=false) 2183ms
   ✓ shared job completion releases the display camera > keeps pending work and clears the actual work parts only after commit and settle at 390px (commit first=true) 1501ms
   ✓ shared job completion releases the display camera > keeps pending work and clears the actual work parts only after commit and settle at 768px (commit first=false) 1293ms
   ✓ shared job completion releases the display camera > keeps pending work and clears the actual work parts only after commit and settle at 768px (commit first=true) 1114ms
 ✓ src/components/island/three/runtimeFurnitureClearance.test.ts (5 tests) 24846ms
   ✓ runtime trial preparation waits for actual saved-furniture clearance > keeps the recorded rabbit walking, then resolves and uses the same choice from the real endpoint 9872ms
   ✓ runtime trial preparation waits for actual saved-furniture clearance > starts newly required clearance before trial preparation on the same runtime update 3058ms
   ✓ runtime trial preparation waits for actual saved-furniture clearance > discards the old waiting iterator on learning without moving the rabbit to finish 1669ms
   ✓ runtime trial preparation waits for actual saved-furniture clearance > discards the old waiting iterator on exit without moving the rabbit to finish 1328ms
   ✓ runtime trial preparation waits for actual saved-furniture clearance > discards the old waiting iterator on reselection without moving the rabbit to finish 8918ms
 ✓ src/domain/island/appearance.test.ts (12 tests) 394ms
   ✓ one wallet, eighteen parts, three completed recipes > charges each component once for every prior-ownership subset, independent of purchase order 349ms
 ✓ src/components/island/three/connectedTerrain.test.ts (10 tests) 65145ms
   ✓ connected terrain exterior > adds a supported central depth only at maturity without repeating the main decorative lobes 721ms
   ✓ connected terrain exterior > returns finite immutable matching rings and caches only plain coordinates 1292ms
   ✓ connected terrain exterior > supports every old ellipse and candidate connector on one y=0 cap at level 0 317ms
   ✓ connected terrain exterior > supports every old ellipse and candidate connector on one y=0 cap at level 1 1773ms
   ✓ connected terrain exterior > supports every old ellipse and candidate connector on one y=0 cap at level 2 4198ms
   ✓ connected terrain exterior > triangulates the concave cap once without extra covered area or duplicate triangles 341ms
   ✓ connected terrain exterior > fills only the nested external layer bands and leaves no shore through the connecting floor 3274ms
   ✓ connected terrain exterior > proves band nesting at every linear breakpoint and actual surface support between the boundaries 5663ms
   ✓ connected terrain exterior > keeps world UVs, slot material identity and borrowed textures across every existing style 47545ms
 ✓ src/domain/learning/evidence.test.ts (16 tests) 148ms
 ✓ src/domain/island/progressiveSupport.test.ts (13 tests) 631ms
 ✓ src/components/island/three/cosmeticScenery.test.ts (19 tests) 68288ms
   ✓ owned cosmetic scenery > leaves the moon-garden legacy scene geometry and rooted tree exactly as authored 5123ms
   ✓ owned cosmetic scenery > leaves the starry legacy scene geometry and rooted tree exactly as authored 3268ms
   ✓ owned cosmetic scenery > leaves the candy legacy scene geometry and rooted tree exactly as authored 3167ms
   ✓ owned cosmetic scenery > leaves the crystal legacy scene geometry and rooted tree exactly as authored 2299ms
   ✓ owned cosmetic scenery > changes real canopy silhouettes and house geometry, beyond recoloring 3874ms
   ✓ owned cosmetic scenery > moon-garden preserves true ground, light anchors and growth through every accent 7780ms
   ✓ owned cosmetic scenery > starry preserves true ground, light anchors and growth through every accent 7605ms
   ✓ owned cosmetic scenery > candy preserves true ground, light anchors and growth through every accent 7285ms
   ✓ owned cosmetic scenery > crystal preserves true ground, light anchors and growth through every accent 8689ms
   ✓ owned cosmetic scenery > keeps crystal shore silhouettes clear of all land, bridge, resident and furniture footprints after expansion 2259ms
   ✓ owned cosmetic scenery > disposes each owned geometry, material and texture once without touching resident materials 9797ms
   ✓ owned cosmetic scenery > fits 'moon-garden' theme at grown=false in the same home camera on phone and tablet 668ms
   ✓ owned cosmetic scenery > fits 'moon-garden' theme at grown=true in the same home camera on phone and tablet 1162ms
   ✓ owned cosmetic scenery > fits 'starry' theme at grown=false in the same home camera on phone and tablet 647ms
   ✓ owned cosmetic scenery > fits 'starry' theme at grown=true in the same home camera on phone and tablet 1031ms
   ✓ owned cosmetic scenery > fits 'candy' theme at grown=false in the same home camera on phone and tablet 591ms
   ✓ owned cosmetic scenery > fits 'candy' theme at grown=true in the same home camera on phone and tablet 1737ms
   ✓ owned cosmetic scenery > fits 'crystal' theme at grown=false in the same home camera on phone and tablet 510ms
   ✓ owned cosmetic scenery > fits 'crystal' theme at grown=true in the same home camera on phone and tablet 785ms
 ✓ src/domain/island/experience.test.ts (19 tests) 62ms
 ✓ src/components/island/three/appearanceRendering.test.ts (11 tests) 34599ms
   ✓ independently equipped actual island surfaces > maps the biscuit surface onto unchanged level land and retires its shared texture once 3306ms
   ✓ independently equipped actual island surfaces > starry changes each actual slot while retaining every other slot and rooted identity 6886ms
   ✓ independently equipped actual island surfaces > candy changes each actual slot while retaining every other slot and rooted identity 6846ms
   ✓ independently equipped actual island surfaces > crystal changes each actual slot while retaining every other slot and rooted identity 3612ms
   ✓ independently equipped actual island surfaces > resolves the same explicit mix independently of legacy theme history, including accents 2114ms
   ✓ independently equipped actual island surfaces > keeps actual level ground and both bridge decks through three full looks and old restoration 5552ms
   ✓ independently equipped actual island surfaces > only retires changed-slot resources and disposes each visible owned resource once 1228ms
   ✓ independently equipped actual island surfaces > distinguishes hidden expanded bridge meshes from currently visible geometry 1517ms
   ✓ independently equipped actual island surfaces > starry fits its actual distant silhouettes in the chosen overview at each land stage 1381ms
   ✓ independently equipped actual island surfaces > candy fits its actual distant silhouettes in the chosen overview at each land stage 1093ms
   ✓ independently equipped actual island surfaces > crystal fits its actual distant silhouettes in the chosen overview at each land stage 1064ms
 ✓ src/components/island/three/treeCanopyGeometry.test.ts (10 tests) 1399ms
   ✓ sculpted moon-garden canopy > retains one closed outward surface with finite unit normals and a welded lighting seam 308ms
   ✓ sculpted moon-garden canopy > keeps rooted growth, light contact and yellow dots through an owned-theme round trip 382ms
 ✓ src/domain/island/growth.test.ts (11 tests) 85ms
 ✓ src/components/island/three/natureObservationFrame.test.ts (22 tests) 99681ms
   ✓ explicit nature observation framing > rejects qualified-03/06 saved phone cameras and a visible but subpixel frontal face (reduced=false) 8896ms
   ✓ explicit nature observation framing > rejects qualified-03/06 saved phone cameras and a visible but subpixel frontal face (reduced=true) 7919ms
   ✓ explicit nature observation framing > separates butterfly in the actual qualified-03 layout from the unchanged rabbit throughout its flight (1.0103626943005182/false) 4381ms
   ✓ explicit nature observation framing > separates butterfly in the actual qualified-03 layout from the unchanged rabbit throughout its flight (1.0103626943005182/true) 4375ms
   ✓ explicit nature observation framing > separates butterfly in the actual qualified-03 layout from the unchanged rabbit throughout its flight (1.6340425531914893/false) 4689ms
   ✓ explicit nature observation framing > separates butterfly in the actual qualified-03 layout from the unchanged rabbit throughout its flight (1.6340425531914893/true) 4253ms
   ✓ explicit nature observation framing > separates ribbon-butterfly in the actual qualified-03 layout from the unchanged rabbit throughout its flight (1.0103626943005182/false) 4186ms
   ✓ explicit nature observation framing > separates ribbon-butterfly in the actual qualified-03 layout from the unchanged rabbit throughout its flight (1.0103626943005182/true) 3273ms
   ✓ explicit nature observation framing > separates ribbon-butterfly in the actual qualified-03 layout from the unchanged rabbit throughout its flight (1.6340425531914893/false) 3626ms
   ✓ explicit nature observation framing > separates ribbon-butterfly in the actual qualified-03 layout from the unchanged rabbit throughout its flight (1.6340425531914893/true) 3671ms
   ✓ explicit nature observation framing > holds a butterfly covered in every candidate and recovers without moving its host or residents 4586ms
   ✓ explicit nature observation framing > shows the actual eyes and beak at the rotated mushroom from qualified-03/06 without moving any model (reduced=false) 12233ms
   ✓ explicit nature observation framing > shows the actual eyes and beak at the rotated mushroom from qualified-03/06 without moving any model (reduced=true) 13932ms
   ✓ explicit nature observation framing > keeps a landed or hovering bird readable at host yaw 0 in a single fixed observation camera 2314ms
   ✓ explicit nature observation framing > keeps a landed or hovering bird readable at host yaw 1.5707963267948966 in a single fixed observation camera 1785ms
   ✓ explicit nature observation framing > keeps a landed or hovering bird readable at host yaw 3.141592653589793 in a single fixed observation camera 1530ms
   ✓ explicit nature observation framing > keeps a landed or hovering bird readable at host yaw -2.356194490192345 in a single fixed observation camera 1572ms
   ✓ explicit nature observation framing > chooses another front angle when real foreground geometry covers the face and never declares a covered face readable 12437ms
 ✓ src/domain/math/numberSenseProgress.test.ts (32 tests) 6ms
 ✓ src/components/island/IslandLearningKeepsakes.test.tsx (15 tests) 244ms
 ✓ src/components/island/three/grassSurface.test.ts (9 tests) 1859ms
   ✓ default mint lawn bump surface > keeps the visible cap texture and retires it once on purchase, restore and exit 1185ms
 ✓ src/components/island/useIslandLearningKeepsakes.test.ts (11 tests) 347ms
 ✓ src/domain/learning/independentProgress.integration.test.ts (12 tests) 699ms
   ✓ independent progress through the learning writer > keeps raw correction successes but only adds matching independent whole answers to progress 312ms
 ✓ src/components/island/islandWorkshopAudio.test.ts (12 tests) 321ms
 ✓ src/components/island/three/roofSurface.test.ts (6 tests) 4784ms
   ✓ default roof material prototype > keeps opaque, deterministic broad colors continuous across both texture edges 520ms
   ✓ default roof material prototype > delivers the mapped face and all four seams through the actual scenery builder without leaking into other styles 2969ms
   ✓ default roof material prototype > restores an actual placement clone before retiring the roof pool on an explicit-style switch 1273ms
 ✓ src/components/island/three/optionalFurnitureController.test.ts (37 tests) 20027ms
   ✓ optional tools use the actual bodies and bounded furniture > starts the walk clock only after its first actual rendered frame (reduced=false) 363ms
   ✓ optional tools use the actual bodies and bounded furniture > cancels a prepared walk without borrowing its render clock for the next invitation 380ms
   ✓ optional tools use the actual bodies and bounded furniture > telescope uses selected otter with visible actual contacts 429ms
   ✓ optional tools use the actual bodies and bounded furniture > telescope uses selected rabbit with visible actual contacts 401ms
   ✓ optional tools use the actual bodies and bounded furniture > telescope uses selected fox with visible actual contacts 494ms
   ✓ optional tools use the actual bodies and bounded furniture > hammock uses selected otter with visible actual contacts 676ms
   ✓ optional tools use the actual bodies and bounded furniture > hammock uses selected rabbit with visible actual contacts 331ms
   ✓ optional tools use the actual bodies and bounded furniture > tea-table uses selected otter with visible actual contacts 892ms
   ✓ optional tools use the actual bodies and bounded furniture > tea-table uses selected rabbit with visible actual contacts 996ms
   ✓ optional tools use the actual bodies and bounded furniture > tea-table uses selected fox with visible actual contacts 991ms
   ✓ optional tools use the actual bodies and bounded furniture > telescope keeps contact and real framing at rotation 1.5707963267948966 in both motion modes 501ms
   ✓ optional tools use the actual bodies and bounded furniture > telescope keeps contact and real framing at rotation 3.141592653589793 in both motion modes 373ms
   ✓ optional tools use the actual bodies and bounded furniture > telescope keeps contact and real framing at rotation 4.71238898038469 in both motion modes 350ms
   ✓ optional tools use the actual bodies and bounded furniture > hammock keeps contact and real framing at rotation 1.5707963267948966 in both motion modes 519ms
   ✓ optional tools use the actual bodies and bounded furniture > hammock keeps contact and real framing at rotation 3.141592653589793 in both motion modes 363ms
   ✓ optional tools use the actual bodies and bounded furniture > hammock keeps contact and real framing at rotation 4.71238898038469 in both motion modes 625ms
   ✓ optional tools use the actual bodies and bounded furniture > tea-table keeps contact and real framing at rotation 1.5707963267948966 in both motion modes 1088ms
   ✓ optional tools use the actual bodies and bounded furniture > tea-table keeps contact and real framing at rotation 3.141592653589793 in both motion modes 530ms
   ✓ optional tools use the actual bodies and bounded furniture > tea-table keeps contact and real framing at rotation 4.71238898038469 in both motion modes 520ms
   ✓ optional tools use the actual bodies and bounded furniture > tea passes one real cup from otter to rabbit with both hands touching 526ms
   ✓ optional tools use the actual bodies and bounded furniture > tea passes one real cup from otter to fox with both hands touching 687ms
   ✓ optional tools use the actual bodies and bounded furniture > tea passes one real cup from rabbit to otter with both hands touching 613ms
   ✓ optional tools use the actual bodies and bounded furniture > tea passes one real cup from rabbit to fox with both hands touching 763ms
   ✓ optional tools use the actual bodies and bounded furniture > tea passes one real cup from fox to otter with both hands touching 739ms
   ✓ optional tools use the actual bodies and bounded furniture > tea passes one real cup from fox to rabbit with both hands touching 996ms
   ✓ optional tools use the actual bodies and bounded furniture > routes the actual fox tail around an independent obstacle and the stationary residents 2101ms
   ✓ optional tools use the actual bodies and bounded furniture > hammock cancellation drops a borrowed action without replay or changing owned poses 481ms
   ✓ optional tools use the actual bodies and bounded furniture > tea-table cancellation drops a borrowed action without replay or changing owned poses 436ms
 ✓ src/domain/math/writtenArithmetic.test.ts (38 tests) 416ms
 ✓ src/domain/island/rewardGoal.test.ts (13 tests) 159ms
 ✓ tools/island-expression-audio-focused-audit.test.mjs (12 tests) 118ms
 ✓ src/domain/islandLife/relationObservation.test.ts (13 tests) 382ms
 ✓ src/components/island/three/personalScenery.test.ts (11 tests) 4754ms
   ✓ house-mounted personal identity > moon-garden leaves the actual nameplate and roof flag visible from the home camera direction 1299ms
   ✓ house-mounted personal identity > starry leaves the actual nameplate and roof flag visible from the home camera direction 1240ms
   ✓ house-mounted personal identity > candy leaves the actual nameplate and roof flag visible from the home camera direction 1123ms
   ✓ house-mounted personal identity > crystal leaves the actual nameplate and roof flag visible from the home camera direction 918ms
 ✓ src/domain/learningRepository.test.ts (14 tests) 89ms
 ✓ src/components/island/three/workshopPresentation.test.ts (14 tests) 2421ms
   ✓ borrowing the live world for workshop presentation > walks selected otter outside the board, renders exact hand contact before run, then restores its actual pose 599ms
   ✓ borrowing the live world for workshop presentation > walks selected rabbit outside the board, renders exact hand contact before run, then restores its actual pose 468ms
 ✓ src/components/island/three/natureVisuals.test.ts (8 tests) 355ms
 ✓ src/domain/user/onboarding.test.ts (20 tests) 2669ms
   ✓ explicit first learning setup > starts beyond q_div for both second and sixth graders without inventing answer evidence 387ms
   ✓ explicit first learning setup > starts beyond q_decimal for both second and sixth graders without inventing answer evidence 417ms
   ✓ explicit first learning setup > starts beyond q_fraction_mul for both second and sixth graders without inventing answer evidence 543ms
 ✓ src/domain/island/learningKeepsakes.test.ts (32 tests) 21ms
 ✓ src/components/challenge/useChallengeSession.test.tsx (9 tests) 562ms
 ✓ src/components/island/three/furnitureClearanceController.test.ts (9 tests) 3506ms
   ✓ saved furniture clearance runs physical moves in sequence > moves only the current resident, keeps waiting occupancy, and reaches each preflighted endpoint 495ms
   ✓ saved furniture clearance runs physical moves in sequence > cancels at the current ground point, clears future moves, and leaves unrelated walks alone 401ms
   ✓ saved furniture clearance runs physical moves in sequence > contains the whole current bodies and every future route before the second resident starts 1632ms
 ✓ src/components/island/life/runtimeAssets.test.ts (11 tests) 333ms
 ✓ src/domain/island/learningObservation.test.ts (19 tests) 21ms
 ✓ src/domain/island/sceneStyle.test.ts (6 tests) 13ms
 ✓ src/components/island/useIslandRewardGoal.test.ts (11 tests) 390ms
 ✓ src/components/island/three/flagFraming.test.ts (7 tests) 15499ms
   ✓ inspection of the actual island flag > keeps identity and trim in front of actual mature house shapes for legacy and independent styles 15421ms
 ✓ src/domain/learning/unitPlanning.integration.test.ts (14 tests) 529ms
 ✓ src/domain/explore/__tests__/g0ChainShot.test.ts (12 tests) 9ms
 ✓ src/components/island/three/residentTail.test.ts (4 tests) 2591ms
   ✓ the same actual tail has a reversible sitting joint > otter: original standing shape, clear backboards and standing borrowed pose 709ms
   ✓ the same actual tail has a reversible sitting joint > keeps the recorded star handoff visible past the real fox tail in every shared phase 1655ms
 ✓ src/components/island/three/runtimePhotography.test.ts (13 tests) 10730ms
   ✓ current-scene photography boundary > renders before encoding without resetting the current actor or camera 1101ms
   ✓ current-scene photography boundary > photographs a real house keepsake in the existing island scene at 390×354 1234ms
   ✓ current-scene photography boundary > photographs a real house keepsake in the existing island scene at 768×430 907ms
   ✓ current-scene photography boundary > cannot render or encode a hidden scene 708ms
   ✓ current-scene photography boundary > cannot render or encode a offscreen scene 1093ms
   ✓ current-scene photography boundary > cannot render or encode a learning scene 753ms
   ✓ current-scene photography boundary > cannot render or encode a lost scene 633ms
   ✓ current-scene photography boundary > cannot render or encode a disposed scene 588ms
   ✓ current-scene photography boundary > tracks the actual otter and cap before capture without changing its pose 775ms
   ✓ current-scene photography boundary > tracks the actual rabbit and cap before capture without changing its pose 807ms
   ✓ current-scene photography boundary > tracks the actual fox and cap before capture without changing its pose 579ms
   ✓ display photo uses the actual scene before encoding > checks live tree occlusion before a 390×354 capture 849ms
   ✓ display photo uses the actual scene before encoding > checks live tree occlusion before a 768×430 capture 702ms
 ✓ src/components/island/useIslandFurniture.test.ts (10 tests) 334ms
 ✓ src/domain/islandLife/relationSelection.test.ts (11 tests) 222ms
 ✓ src/domain/islandLife/repository.test.ts (8 tests) 4658ms
   ✓ independent life persistence > never awards a diagnostic time jump twice and recovers from backward clock 3877ms
 ✓ src/components/island/life/useIslandLife.test.ts (12 tests) 902ms
 ✓ src/components/island/three/sharedActivityVisuals.test.ts (12 tests) 218ms
 ✓ src/domain/challenge/repository.test.ts (14 tests) 934ms
 ✓ src/components/island/life/IslandLife.startup.test.tsx (4 tests) 59ms
 ✓ src/components/island/islandAmbienceAudio.test.ts (11 tests) 190ms
 ✓ src/domain/park/writtenArithmeticIntegration.test.ts (25 tests) 324ms
 ✓ src/components/island/useIslandMilestoneNotice.test.ts (15 tests) 7ms
 ✓ src/components/island/three/optionalFurnitureFraming.test.ts (6 tests) 10717ms
   ✓ optional tool close views keep the physical cause visible > keeps the same tea cup and tabletop visible through quaternion-restored handoff at 1.3202856387199153 1146ms
   ✓ optional tool close views keep the physical cause visible > keeps the same tea cup and tabletop visible through quaternion-restored handoff at 2.1429131970179185 640ms
   ✓ optional tool close views keep the physical cause visible > frames the real hammock cloth past the house roof at 1.3220338983050848 3559ms
   ✓ optional tool close views keep the physical cause visible > frames the real hammock cloth past the house roof at 2.0210526315789474 3766ms
   ✓ optional tool close views keep the physical cause visible > keeps the same front-facing selection through a walk and restores every actual pose after camera inspection 1602ms
 ✓ src/components/island/three/learningKeepsakeScenery.test.ts (5 tests) 1005ms
   ✓ a finite room for actual learning keepsakes > physically supports thirteen separate trophies and wall-mounts three papers within a bounded static room 781ms
 ✓ src/domain/explore/__tests__/learningSegment.test.ts (20 tests) 5ms
 ✓ src/components/island/three/sharedJobFraming.test.ts (6 tests) 68408ms
   ✓ actual shared job sightlines > replaces the recorded back view with both actual paws and the same held object at aspect 1.3066202090592334 19922ms
   ✓ actual shared job sightlines > replaces the recorded back view with both actual paws and the same held object at aspect 1.786046511627907 15514ms
   ✓ actual shared job sightlines > improves the lamp view and exposes actual receiver triangles without hiding residual occlusion at aspect 1.3066202090592334 10736ms
   ✓ actual shared job sightlines > improves the lamp view and exposes actual receiver triangles without hiding residual occlusion at aspect 1.786046511627907 14065ms
   ✓ actual shared job sightlines > retains its selected contact angle through moving bounds without full searches or GPU allocations 4435ms
   ✓ actual shared job sightlines > keeps an unreadable view honest and caps reselection during continuous occlusion 3734ms
 ✓ src/domain/explore/__tests__/wagerRun.test.ts (19 tests) 8ms
 ✓ src/domain/islandLife/facilityTrips.test.ts (10 tests) 265ms
 ✓ src/components/island/three/optionalFurnitureRuntime.test.ts (8 tests) 2227ms
   ✓ optional furniture runtime boundaries > background/offscreen pause restores the actual rig and drops both deferred commands and the borrowed model 408ms
   ✓ incremental trial preparation uses actual controller preflights > drops a queued Try when backgrounded and requires a new invitation after foreground preparation 330ms
   ✓ incremental trial preparation uses actual controller preflights > different-kind cancels the queued preparation before the old iterator or model can be reused 353ms
 ✓ src/domain/levelProgression.test.ts (10 tests) 917ms
   ✓ evidence required for level progression > uses the same math evidence in the atomic writer and Study service 742ms
 ✓ src/components/island/three/residentOutfit.test.ts (13 tests) 1398ms
   ✓ optional attached resident outfits > otter preserves every original mesh, body proportion, fixed scarf and hand/seat/foot anchor through all appearances 579ms
 ✓ src/domain/island/furniture.test.ts (11 tests) 23ms
 ✓ src/components/island/three/furniture.test.ts (17 tests) 408ms
 ✓ src/components/island/three/sceneFraming.test.ts (15 tests) 6375ms
   ✓ frozen learning frame after free play > contains earned shores in matching album cameras and the home view at 390×190, chapter +0 435ms
   ✓ frozen learning frame after free play > contains earned shores in matching album cameras and the home view at 390×190, chapter 1 865ms
   ✓ frozen learning frame after free play > contains earned shores in matching album cameras and the home view at 390×190, chapter 2 639ms
   ✓ frozen learning frame after free play > contains earned shores in matching album cameras and the home view at 390×190, chapter undefined 625ms
   ✓ frozen learning frame after free play > contains earned shores in matching album cameras and the home view at 768×400, chapter 1 400ms
   ✓ frozen learning frame after free play > contains earned shores in matching album cameras and the home view at 768×400, chapter 2 674ms
   ✓ frozen learning frame after free play > contains earned shores in matching album cameras and the home view at 768×400, chapter undefined 940ms
   ✓ frozen learning frame after free play > keeps the same camera while an already-started route reaches the east island and plays 550ms
 ✓ src/components/island/three/cameraPanFraming.test.ts (12 tests) 1991ms
   ✓ real normal-island runtime framing > keeps the new central floor in the actual pan regions and reachable at 390×380 564ms
   ✓ real normal-island runtime framing > constrains extreme swipes to the earned world, expansion 1 325ms
   ✓ real normal-island runtime framing > constrains extreme swipes to the earned world, expansion 2 413ms
 ✓ src/domain/explore/__tests__/observation.test.ts (11 tests) 5ms
 ✓ src/components/island/IslandLearningSupport.test.tsx (18 tests) 235ms
 ✓ src/domain/natureTown/acceptanceGrowthRandom.test.ts (6 tests) 1810ms
   ✓ NT-3 growth and random boundaries (diagnostic fixtures) > RNG-05/07 evaluates once per interval despite repainting, failures, weather and full visitor slots 833ms
   ✓ NT-3 growth and random boundaries (diagnostic fixtures) > RNG-08 keeps world outcomes identical with different earned learning rights 733ms
 ✓ src/components/island/three/workshopResidentFraming.test.ts (8 tests) 1139ms
   ✓ the actual workshop resident contact camera > keeps 'otter', its cap and real source contact visible through layout 'A' 609ms
 ✓ src/hooks/blockGenerators.progression.test.ts (13 tests) 92ms
 ✓ src/domain/natureTown/simulation.test.ts (14 tests) 7050ms
   ✓ Nature Town deterministic simulation > SIM-06/07/11 conserves all food for 20 active minutes and deterministic save continuation 6027ms
   ✓ Nature Town deterministic simulation > SIM-10 protects carried food when destination is moved 685ms
 ✓ tools/current-ui-entry-guard.test.mjs (18 tests) 14ms
 ✓ src/components/island/IslandCustomization.test.tsx (9 tests) 280ms
 ✓ src/components/island/three/terrainProfile.test.ts (9 tests) 1945ms
   ✓ shore garden terrain keeps saved physical land > west keeps old ellipse centers, chords and boundary samples on the exact flat floor 326ms
   ✓ shore garden terrain keeps saved physical land > keeps western physical bridge/props identical while its terrain is not an eastern mirror 600ms
   ✓ shore garden terrain keeps saved physical land > the common envelope contains every actual cap, beach, cliff and shallow vertex under world rotation 500ms
 ✓ src/components/island/three/furnitureClearance.test.ts (9 tests) 738ms
   ✓ saved furniture gives standing residents room to step aside > is deterministic and leaves an enclosed resident blocked without moving its saved furniture 658ms
 ✓ src/domain/learning/pilotRepository.test.ts (6 tests) 433ms
 ✓ src/components/explore/DiscoveryReveal.test.ts (7 tests) 182ms
 ✓ src/components/island/three/islandCameraControls.test.ts (11 tests) 8ms
 ✓ src/domain/natureTown/acceptanceSimulation.test.ts (6 tests) 700ms
 ✓ src/domain/island/subjectSelection.test.ts (10 tests) 45ms
 ✓ tools/island-expression-visual-matrix-audit.test.mjs (7 tests) 44ms
 ✓ src/components/island/three/westNavigation.test.ts (10 tests) 166ms
 ✓ src/domain/english/planner.test.ts (14 tests) 12ms
 ✓ src/domain/islandLife/activities.test.ts (7 tests) 564ms
 ✓ src/components/island/useIslandLearningObservation.test.ts (10 tests) 6ms
 ✓ tools/island-reward-goal-audit.test.mjs (9 tests) 26ms
 ✓ src/domain/island/subjectPreference.test.ts (5 tests) 845ms
   ✓ Island next-section choice persistence > keeps the exact question and learning state, survives reload, is idempotent, and applies to one section only 341ms
 ✓ src/domain/explore/__tests__/runCheckpoint.test.ts (7 tests) 9ms
 ✓ src/pwa.test.ts (12 tests) 67ms
 ✓ src/domain/islandLife/simulation.test.ts (11 tests) 699ms
stdout | src/domain/islandLife/commandPerformance.test.ts > reuses a storage command after a day of history and persists the cold-replay state
store warm command + replay ms 30.260291999999936
store cold replay ms 884.44975

 ✓ src/pages/Explore.test.ts (9 tests) 6ms
 ✓ src/pwaUpdateUtils.test.ts (43 tests) 4ms
 ✓ src/components/island/three/optionalFurnitureTrial.test.ts (8 tests) 139951ms
   ✓ borrowed tools choose an actually usable legal trial location > rechecks the chosen resident using the same borrowed model and retains a usable position on reselection 2854ms
   ✓ borrowed tools choose an actually usable legal trial location > uses the new connecting floor for the formerly blocked furniture-03 hammock without moving saved furniture 7328ms
   ✓ borrowed tools choose an actually usable legal trial location > keeps the furniture-02 narrow passage blocked for the actual body, then accepts only a child-requested usable preview 31241ms
   ✓ borrowed tools choose an actually usable legal trial location > drops an old explicit search on movement, lifecycle pause and foreground resume 1244ms
   ✓ borrowed tools choose an actually usable legal trial location > reproduces furniture-01: the saved-legal telescope blocks the explicitly selected rabbit beside the returned otter 492ms
   ✓ borrowed tools choose an actually usable legal trial location > telescope preflights every selected resident then retains the same real model through sequential trials 29528ms
   ✓ borrowed tools choose an actually usable legal trial location > hammock preflights every selected resident then retains the same real model through sequential trials 16437ms
   ✓ borrowed tools choose an actually usable legal trial location > tea-table preflights every selected resident then retains the same real model through sequential trials 50825ms
 ✓ src/domain/islandLife/commandPerformance.test.ts (20 tests) 2969ms
   ✓ reuses a storage command after a day of history and persists the cold-replay state 1920ms
 ✓ src/domain/test/trigger.test.ts (8 tests) 7ms
 ✓ src/components/island/three/sharedActivityOcclusion.test.ts (9 tests) 10ms
 ✓ src/domain/island/experienceAppearance.test.ts (5 tests) 10ms
 ✓ src/domain/learning/mathCatalog.test.ts (6 tests) 92ms
 ✓ src/components/island/three/worldPalette.test.ts (4 tests) 211ms
 ✓ src/domain/islandLife/foodLoop.test.ts (9 tests) 33ms
 ✓ src/components/island/IslandAlbum.test.tsx (4 tests) 81ms
 ✓ src/domain/battle/engine.test.ts (11 tests) 75ms
 ✓ src/domain/test/paperTestRepository.test.ts (6 tests) 198ms
 ✓ src/components/island/three/geometry.test.ts (8 tests) 2507ms
   ✓ island sculpted geometry > keeps the static scenery and tree within a bounded mesh and triangle budget 2265ms
 ✓ src/components/island/islandAlbumPresentation.test.tsx (4 tests) 88ms
 ✓ src/components/island/life/encounterObservation.test.ts (5 tests) 2488ms
   ✓ requires actual ordinary presentation and explicit input, and coalesces repeated input 609ms
   ✓ records the bird only after a visible water peek followed by a visible return 334ms
   ✓ ignores an asynchronously prepared scene after cancellation 475ms
   ✓ preserves the gesture across a same-layout mesh rebuild without counting the GPU gap as visible time 777ms
 ✓ src/components/island/life/facilityRelations.test.ts (6 tests) 1860ms
   ✓ presented facility relations > stands back for care beside an ordinary flower visitor while old snapshots retain the sniff distance 1146ms
 ✓ src/components/island/life/worldShadowPresentation.test.ts (4 tests) 695ms
   ✓ predicts a tiny shadow needs the close view without recording or leaving its preview gesture behind 420ms
 ✓ src/components/explore/ExplorePathChoice.test.tsx (5 tests) 38ms
 ✓ src/components/island/IslandExpression.test.tsx (5 tests) 82ms
 ✓ src/components/island/islandPhotoCapture.test.ts (11 tests) 15ms
 ✓ src/components/island/life/residentMotion.test.ts (5 tests) 1343ms
   ✓ rendered activity geometry > uses the legacy distance-based stride without the new sideways sway 387ms
 ✓ src/components/island/IslandRewardGoal.test.tsx (7 tests) 48ms
 ✓ src/components/island/tutorial/useIslandTutorial.test.ts (6 tests) 5ms
 ✓ src/domain/explore/__tests__/discoveryPage.test.ts (9 tests) 5ms
 ✓ src/domain/islandLife/economyMigration.test.ts (7 tests) 289ms
 ✓ src/components/island/three/expressionEnvironment.test.ts (7 tests) 24936ms
   ✓ reversible expression environment on the existing world > moon-garden preserves geometry, growth, ground hits and all original material references through every period/season 6227ms
   ✓ reversible expression environment on the existing world > starry preserves geometry, growth, ground hits and all original material references through every period/season 6561ms
   ✓ reversible expression environment on the existing world > candy preserves geometry, growth, ground hits and all original material references through every period/season 5845ms
   ✓ reversible expression environment on the existing world > crystal preserves geometry, growth, ground hits and all original material references through every period/season 4716ms
   ✓ reversible expression environment on the existing world > reuses same-selection resources, disposes retired clones once, and restores the newest theme after growth/material regeneration 1579ms
 ✓ src/components/explore/rootPullPresentation.test.ts (10 tests) 6ms
 ✓ src/domain/islandLife/diagonalMigration.test.ts (4 tests) 317ms
 ✓ src/domain/islandLife/landRules.test.ts (6 tests) 199ms
 ✓ src/components/island/IslandGrowth.test.tsx (6 tests) 33ms
 ✓ src/domain/learning/unitPractice.test.ts (7 tests) 28ms
 ✓ src/domain/math/generators/advanced.test.ts (10 tests) 15ms
 ✓ src/domain/islandLife/economyRepository.test.ts (5 tests) 794ms
   ✓ atomic v3 economy cutover > retains a high legacy balance and never replenishes it during a diagnostic time jump 387ms
 ✓ src/components/island/IslandHomeActions.test.tsx (6 tests) 174ms
 ✓ src/domain/islandLife/placementUndo.test.ts (6 tests) 209ms
 ✓ src/domain/challenge/engine.test.ts (17 tests) 4935ms
   ✓ challenge source v1 > covers all 45 ordered pairs, balances each block, exhausts bags, and avoids repeated/reversed neighbors 4912ms
 ✓ src/domain/islandLife/playTours.test.ts (9 tests) 21ms
 ✓ src/components/island/three/placementOcclusion.test.ts (8 tests) 1112ms
   ✓ editing-only preview visibility > reveals bench behind a resident and restores original materials on cancel 338ms
 ✓ src/domain/island/pacing.test.ts (5 tests) 15ms
 ✓ src/domain/islandLife/placementMigration.test.ts (4 tests) 147ms
 ✓ src/components/island/three/expressionFootTrails.test.ts (3 tests) 554ms
   ✓ foot marks come from actual planted feet > follows real stride contact, keeps 24 fixed slots, expires while idle, and never creates marks from an idle timer 354ms
 ✓ src/components/island/three/appearanceFraming.test.ts (6 tests) 13037ms
   ✓ appearance viewing uses fixed real-target cameras > keeps the entire central tree in frame with the same matrix for every style and maturity at aspect 1.1016949152542372 6186ms
   ✓ appearance viewing uses fixed real-target cameras > keeps the entire central tree in frame with the same matrix for every style and maturity at aspect 1.786046511627907 4714ms
   ✓ appearance viewing uses fixed real-target cameras > wall, roof and window use one fixed house view without hiding a resident, furniture or display 2064ms
 ✓ src/components/explore/PaintedEncounterLineage.test.tsx (5 tests) 51ms
 ✓ src/components/island/life/readingObservation.test.ts (5 tests) 1818ms
   ✓ requires ordinary R5 presentation and both visible book orientations 390ms
   ✓ does not infer the inverted picture from seeing only the upright book 319ms
   ✓ cancels when the real reader leaves or its layout changes 557ms
   ✓ keeps the orientation through a mesh rebuild without crediting an unseen gap 364ms
 ✓ src/components/island/three/expressionResidentVisuals.test.ts (12 tests) 3561ms
   ✓ expressions stay attached to the original residents > otter shows both real patterns with every free/paid outfit while preserving the original face, limbs and contacts 390ms
   ✓ expressions stay attached to the original residents > telescope preserves otter real contacts in raincoat and beret 356ms
   ✓ expressions stay attached to the original residents > telescope preserves rabbit real contacts in raincoat and beret 318ms
   ✓ expressions stay attached to the original residents > telescope preserves fox real contacts in raincoat and beret 340ms
   ✓ expressions stay attached to the original residents > hammock preserves otter real contacts in raincoat and beret 301ms
   ✓ expressions stay attached to the original residents > tea-table preserves otter real contacts in raincoat and beret 402ms
   ✓ expressions stay attached to the original residents > tea-table preserves rabbit real contacts in raincoat and beret 458ms
   ✓ expressions stay attached to the original residents > tea-table preserves fox real contacts in raincoat and beret 413ms
 ✓ src/domain/islandLife/cadence.test.ts (8 tests) 320ms
 ✓ src/components/island/IslandExpressionFlag.test.tsx (2 tests) 37ms
 ✓ src/domain/explore/__tests__/encounters.test.ts (7 tests) 2ms
 ✓ src/components/island/three/homeViewFraming.test.ts (16 tests) 11248ms
   ✓ layout-owned close phone home > enlarges nearby life while retaining both residents and the house, without entering manual camera mode 977ms
   ✓ layout-owned close phone home > keeps the first deliberate zoom continuous relative to the closer base frame 778ms
   ✓ layout-owned close phone home > leaves the existing 768x900 framing unchanged 736ms
   ✓ layout-owned close phone home > leaves the existing 1024x600 framing unchanged 931ms
   ✓ layout-owned close phone home > leaves the existing 390x330 framing unchanged 771ms
   ✓ layout-owned close phone home > does not alter the dedicated or overview frame: {"districtFocus":"all"} 749ms
   ✓ layout-owned close phone home > does not alter the dedicated or overview frame: {"districtFocus":"east"} 683ms
   ✓ layout-owned close phone home > does not alter the dedicated or overview frame: {"districtFocus":"west"} 695ms
   ✓ layout-owned close phone home > does not alter the dedicated or overview frame: {"photographing":true} 703ms
   ✓ layout-owned close phone home > does not alter the dedicated or overview frame: {"readOnly":true} 799ms
   ✓ layout-owned close phone home > does not alter the dedicated or overview frame: {"readOnly":true,"comparisonHabitat":"garden"} 649ms
   ✓ layout-owned close phone home > does not alter the dedicated or overview frame: {"learning":true} 633ms
   ✓ layout-owned close phone home > does not alter the dedicated or overview frame: {"preview":{"id":"move","kind":"flower","position":{"x":0,"z":1},"rotation":0}} 399ms
   ✓ layout-owned close phone home > does not alter the dedicated or overview frame: {"playRequest":{"id":"replay","itemId":"flower"}} 595ms
   ✓ layout-owned close phone home > returns from the whole-island view to the same close home frame 497ms
   ✓ layout-owned close phone home > lets an automatic shared activity keep its authored camera with manual mode still off 650ms
 ✓ src/components/domain/PrintableTestPreview.test.tsx (6 tests) 107ms
 ✓ src/domain/explore/__tests__/rapidLoopEligibility.test.ts (27 tests) 13ms
 ✓ src/domain/math/studyPresentation.test.ts (9 tests) 11ms
 ✓ src/domain/islandLife/decorations.test.ts (4 tests) 147ms
 ✓ src/components/island/islandDiscoveryGuide.test.ts (8 tests) 19ms
 ✓ src/domain/islandLife/heroVisit.test.ts (5 tests) 189ms
 ✓ src/components/island/three/homeInteriorCamera.test.ts (16 tests) 105480ms
   ✓ a perspective camera inside the same closed house > keeps both additional challenge awards visible at aspect 1.3220338983050848 384ms
   ✓ a perspective camera inside the same closed house > places the real room floor above the unchanged exterior foundation at aspect 1.3220338983050848 1802ms
   ✓ a perspective camera inside the same closed house > places the real room floor above the unchanged exterior foundation at aspect 2.0210526315789474 1468ms
   ✓ a perspective camera inside the same closed house > encloses the viewport, shows living objects and all sixteen awards at 390×295, actual cottage=false 35829ms
   ✓ a perspective camera inside the same closed house > encloses the viewport, shows living objects and all sixteen awards at 768×380, actual cottage=false 22323ms
   ✓ a perspective camera inside the same closed house > encloses the viewport, shows living objects and all sixteen awards at 390×295, actual cottage=true 22345ms
   ✓ a perspective camera inside the same closed house > encloses the viewport, shows living objects and all sixteen awards at 768×380, actual cottage=true 19002ms
   ✓ a perspective camera inside the same closed house > keeps the whole walking resident on screen at the portrait edges and restores the close view 1770ms
 ✓ src/domain/explore/__tests__/rapidLoop.test.ts (6 tests) 4ms
 ✓ src/domain/learning/context.test.ts (6 tests) 101ms
 ✓ src/domain/islandLife/plantsWater.test.ts (5 tests) 136ms
 ✓ src/domain/islandLife/walkingSpace.test.ts (7 tests) 100ms
 ✓ src/components/island/life/relationGaze.test.ts (9 tests) 2754ms
   ✓ same-seat R1/R3 gaze > turns pokomoko toward a young plant without moving its seat contact 536ms
   ✓ same-seat R1/R3 gaze > turns rabbit toward a young plant without moving its seat contact 366ms
   ✓ same-seat R1/R3 gaze > turns otter toward a young plant without moving its seat contact 380ms
 ✓ src/components/island/islandAlbumMemory.test.ts (7 tests) 3ms
 ✓ src/components/island/three/livingActivities.test.ts (5 tests) 2ms
 ✓ src/components/island/life/placement.test.ts (5 tests) 1224ms
   ✓ placement preview > keeps a resident on the real seat while a copy is previewed elsewhere 557ms
 ✓ src/domain/islandLife/cadenceMigration.test.ts (4 tests) 213ms
 ✓ src/domain/islandLife/discovery.test.ts (6 tests) 58ms
 ✓ src/domain/island/customization.test.ts (20 tests) 40ms
 ✓ src/domain/math/generators/subtraction.test.ts (10 tests) 7ms
 ✓ src/utils/audio.test.ts (8 tests) 39ms
 ✓ src/domain/islandLife/sandbox.test.ts (3 tests) 588ms
   ✓ sandbox ownership and two-role activity > joins mixed GP2/GP3 and R3, and allows two different touring roles at a sandbox 487ms
 ✓ src/components/dev/suika/NumberSuikaStage.test.tsx (10 tests) 33ms
 ✓ src/components/island/life/landscape.test.ts (5 tests) 353ms
 ✓ src/domain/math/answerCompletion.test.ts (13 tests) 226ms
 ✓ src/domain/islandLife/observationVisit.test.ts (5 tests) 20ms
 ✓ src/components/island/life/gatheringVisibility.test.ts (6 tests) 1829ms
   ✓ rendered gathering evidence > requires visible real items, connecting ground and an unobstructed viewport (growth=0) 379ms
   ✓ rendered gathering evidence > requires visible real items, connecting ground and an unobstructed viewport (growth=6) 346ms
   ✓ rendered gathering evidence > rejects a clipped group and a real opaque object covering its ground 374ms
   ✓ rendered gathering evidence > sees the actual exposed parts of all six mature cells and joins from the island angle 458ms
 ✓ src/domain/learning/englishCatalog.test.ts (5 tests) 177ms
 ✓ src/components/island/life/extendedGround.test.ts (7 tests) 2760ms
   ✓ rendered groves and water retain exact cells and readable connections > can see sapling x 3 with its real connecting ground 403ms
   ✓ rendered groves and water retain exact cells and readable connections > can see sapling x 6 with its real connecting ground 316ms
   ✓ rendered groves and water retain exact cells and readable connections > shows a five-tree grove while a resident rests under the front crown 313ms
   ✓ rendered groves and water retain exact cells and readable connections > keeps water comparison head focus when a reduced-motion memory is replayed with normal motion 603ms
   ✓ rendered groves and water retain exact cells and readable connections > rests beside a mature tree inside its local shade while retaining the old unversioned pose 651ms
 ✓ src/components/ikimono/fuwafuwaDailyConversation.test.ts (4 tests) 4ms
 ✓ src/domain/islandLife/heroVisitMigration.test.ts (3 tests) 227ms
 ✓ src/components/island/three/learningReaction.test.ts (12 tests) 6ms
stdout | src/domain/islandLife/replaySnapshot.test.ts > persistent replay acceleration > survives cold reopen and matches full replay after 1 and 7 days, purchases and new facts
snapshot benchmark {"hours":24,"fullMs":2.2868330000000014,"restoreMs":0.9932499999999891,"snapshotBytes":6911}

stdout | src/domain/islandLife/replaySnapshot.test.ts > persistent replay acceleration > survives cold reopen and matches full replay after 1 and 7 days, purchases and new facts
snapshot benchmark {"hours":168,"fullMs":5.537750000000017,"restoreMs":0.7565829999999778,"snapshotBytes":6912}

stdout | src/domain/islandLife/replaySnapshot.test.ts > persistent replay acceleration > survives cold reopen and matches full replay after 1 and 7 days, purchases and new facts
snapshot benchmark {"hours":168.0000002777778,"fullMs":2.987082999999984,"restoreMs":0.5978749999999877,"snapshotBytes":6912}

 ✓ src/domain/islandLife/replaySnapshot.test.ts (2 tests) 300ms
 ✓ src/domain/math/generators/addition.test.ts (10 tests) 5ms
 ✓ src/components/island/life/fantasy/garden.test.ts (4 tests) 1039ms
   ✓ keeps gaze joints, cell picking and the same simulation when changing the time of day 534ms
   ✓ preserves the original Pokomoko geometry, fabric panels, scarf and scale across garden styles 493ms
 ✓ src/domain/islandLife/picnicTable.test.ts (5 tests) 36ms
 ✓ src/domain/island/learningChecks.test.ts (14 tests) 15ms
 ✓ src/domain/island/homeJourney.test.ts (4 tests) 240ms
 ✓ src/components/island/three/runtimeExpressionResidents.test.ts (3 tests) 4538ms
   ✓ expression rendering stays optional inside a read-only scene > pause restores the actual resident, clears every live mark and consumes the interrupted request 1704ms
   ✓ expression rendering stays optional inside a read-only scene > changing reduced motion schedules the owned temporary rig instead of resetting it through ordinary updates 1502ms
   ✓ expression rendering stays optional inside a read-only scene > frames the actual read-only trial and releases that camera on learning and exit 1332ms
 ✓ src/components/island/life/useLiveDiscovery.test.ts (3 tests) 107ms
 ✓ src/domain/islandLife/purchases.test.ts (5 tests) 165ms
 ✓ src/components/dev/g0v2/G0MechanicRemixStage.test.tsx (4 tests) 11ms
 ✓ src/components/explore/ReturnSummary.test.tsx (5 tests) 128ms
 ✓ src/domain/islandLife/windArch.test.ts (4 tests) 69ms
 ✓ src/domain/natureTown/learning.test.ts (3 tests) 382ms
 ✓ src/components/island/life/encounterVisual.test.ts (4 tests) 252ms
 ✓ src/domain/islandLife/isolation.test.ts (5 tests) 25ms
 ✓ src/domain/math/profileProgress.test.ts (67 tests) 26ms
 ✓ src/components/island/three/islandCameraAnchor.test.ts (4 tests) 7ms
 ✓ src/components/island/life/relationObservation.test.ts (2 tests) 1225ms
   ✓ rendered explicit resident selection > looks at the actual swing user without changing either resident or the bench seat 800ms
   ✓ rendered explicit resident selection > selects another mature tree for one table user while the partner retains their original tree 425ms
 ✓ src/domain/islandLife/tourMigration.test.ts (5 tests) 234ms
 ✓ src/components/charts/SkillRadarChart.test.ts (7 tests) 18ms
 ✓ src/components/island/IslandPhotos.test.tsx (6 tests) 58ms
 ✓ src/domain/islandLife/playTourSimulation.test.ts (7 tests) 4052ms
   ✓ authoritative GP3 time and interruption > keeps all three residents circulating during a long absence 3868ms
 ✓ src/domain/islandLife/waterMagic.test.ts (5 tests) 24ms
 ✓ src/components/dev/g0/G0WhiteboxStage.test.tsx (6 tests) 27ms
 ✓ src/domain/islandLife/readingEncounter.test.ts (10 tests) 34ms
 ✓ src/components/island/life/liveRelations.test.ts (5 tests) 2136ms
   ✓ live rendered bench relations > requires actual settled gaze, visible head and target (swing=false) 469ms
   ✓ live rendered bench relations > tracks the actual swing occupant and separates a later visit to the same bench 785ms
   ✓ live rendered bench relations > never relabels a free observation visit as a live encounter after closing its panel 459ms
 ✓ src/domain/island/catalogExpansion.test.ts (3 tests) 9ms
 ✓ src/domain/islandLife/soilMoisture.test.ts (4 tests) 129ms
 ✓ src/components/island/learningGuidance.test.ts (13 tests) 7ms
 ✓ src/components/island/three/sharedActivityContinuity.test.ts (12 tests) 4731ms
   ✓ shared props remain attached while the real resident poses change phase > 'flower' 'left/left' keeps actual holding paws and the prop continuous across every handoff boundary 517ms
   ✓ shared props remain attached while the real resident poses change phase > 'flower' 'right/left' keeps actual holding paws and the prop continuous across every handoff boundary 340ms
   ✓ shared props remain attached while the real resident poses change phase > 'flower' 'right/right' keeps actual holding paws and the prop continuous across every handoff boundary 470ms
   ✓ shared props remain attached while the real resident poses change phase > 'star' 'left/left' keeps actual holding paws and the prop continuous across every handoff boundary 334ms
   ✓ shared props remain attached while the real resident poses change phase > 'star' 'left/right' keeps actual holding paws and the prop continuous across every handoff boundary 316ms
   ✓ shared props remain attached while the real resident poses change phase > 'star' 'right/left' keeps actual holding paws and the prop continuous across every handoff boundary 355ms
   ✓ shared props remain attached while the real resident poses change phase > 'bubble' 'left/left' keeps actual holding paws and the prop continuous across every handoff boundary 363ms
   ✓ shared props remain attached while the real resident poses change phase > 'bubble' 'left/right' keeps actual holding paws and the prop continuous across every handoff boundary 495ms
   ✓ shared props remain attached while the real resident poses change phase > 'bubble' 'right/left' keeps actual holding paws and the prop continuous across every handoff boundary 509ms
   ✓ shared props remain attached while the real resident poses change phase > 'bubble' 'right/right' keeps actual holding paws and the prop continuous across every handoff boundary 482ms
 ✓ src/domain/islandLife/discoveryRecall.test.ts (4 tests) 7ms
 ✓ src/domain/islandLife/placementClearance.test.ts (3 tests) 41ms
 ✓ src/components/island/life/roamingPresentation.test.ts (5 tests) 56ms
 ✓ src/domain/math/generators/division.test.ts (5 tests) 15ms
 ✓ src/components/island/three/sharedJobActor.test.ts (3 tests) 452ms
 ✓ tools/island-qualified-audit.test.mjs (12 tests) 9ms
 ✓ src/domain/islandLife/extendedGatherings.test.ts (4 tests) 14ms
 ✓ src/domain/islandLife/facilities.test.ts (2 tests) 130ms
 ✓ src/components/island/three/residentInterest.test.ts (11 tests) 10ms
 ✓ src/domain/island/landGeometry.test.ts (4 tests) 142ms
 ✓ src/components/island/three/waterSurface.test.ts (6 tests) 9826ms
   ✓ static ocean and shallow-water resources > keeps simultaneous palettes and other slots independent at floor level 0 1876ms
   ✓ static ocean and shallow-water resources > keeps simultaneous palettes and other slots independent at floor level 1 2255ms
   ✓ static ocean and shallow-water resources > keeps simultaneous palettes and other slots independent at floor level 2 2709ms
   ✓ static ocean and shallow-water resources > reuses and retires water resources without textures at floor level 0 792ms
   ✓ static ocean and shallow-water resources > reuses and retires water resources without textures at floor level 1 945ms
   ✓ static ocean and shallow-water resources > reuses and retires water resources without textures at floor level 2 1248ms
 ✓ src/utils/tts.test.ts (6 tests) 4ms
 ✓ src/domain/english/listening.test.ts (4 tests) 5ms
 ✓ src/utils/pdfGenerator.test.ts (5 tests) 3ms
 ✓ src/domain/test/paperTest.test.ts (4 tests) 6ms
 ✓ src/components/island/learningFeedback.test.ts (7 tests) 6ms
 ✓ src/domain/island/photos.test.ts (3 tests) 12ms
 ✓ src/components/domain/answerCompletion.test.tsx (5 tests) 50ms
 ✓ src/components/domain/WrittenArithmeticGrid.test.tsx (4 tests) 25ms
 ✓ src/components/island/IslandMilestone.test.tsx (6 tests) 21ms
 ✓ src/components/island/life/windArch.test.ts (3 tests) 2346ms
   ✓ wind and arch rendered geometry > rotates only in normal motion and freezes the recorded mode 702ms
   ✓ wind and arch rendered geometry > lets all existing residents pass along four cardinal lines without touching any arch triangle bounds 1431ms
 ✓ src/components/island/three/usualPlaceRuntime.test.ts (3 tests) 6ms
 ✓ src/components/island/three/placementPreview.test.ts (3 tests) 115ms
 ✓ src/components/battle/BattleSetup.test.tsx (7 tests) 133ms
 ✓ src/components/island/three/residentRoaming.test.ts (5 tests) 13ms
 ✓ src/components/island/life/lifeUpdateClient.test.ts (5 tests) 12ms
 ✓ src/components/island/life/sandbox.test.ts (4 tests) 1687ms
   ✓ sandbox ordinary making > shows a mountain for one user and a castle for two (users=1) 333ms
   ✓ sandbox ordinary making > keeps a sand-building user as the R3 bench focus without moving the sitter 408ms
   ✓ sandbox ordinary making > grows the current sand shape over time and replays a captured pose unchanged 705ms
 ✓ src/components/island/islandWorkshopRequest.test.ts (6 tests) 6ms
 ✓ src/domain/learning/independentProgress.test.ts (17 tests) 3ms
 ✓ src/components/island/life/picnicMotion.test.ts (4 tests) 1747ms
   ✓ real picnic seats and ordinary use > keeps separate seat contact and shows the current users snack (two=false) 556ms
   ✓ real picnic seats and ordinary use > keeps separate seat contact and shows the current users snack (two=true) 391ms
   ✓ real picnic seats and ordinary use > collects one shared R2 candidate for two partners 407ms
   ✓ real picnic seats and ordinary use > turns toward the mature tree while keeping the actual seat contact 392ms
 ✓ src/components/explore/snapRootPresentation.test.ts (5 tests) 4ms
 ✓ src/components/explore/RootPullOpeningArt.test.tsx (8 tests) 72ms
 ✓ src/components/island/three/connectedScenery.test.ts (3 tests) 5017ms
   ✓ one connected island across growth and appearance changes > replaces only terrain at unlocks, keeping the home, bridges and texture owner alive 1993ms
   ✓ one connected island across growth and appearance changes > supports all original and connecting floors once at level 1 1031ms
   ✓ one connected island across growth and appearance changes > supports all original and connecting floors once at level 2 1992ms
 ✓ src/components/natureTown/editing.test.ts (4 tests) 43ms
 ✓ src/components/island/life/readingBookPose.test.ts (3 tests) 11ms
 ✓ src/domain/islandLife/roaming.test.ts (4 tests) 35ms
 ✓ src/domain/stats/repository.test.ts (1 test) 2ms
 ✓ src/components/island/islandCustomizationRequest.test.ts (4 tests) 5ms
 ✓ src/domain/island/navigation.test.ts (14 tests) 2ms
 ✓ src/components/island/life/presentationClock.test.ts (5 tests) 183ms
 ✓ src/components/island/life/canopySculptStudy.test.ts (4 tests) 4219ms
   ✓ loads three closed, connected meshes and preserves the traced foreground volume 4206ms
 ✓ src/domain/island/visitors.test.ts (4 tests) 12ms
 ✓ src/domain/explore/__tests__/generator.test.ts (2 tests) 463ms
   ✓ createExploreMap > keeps every generated node reachable across multiple seeds 441ms
 ✓ src/components/island/useIslandDiscoveries.test.ts (4 tests) 81ms
 ✓ src/components/island/life/canopyGroundStudy.test.ts (6 tests) 11ms
 ✓ src/domain/islandLife/waterChannels.test.ts (3 tests) 7ms
 ✓ src/domain/islandLife/footstepMagic.test.ts (3 tests) 9ms
 ✓ src/components/island/life/facilities.test.ts (4 tests) 2584ms
   ✓ facility entrance uses > shows one held book or tools at the entrance for pokomoko 907ms
   ✓ facility entrance uses > shows one held book or tools at the entrance for rabbit 769ms
   ✓ facility entrance uses > shows one held book or tools at the entrance for otter 418ms
   ✓ facility entrance uses > keeps the four-cell preview and only legal anchors while preserving old scenes without props 490ms
 ✓ src/domain/natureTown/repository.test.ts (5 tests) 193ms
 ✓ src/components/island/three/homePresentation.test.ts (3 tests) 138ms
 ✓ src/domain/islandLife/waterBench.test.ts (4 tests) 14ms
 ✓ src/components/island/life/gatheringCollector.test.ts (3 tests) 239ms
 ✓ src/domain/stats/aggregation.test.ts (3 tests) 4ms
 ✓ src/components/explore/FireflyFlowerEncounterArt.test.tsx (8 tests) 13ms
 ✓ src/components/island/islandExperienceRequest.test.ts (4 tests) 6ms
 ✓ src/components/ikimono/lifecycle.test.ts (5 tests) 7ms
 ✓ src/components/explore/MakimodonEncounterArt.test.tsx (8 tests) 41ms
 ✓ src/domain/park/englishPlanning.test.ts (7 tests) 419ms
 ✓ src/domain/island/livingSettings.test.ts (4 tests) 8ms
 ✓ src/components/island/three/residentPortraitFraming.test.ts (6 tests) 536ms
 ✓ src/domain/islandLife/capabilities.test.ts (3 tests) 75ms
 ✓ src/components/island/three/growthNavigation.test.ts (2 tests) 698ms
   ✓ automatically grown places support real resident life > keeps all seven anchor objects legal and reachable through the complete chapter 658ms
 ✓ tools/asset-policy.test.mjs (19 tests) 7ms
 ✓ src/domain/explore/__tests__/openingExperience.test.ts (5 tests) 7ms
 ✓ tools/life-replay-version.test.ts (4 tests) 129ms
 ✓ src/domain/islandLife/terminalFacts.test.ts (1 test) 176ms
 ✓ src/domain/natureTown/growthJourney.test.ts (2 tests) 779ms
   ✓ grows from the starter through real supply, retained offer, admission and increased demand 749ms
 ✓ src/components/island/IslandDirectActions.test.tsx (3 tests) 51ms
 ✓ src/domain/test/testSet.test.ts (3 tests) 72ms
 ✓ src/domain/math/generators/fraction.test.ts (6 tests) 8ms
 ✓ src/domain/math/hissanEngine.test.ts (8 tests) 4ms
 ✓ src/components/island/three/residentFabric.test.ts (3 tests) 3632ms
   ✓ one cloth resident in the shared island > keeps atlas UVs through body/head batching and every articulated hand/foot 3408ms
 ✓ src/domain/math/additionProgress.test.ts (9 tests) 4ms
 ✓ src/components/island/life/sceneBudget.test.ts (3 tests) 1378ms
   ✓ keeps 30 placed items within the scene allocation budget 330ms
   ✓ keeps 100 placed items within the scene allocation budget 749ms
 ✓ src/components/natureTown/livingPresentation.test.ts (2 tests) 776ms
   ✓ emits actual pickup and dropoff endpoints once, while preserving food conservation 769ms
 ✓ src/components/island/islandExpansionPreview.test.ts (4 tests) 4ms
 ✓ src/components/island/life/footstepPresentation.test.ts (1 test) 327ms
   ✓ uses actual grounded moving feet, never emits while stopped, and bounds trail lifetime and ownership 326ms
 ✓ src/domain/islandLife/economyRules.test.ts (12 tests) 3ms
 ✓ src/components/island/visualLearningGuidance.test.ts (6 tests) 6ms
 ✓ src/domain/island/tutorialState.test.ts (5 tests) 4ms
 ✓ src/components/island/islandCustomizationPreview.test.ts (4 tests) 5ms
 ✓ src/components/explore/ResearchBookStage.test.tsx (3 tests) 41ms
 ✓ src/components/island/IslandFurniturePlacement.test.tsx (3 tests) 35ms
stdout | src/domain/islandLife/visitPerformance.test.ts > reuses the applied visit without replaying a day of history, with identical saved state
visit warm command + replay ms 2.2848750000000564
visit cold replay ms 708.2958329999999

 ✓ src/domain/islandLife/visitPerformance.test.ts (1 test) 2207ms
   ✓ reuses the applied visit without replaying a day of history, with identical saved state 2206ms
 ✓ src/domain/islandLife/groupEncounters.test.ts (3 tests) 24ms
 ✓ src/components/explore/makimodonPresentation.test.ts (4 tests) 4ms
 ✓ src/domain/english/examples.test.ts (3 tests) 168ms
 ✓ src/components/island/life/LifeCatalogPages.test.tsx (3 tests) 30ms
 ✓ src/components/ikimono/fuwafuwaSpeech.test.ts (6 tests) 3ms
 ✓ src/components/island/life/lifePersistenceMessage.test.ts (4 tests) 6ms
 ✓ src/domain/islandLife/shadowMagic.test.ts (3 tests) 9ms
 ✓ src/components/Footer.test.tsx (9 tests) 65ms
 ✓ src/components/island/life/canopyMaterialStudy.test.ts (3 tests) 11ms
 ✓ src/components/island/life/stateProjection.test.ts (3 tests) 22ms
 ✓ src/components/island/life/sceneReuse.test.ts (4 tests) 9ms
 ✓ src/domain/park/learningContinuation.test.ts (3 tests) 31ms
 ✓ src/domain/math/writtenPlaceValue.test.ts (10 tests) 4ms
 ✓ src/components/island/islandGrowthPreview.test.ts (3 tests) 4ms
 ✓ src/domain/explore/__tests__/rewardPresentation.test.ts (7 tests) 5ms
 ✓ src/components/explore/rapidTrailPresentation.test.ts (4 tests) 1ms
 ✓ src/domain/explore/__tests__/suikaQuantity.test.ts (7 tests) 5ms
 ✓ src/components/island/life/plantMagic.test.ts (2 tests) 17ms
 ✓ src/domain/natureTown/routing.test.ts (3 tests) 129ms
 ✓ src/domain/english/generator.test.ts (4 tests) 1912ms
   ✓ English catalog and choices > every word produces four unique rendered choices (kanji=false) 959ms
   ✓ English catalog and choices > every word produces four unique rendered choices (kanji=true) 949ms
 ✓ src/domain/explore/__tests__/attemptIdentity.test.ts (8 tests) 6ms
 ✓ src/domain/explore/__tests__/rewards.test.ts (5 tests) 3ms
 ✓ src/components/island/life/growthStatus.test.ts (4 tests) 5ms
 ✓ src/components/island/homeJourney/interior.test.ts (5 tests) 1066ms
   ✓ the growing home and its real interior > keeps the room and camera within the same basic house at 0 answers 477ms
 ✓ src/domain/explore/__tests__/g0MechanicMetrics.test.ts (2 tests) 3ms
 ✓ src/components/island/islandFurnitureTrial.test.ts (5 tests) 11ms
 ✓ src/components/island/life/facilityTrips.test.ts (3 tests) 3606ms
   ✓ continuous held work and captured transport > keeps pokomoko and its prop through collection, real walking and use without changing the feet 1299ms
   ✓ continuous held work and captured transport > keeps rabbit and its prop through collection, real walking and use without changing the feet 1348ms
   ✓ continuous held work and captured transport > keeps otter and its prop through collection, real walking and use without changing the feet 958ms
 ✓ src/components/island/life/canopyShoreStudy.test.ts (3 tests) 13ms
 ✓ src/pwaUpdateRecovery.test.ts (3 tests) 9ms
 ✓ src/components/island/life/observationCue.test.ts (3 tests) 3ms
 ✓ src/components/ikimono/hitokoto.test.ts (5 tests) 4ms
 ✓ src/components/island/life/residentShadow.test.ts (3 tests) 790ms
 ✓ tools/island-e2e-helpers.test.mjs (5 tests) 3ms
 ✓ src/components/island/life/placementWait.test.ts (7 tests) 3ms
 ✓ tools/learning-unit-report.test.mjs (2 tests) 186ms
 ✓ src/components/ikimono/fuwafuwaAlbumCopy.test.ts (3 tests) 3ms
 ✓ src/components/island/life/plantsWaterGeometry.test.ts (2 tests) 57ms
 ✓ tools/asset-pipeline/run_batch.test.mjs (4 tests) 1ms
 ✓ src/components/island/three/homeWalk.test.ts (3 tests) 403ms
 ✓ src/components/explore/PokkoVisualLineage.test.tsx (5 tests) 48ms
 ✓ src/components/gate/ArithmeticGateAnswerField.test.tsx (2 tests) 21ms
 ✓ src/components/island/islandDistrictView.test.ts (5 tests) 3ms
 ✓ src/components/island/islandStarReceiptEligibility.test.ts (3 tests) 1ms
 ✓ src/domain/math/subtractionProgress.test.ts (5 tests) 2ms
 ✓ src/domain/explore/__tests__/runStructure.test.ts (3 tests) 3ms
 ✓ src/domain/islandLife/growthIntegration.test.ts (2 tests) 54ms
 ✓ src/domain/learning/runtimeUnitPractice.test.ts (9 tests) 11ms
 ✓ src/components/island/life/canopyAtmosphereStudy.test.ts (2 tests) 10ms
 ✓ src/components/island/life/residentWalk.test.ts (6 tests) 20ms
 ✓ src/components/island/IslandWelcome.test.tsx (2 tests) 10ms
 ✓ src/domain/math/numberEntry.test.ts (4 tests) 100ms
 ✓ src/domain/math/sequenceProgress.test.ts (5 tests) 12ms
 ✓ src/domain/math/fractionInput.test.ts (3 tests) 4ms
 ✓ src/domain/learning/reviewBudget.test.ts (7 tests) 3ms
 ✓ src/domain/explore/__tests__/encounterPhase.test.ts (7 tests) 1ms
 ✓ src/components/island/IslandRewards.test.tsx (2 tests) 13ms
 ✓ src/components/island/three/workshopGround.test.ts (1 test) 202ms
 ✓ src/domain/benchmark/coldOpenFixedTen.test.ts (2 tests) 2ms
 ✓ src/components/island/life/foodScene.test.ts (2 tests) 591ms
   ✓ shows the harvested planter and cargo on the same island resident in fantasy-garden-v1 303ms
 ✓ src/components/island/homeJourney/delivery.test.ts (4 tests) 5ms
 ✓ src/hooks/useLearningSessionLease.test.ts (1 test) 22ms
 ✓ src/domain/explore/__tests__/fixedTenBenchmark.test.ts (2 tests) 3ms
 ✓ src/components/island/homeJourney/growthReveal.test.ts (4 tests) 3ms
 ✓ src/domain/math/comparisonProgress.test.ts (5 tests) 2ms
 ✓ src/components/domain/answerConfirmGuidance.test.ts (2 tests) 12ms
 ✓ src/domain/learning/reviewPolicy.test.ts (5 tests) 4ms
 ✓ src/domain/islandLife/production.test.ts (2 tests) 96ms
 ✓ src/domain/explore/__tests__/replay.test.ts (3 tests) 5ms
 ✓ src/components/explore/AuthoredEncounterArt.test.tsx (6 tests) 20ms
 ✓ src/components/ikimono/fuwafuwaMilestones.test.ts (4 tests) 4ms
 ✓ src/components/ui/modalFocus.test.ts (4 tests) 2ms
 ✓ src/components/island/life/growthCue.test.ts (3 tests) 2ms
 ✓ src/components/dev/devStudySelection.test.ts (2 tests) 13ms
 ✓ src/utils/learningDay.test.ts (5 tests) 4ms
 ✓ src/components/ikimono/sceneText.test.ts (3 tests) 1ms
 ✓ src/pages/parents/parentAttemptLabel.test.ts (2 tests) 3ms
 ✓ src/components/island/homeJourney/contacts.test.ts (1 test) 7ms
 ✓ src/components/island/life/runtimeAssetSlots.test.ts (2 tests) 2ms
 ✓ src/domain/math/writtenInput.test.ts (3 tests) 2ms
 ✓ tools/build-env.test.mjs (4 tests) 5ms
 ✓ src/domain/island/studyRoute.test.ts (16 tests) 7ms
 ✓ src/components/island/three/sharedCarryRoute.test.ts (2 tests) 4ms
 ✓ src/components/ikimono/ikimonoMotion.test.ts (3 tests) 2ms
 ✓ src/components/natureTown/residentPose.test.ts (1 test) 827ms
   ✓ uses committed pickup/dropoff without replaying gestures after movement, expiry or reload 826ms
 ✓ src/components/island/IslandExperiencePanel.test.tsx (1 test) 20ms
 ✓ src/components/domain/PaperTestScoreModal.test.tsx (1 test) 14ms
 ✓ src/components/ui/modalLayerManager.test.ts (2 tests) 1ms
 ✓ src/components/ui/SegmentedControl.test.tsx (1 test) 8ms
 ✓ src/components/LaunchRoute.test.tsx (4 tests) 7ms
 ✓ src/components/gate/arithmeticGate.test.ts (3 tests) 4ms
 ✓ src/components/home/homeMagicEnergy.test.ts (2 tests) 3ms
 ✓ src/domain/island/expansion.test.ts (2 tests) 4ms
 ✓ src/components/island/three/westScenery.test.ts (1 test) 223ms
 ✓ src/domain/island/feature.test.ts (6 tests) 3ms
 ✓ src/components/island/life/runtimeAssetLod.test.ts (3 tests) 3ms
 ✓ src/components/explore/MakimodonResearchArt.test.tsx (2 tests) 39ms
 ✓ src/components/island/life/homeProps.test.ts (1 test) 4ms
 ✓ src/components/ikimono/NameModal.test.tsx (1 test) 7ms
 ✓ src/components/charts/WeeklyTrendChart.test.ts (2 tests) 2ms
 ✓ src/pages/OnboardingNameStep.test.tsx (2 tests) 15ms
 ✓ src/components/explore/ExploreHud.test.tsx (1 test) 40ms
 ✓ src/components/domain/NumberFieldsLayout.test.tsx (4 tests) 18ms
 ✓ src/components/island/life/decorationGeometry.test.ts (1 test) 17ms
 ✓ src/components/explore/RootPullDiscoveryReveal.test.tsx (1 test) 19ms
 ✓ src/utils/theme.test.ts (4 tests) 3ms
 ✓ src/components/ikimono/IkimonoArtwork.test.tsx (2 tests) 13ms
 ✓ src/components/island/islandDirectTargets.test.ts (2 tests) 3ms
 ✓ src/components/island/life/waterMagic.test.ts (1 test) 2ms
 ✓ src/pages/parents/parentReviewCopy.test.ts (1 test) 4ms
 ✓ src/components/island/IslandProsePrompt.test.tsx (3 tests) 16ms
 ✓ src/components/island/life/startupTiming.test.ts (2 tests) 4ms
 ✓ src/components/explore/PokkoBaseArt.test.tsx (1 test) 25ms
 ✓ src/domain/math/hissanTypes.test.ts (2 tests) 1ms
 ✓ src/components/ui/Button.test.tsx (2 tests) 11ms
 ✓ src/components/explore/exploreAnswerInput.test.ts (3 tests) 5ms
 ✓ src/components/island/homeJourney/scene.test.ts (3 tests) 688ms
   ✓ home journey authored growth > keeps the same home identity while adding the stage 0 structure 350ms
 ✓ src/components/island/islandPlayScroll.test.ts (3 tests) 1ms
 ✓ src/components/island/life/rewardCue.test.ts (3 tests) 2ms
 ✓ src/domain/math/deterministicGeneration.test.ts (2 tests) 65ms
 ✓ src/components/explore/DiscoveryPageArt.test.tsx (1 test) 12ms
 ✓ src/pages/Island.startup.test.ts (1 test) 1835ms
   ✓ keeps optional 3D modules behind their lazy render boundaries 1834ms
 ✓ src/pages/StatsCloseAction.test.tsx (2 tests) 10ms
 ✓ src/components/island/three/expressionResidentWalk.test.ts (16 tests) 72806ms
   ✓ explicit expression trial uses the actual feet and a bounded legal walk > leaves the actual mature default bench before otter trial, reduced=false 10759ms
   ✓ explicit expression trial uses the actual feet and a bounded legal walk > leaves the actual mature default bench before rabbit trial, reduced=false 3945ms
   ✓ explicit expression trial uses the actual feet and a bounded legal walk > leaves the actual mature default bench before fox trial, reduced=false 7224ms
   ✓ explicit expression trial uses the actual feet and a bounded legal walk > leaves the actual mature default bench before otter trial, reduced=true 9855ms
   ✓ explicit expression trial uses the actual feet and a bounded legal walk > leaves the actual mature default bench before rabbit trial, reduced=true 3121ms
   ✓ explicit expression trial uses the actual feet and a bounded legal walk > leaves the actual mature default bench before fox trial, reduced=true 6099ms
   ✓ explicit expression trial uses the actual feet and a bounded legal walk > cancellation during preparing restores the same seated rig and stops pending departure 473ms
   ✓ explicit expression trial uses the actual feet and a bounded legal walk > cancellation during departing restores the same seated rig and stops pending departure 3269ms
   ✓ explicit expression trial uses the actual feet and a bounded legal walk > cancellation during walking restores the same seated rig and stops pending departure 3534ms
   ✓ explicit expression trial uses the actual feet and a bounded legal walk > otter, reduced=false: same rig lands and cancels without moving furniture 7193ms
   ✓ explicit expression trial uses the actual feet and a bounded legal walk > rabbit, reduced=false: same rig lands and cancels without moving furniture 4388ms
   ✓ explicit expression trial uses the actual feet and a bounded legal walk > fox, reduced=false: same rig lands and cancels without moving furniture 4394ms
   ✓ explicit expression trial uses the actual feet and a bounded legal walk > otter, reduced=true: same rig lands and cancels without moving furniture 4456ms
   ✓ explicit expression trial uses the actual feet and a bounded legal walk > rabbit, reduced=true: same rig lands and cancels without moving furniture 1998ms
   ✓ explicit expression trial uses the actual feet and a bounded legal walk > fox, reduced=true: same rig lands and cancels without moving furniture 1980ms
 ✓ src/components/island/life/identity.test.ts (2 tests) 20029ms
   ✓ reserves patchwork for Pokomoko and gives the otter natural fur 349ms
   ✓ keeps every resident mesh, fabric, transform and walking pose identical across C3 and legacy scenery 19679ms
stdout | src/domain/islandLife/creditPerformance.test.ts > reuses the persisted prefix for new learning after seven days with identical cold replay
seven-day incremental credit ms 0.23858299999847077
seven-day cold credit ms 10378.783792000002

 ✓ src/domain/islandLife/creditPerformance.test.ts (3 tests) 31325ms
   ✓ reuses the persisted prefix for new learning after seven days with identical cold replay 31260ms

⎯⎯⎯⎯⎯⎯⎯ Failed Tests 1 ⎯⎯⎯⎯⎯⎯⎯

 FAIL  src/hooks/learningProgression.integration.test.ts > learning progression from real generated questions > reaches 70% promotion through generated normal blocks and persisted answers
Error: Test timed out in 15000ms.
If this is a long-running test, pass a timeout value as the last argument or configure it globally with "testTimeout".
⎯⎯⎯⎯⎯⎯⎯⎯⎯⎯⎯⎯⎯⎯⎯⎯⎯⎯⎯⎯⎯⎯⎯⎯[1/1]⎯

 Test Files  1 failed | 471 passed (472)
      Tests  1 failed | 4219 passed (4220)
   Start at  19:18:51
   Duration  195.23s (transform 10.57s, setup 0ms, collect 320.33s, tests 1282.93s, environment 122ms, prepare 31.65s)

