
> pokko-fushigi-zukan-app@0.0.0 verify:core
> npm run docs:check && npm run check:current-ui-entry && npm run lint && npm run typecheck && npm run test:run && npm run build


> pokko-fushigi-zukan-app@0.0.0 docs:check
> node tools/check-docs.mjs

WARN
- docs/tasks/active/2026-07-21-cold-open-value-loop.md: Review By (2026-09-27) is in the past
- docs/tasks/active/2026-07-23-whole-app-brand-coherence.md: Review By (2026-09-27) is in the past
- docs/tasks/active/2026-09-13-mysterious-island-v3.md: Review By (2026-09-29) is in the past
- docs/tasks/active/2026-09-23-island-performance.md: Review By (2026-09-30) is in the past
PASS docs:check

> pokko-fushigi-zukan-app@0.0.0 check:current-ui-entry
> node tools/check-current-ui-entry.mjs

Current UI entry guard passed: dev opens Mystic Island; old Explore stays on a direct URL with an explicit classic smoke suite; Nature Town is isolated; runtime identity is exposed.

> pokko-fushigi-zukan-app@0.0.0 lint
> eslint .


/private/tmp/sansu-final-main.1n0u2l8f/src/components/island/IslandMilestone.tsx
  16:17  warning  Fast refresh only works when a file only exports components. Use a new file to share constants or functions between components  react-refresh/only-export-components

✖ 1 problem (0 errors, 1 warning)


> pokko-fushigi-zukan-app@0.0.0 typecheck
> tsc -b --pretty false


> pokko-fushigi-zukan-app@0.0.0 test:run
> vitest run


 RUN  v2.1.9 /private/tmp/sansu-final-main.1n0u2l8f

 ✓ src/hooks/blockGenerators.test.ts (36 tests) 28ms
 ✓ src/domain/explore/__tests__/persistenceRepository.test.ts (38 tests) 468ms
 ✓ src/domain/explore/__tests__/learningPlannerSegment.test.ts (15 tests) 601ms
 ✓ src/components/island/three/sharedDisplayScene.test.ts (13 tests) 460ms
Browserslist: browsers data (caniuse-lite) is 9 months old. Please run:
  npx update-browserslist-db@latest
  Why you should do it regularly: https://github.com/browserslist/update-db#readme
 ✓ src/domain/island/rewardGoalRepository.test.ts (14 tests) 1130ms
   ✓ reward goals and the real island storage boundary > earns the desired furniture through ordinary learning, preserves photographs and old memories, then resumes the same reservation 441ms
 ✓ src/domain/island/expressionRepository.test.ts (11 tests) 1193ms
   ✓ expression ownership with the existing learning and photo stores > earns ordinary stars without materializing expression, acquires separately, reloads and resumes the exact same learning plan 495ms
 ✓ src/domain/math/generators/counting.test.ts (51 tests) 20ms
 ✓ src/components/domain/LearningAnswerForm.defer.test.tsx (35 tests) 50ms
 ✓ src/components/island/three/sharedActivities.test.ts (23 tests) 414ms
 ✓ src/domain/explore/__tests__/reducer.test.ts (29 tests) 17ms
 ✓ src/domain/island/sharedMemories.test.ts (14 tests) 73ms
 ✓ src/components/island/three/residentRig.test.ts (38 tests) 3660ms
   ✓ resident local rig and furniture contact > bench supports each resident at the real surface through all rotations 500ms
   ✓ resident local rig and furniture contact > swing supports each resident at the real surface through all rotations 404ms
   ✓ resident local rig and furniture contact > mushroom supports each resident at the real surface through all rotations 452ms
   ✓ resident interest stays a removable layer on the real rig > otter keeps real feet, root, seat and shoulder joints on rotated ordinary objects 817ms
 ✓ src/domain/island/island.test.ts (19 tests) 3240ms
   ✓ island frozen learning sets > reserves three introductory questions, then six familiar questions, and restores the exact plan 529ms
   ✓ island frozen learning sets > keeps wrong answers on the same problem and assistance sticky without fabricating mastery 391ms
   ✓ island frozen learning sets > supports mixed vocabulary sets and accumulates independent readiness without auto progression 660ms
   ✓ island frozen learning sets > preserves fraction multi-input and stepwise written arithmetic in complete reserved plans 1047ms
 ✓ src/components/island/three/workshopScene.test.ts (22 tests) 484ms
 ✓ tools/expression-audio/audio-analysis.test.mjs (53 tests) 5148ms
   ✓ insect-band classification rejects absent insects and actual wind or water even when made quiet 422ms
   ✓ an uninterrupted high tone, wrong cadence or missing call cannot impersonate evening insects 370ms
   ✓ raw02 loop prefix positions are missing first-pitch evidence, not proof of an overlapping loop 316ms
   ✓ one missing first-pitch sample or final required sample fails without shortening either window 589ms
   ✓ one-sample and wrong-sign native offsets fail instead of choosing a better waveform lag 368ms
   ✓ real-answer cue history can exceed 256 sources, while the finite source cap still cannot block native playback or close 940ms
 ✓ src/domain/explore/__tests__/g0NumberVessel.test.ts (13 tests) 5ms
 ✓ src/domain/math/planner.test.ts (35 tests) 36ms
 ✓ src/hooks/useStudySession.logic.test.ts (38 tests) 7ms
 ✓ src/components/island/three/livingRuntime.test.ts (18 tests) 1610ms
   ✓ runtime life cancellation and actual observations > checks a landed bird face in the actual rendered frame, preserves old records and recovers once (reduced=false) 330ms
 ✓ src/domain/island/workshop.test.ts (14 tests) 54ms
 ✓ src/components/island/IslandAnswerForm.test.tsx (38 tests) 532ms
   ✓ Island problem semantic presentation > has a curated equivalent for every symbol actually emitted by the current math generators 437ms
 ✓ src/components/island/three/sharedJobController.test.ts (23 tests) 3637ms
   ✓ shared work after-render and actual object continuity > borrows the actual hand, lamp and receiver for framing without turning strict camera diagnostics into a save gate 554ms
 ✓ src/domain/logic.test.ts (26 tests) 17ms
 ✓ src/domain/algorithms/srs.test.ts (60 tests) 8ms
 ✓ src/domain/island/experienceRepository.test.ts (12 tests) 3133ms
   ✓ owned atomic experience persistence > rolls back a failed layout application receipt including all positions, cosmetics and optional expression state 1311ms
   ✓ saved layout application against the current earned world > keeps real later learning/growth, earned new items, spent stars and the saved next plan when restoring an old layout 1356ms
 ✓ src/domain/island/photosRepository.test.ts (11 tests) 921ms
 ✓ src/domain/learning/independentProgress.integration.test.ts (18 tests) 610ms
 ✓ src/domain/island/learningObservationCommit.test.ts (28 tests) 1249ms
 ✓ src/components/island/useIslandCustomization.test.ts (27 tests) 790ms
 ✓ src/components/island/islandWorkshopQueue.test.ts (20 tests) 117ms
 ✓ src/domain/island/sharedMemoriesRepository.test.ts (9 tests) 897ms
 ✓ src/domain/island/learningContinuity.test.ts (13 tests) 2734ms
   ✓ island learning continuity > shares review opportunities across 6-question 'math' sets 360ms
   ✓ island learning continuity > shares review opportunities across 3-question 'math' sets 323ms
   ✓ island learning continuity > shares review opportunities across 3-question 'mix' sets 353ms
   ✓ island learning continuity > does not disguise unselected pending checks as ordinary Due across repeated short sets 690ms
 ✓ src/domain/island/workshopLayout.test.ts (17 tests) 24ms
 ✓ src/components/island/useIslandExperience.test.ts (16 tests) 1302ms
 ✓ src/domain/island/learningKeepsakesRepository.test.ts (10 tests) 1168ms
   ✓ atomic owned learning keepsakes > earns first and five-section awards through real learning, changes only shelf+receipt, and preserves the same reservation 470ms
 ✓ src/domain/island/workshopRepository.test.ts (9 tests) 1034ms
 ✓ src/domain/island/expression.test.ts (16 tests) 20ms
 ✓ src/domain/island/customizationRepository.test.ts (16 tests) 708ms
 ✓ src/domain/island/growthRepository.test.ts (11 tests) 2001ms
   ✓ owned atomic living island persistence > aborts growth, snapshot, answer, profile and completion together then saves each once on retry 1148ms
 ✓ src/components/island/useIslandSharedMemories.test.ts (13 tests) 1374ms
 ✓ src/domain/park/park.test.ts (140 tests) 408ms
 ✓ src/domain/learning/attemptPersistence.test.ts (24 tests) 667ms
 ✓ src/domain/explore/__tests__/learningSegmentPersistence.test.ts (7 tests) 150ms
 ✓ src/components/island/three/residentInteraction.test.ts (21 tests) 194ms
 ✓ src/components/island/three/growthVisuals.test.ts (21 tests) 524ms
 ✓ src/components/island/three/sharedActivityFraming.test.ts (26 tests) 19076ms
   ✓ body identity keeps the actual articulated tail > otter retains tail surfaces in every held pose without borrowing head or arm surfaces 398ms
   ✓ one side view contains the complete shared delivery > 'flower' fits all quarter-turn chair directions and phone/tablet stage shapes 1433ms
   ✓ one side view contains the complete shared delivery > 'star' fits all quarter-turn chair directions and phone/tablet stage shapes 1503ms
   ✓ one side view contains the complete shared delivery > 'bubble' fits all quarter-turn chair directions and phone/tablet stage shapes 1952ms
   ✓ one side view contains the complete shared delivery > scores actual held poses for '624 star spectator' across every phase without touching the live rigs 1239ms
   ✓ one side view contains the complete shared delivery > scores actual held poses for '484 star self-occlusion' across every phase without touching the live rigs 633ms
   ✓ one side view contains the complete shared delivery > scores actual held poses for '484 bubble self-occlusion' across every phase without touching the live rigs 1223ms
   ✓ one side view contains the complete shared delivery > keeps each subject readable in the recorded 0875 'phone star' scene 722ms
   ✓ one side view contains the complete shared delivery > keeps each subject readable in the recorded 0875 'tablet star' scene 732ms
   ✓ one side view contains the complete shared delivery > keeps each subject readable in the recorded 0875 'phone flower' scene 470ms
   ✓ one side view contains the complete shared delivery > keeps each subject readable in the recorded 0875 'tablet flower' scene 617ms
   ✓ one side view contains the complete shared delivery > keeps each subject readable in the recorded 0875 'phone bubble' scene 486ms
   ✓ one side view contains the complete shared delivery > keeps each subject readable in the recorded 0875 'tablet bubble' scene 488ms
   ✓ one side view contains the complete shared delivery > selects a legal fixed presentation for cdc5 phone without inventing readability 648ms
   ✓ one side view contains the complete shared delivery > selects a legal fixed presentation for cdc5 tablet without inventing readability 665ms
   ✓ one side view contains the complete shared delivery > selects a legal fixed presentation for cdc5 obstructed without inventing readability 1838ms
   ✓ recorded 5d7 subjects cannot borrow visibility from later poses > 'phone-flower' preserves a legal readable presentation 485ms
   ✓ recorded 5d7 subjects cannot borrow visibility from later poses > 'phone-star' preserves a legal readable presentation 402ms
   ✓ recorded 5d7 subjects cannot borrow visibility from later poses > 'phone-bubble' preserves a legal readable presentation 430ms
   ✓ recorded 5d7 subjects cannot borrow visibility from later poses > 'tablet-flower' preserves a legal readable presentation 574ms
   ✓ recorded 5d7 subjects cannot borrow visibility from later poses > 'tablet-star' preserves a legal readable presentation 417ms
   ✓ recorded 5d7 subjects cannot borrow visibility from later poses > 'tablet-bubble' preserves a legal readable presentation 563ms
   ✓ recorded 5d7 subjects cannot borrow visibility from later poses > 'tablet-fox-flower' preserves a legal readable presentation 854ms
 ✓ src/components/island/three/runtimeExpressionEnvironment.test.ts (10 tests) 9575ms
   ✓ runtime environment/flag ownership boundary > restores occlusion then seasonal materials before appearance and growth rebuild, using the same camera and rig roots 1371ms
   ✓ runtime environment/flag ownership boundary > shows the actual trim even with default identity, reports its actual visibility, and keeps old memories bare 1159ms
   ✓ runtime environment/flag ownership boundary > does not overwrite captured look/flag/environment state or the learning camera when hidden learning receives a saved scene 509ms
   ✓ runtime environment/flag ownership boundary > restores each saved free look on the same three rigs after removing raincoat 607ms
   ✓ runtime environment/flag ownership boundary > restores each saved free look on the same three rigs after removing star-beret 512ms
   ✓ runtime environment/flag ownership boundary > cancels the actual walk and clears live foot marks on learning 1662ms
   ✓ runtime environment/flag ownership boundary > cancels the actual walk and clears live foot marks on exit 1438ms
   ✓ runtime environment/flag ownership boundary > cancels the actual walk and clears live foot marks on selection-change 1451ms
   ✓ runtime environment/flag ownership boundary > does not pass a fresh walk request to the controller while the document is hidden 467ms
   ✓ runtime environment/flag ownership boundary > releases seasonal clones before the world can dispose their source materials 397ms
 ✓ src/components/island/useIslandPhotos.test.ts (15 tests) 683ms
 ✓ src/domain/island/furnitureRepository.test.ts (11 tests) 1612ms
   ✓ atomic optional furniture acquisition > earns stars through ordinary answers, acquires telescope, reloads and resumes the same learning reservation 448ms
   ✓ atomic optional furniture acquisition > earns stars through ordinary answers, acquires hammock, reloads and resumes the same learning reservation 449ms
   ✓ atomic optional furniture acquisition > earns stars through ordinary answers, acquires tea-table, reloads and resumes the same learning reservation 476ms
 ✓ src/components/island/three/navigation.test.ts (19 tests) 78ms
 ✓ src/domain/explore/__tests__/problemAdapter.test.ts (38 tests) 70ms
 ✓ src/domain/user/repository.test.ts (9 tests) 568ms
   ✓ getActiveProfile > deletes all IndexedDB rows owned by a profile and selects the next profile 560ms
 ✓ src/domain/explore/__tests__/learningPlanner.test.ts (8 tests) 349ms
 ✓ src/domain/island/learningSession.test.ts (10 tests) 867ms
 ✓ src/components/island/three/sharedActivityController.test.ts (20 tests) 1861ms
 ✓ src/domain/explore/__tests__/g0NumberSuika.test.ts (32 tests) 43ms
 ✓ src/domain/growingIsland/repository.test.ts (13 tests) 1239ms
   ✓ growing island persistence > copies a well-used current island: every item, the land, the drops and the friends 953ms
 ✓ src/hooks/learningProgression.integration.test.ts (12 tests) 8586ms
   ✓ learning progression from real generated questions > preserves legacy next range practice evidence without auto promotion 8230ms
 ✓ src/components/island/useIslandExpression.test.ts (9 tests) 188ms
 ✓ src/components/explore/ExploreProblemPanel.test.tsx (16 tests) 84ms
 ✓ src/domain/test/printability.test.ts (22 tests) 23ms
 ✓ src/components/island/three/sharedDisplayFraming.test.ts (11 tests) 5968ms
   ✓ shared photo actual scene sightlines > clears the photographed tree at (.20, -.60), π/2 on 'phone' without hiding or relocating it 868ms
   ✓ shared photo actual scene sightlines > clears the photographed tree at (.20, -.60), π/2 on 'tablet' without hiding or relocating it 781ms
   ✓ shared photo actual scene sightlines > keeps every actual saved work part readable at aspect 1.1016949152542372 1104ms
   ✓ shared photo actual scene sightlines > keeps every actual saved work part readable at aspect 1.786046511627907 1149ms
   ✓ shared photo actual scene sightlines > uses transformed world geometry and caches a stable near view without repeating rays 561ms
   ✓ shared photo actual scene sightlines > responds to a real resident entering the chosen sightline and keeps that view when it clears 861ms
   ✓ shared photo actual scene sightlines > ignores invisible and fully transparent meshes, but reports an opaque enclosure as unreadable 584ms
 ✓ src/domain/island/customizationAppearanceRepository.test.ts (8 tests) 317ms
 ✓ src/domain/growingIsland/rules.test.ts (24 tests) 79ms
 ✓ src/domain/explore/__tests__/g0Whitebox.test.ts (13 tests) 7ms
 ✓ src/components/island/learningMusic.test.ts (15 tests) 1305ms
   ✓ the score and input share a chord and pulse clock > renders finite, audible, seam-free layers and bounded quiet cues at 44100 Hz 327ms
   ✓ the score and input share a chord and pulse clock > renders finite, audible, seam-free layers and bounded quiet cues at 48000 Hz 333ms
 ✓ src/domain/islandLife/discoveryJournal.test.ts (14 tests) 132ms
 ✓ src/components/island/three/sharedDisplayFrameBoundary.test.ts (5 tests) 3921ms
   ✓ shared job completion releases the display camera > uses the same job candidate for capture, clears it on learning/hidden and returns to the unchanged static display selector 744ms
   ✓ shared job completion releases the display camera > keeps pending work and clears the actual work parts only after commit and settle at 390px (commit first=false) 739ms
   ✓ shared job completion releases the display camera > keeps pending work and clears the actual work parts only after commit and settle at 390px (commit first=true) 683ms
   ✓ shared job completion releases the display camera > keeps pending work and clears the actual work parts only after commit and settle at 768px (commit first=false) 845ms
   ✓ shared job completion releases the display camera > keeps pending work and clears the actual work parts only after commit and settle at 768px (commit first=true) 909ms
 ✓ src/components/island/three/connectedTerrain.test.ts (10 tests) 23768ms
   ✓ connected terrain exterior > adds a supported central depth only at maturity without repeating the main decorative lobes 372ms
   ✓ connected terrain exterior > returns finite immutable matching rings and caches only plain coordinates 401ms
   ✓ connected terrain exterior > supports every old ellipse and candidate connector on one y=0 cap at level 1 463ms
   ✓ connected terrain exterior > supports every old ellipse and candidate connector on one y=0 cap at level 2 1306ms
   ✓ connected terrain exterior > fills only the nested external layer bands and leaves no shore through the connecting floor 1094ms
   ✓ connected terrain exterior > proves band nesting at every linear breakpoint and actual surface support between the boundaries 1903ms
   ✓ connected terrain exterior > keeps world UVs, slot material identity and borrowed textures across every existing style 17994ms
 ✓ src/components/island/three/natureObservationFrame.test.ts (22 tests) 37451ms
   ✓ explicit nature observation framing > rejects qualified-03/06 saved phone cameras and a visible but subpixel frontal face (reduced=false) 2866ms
   ✓ explicit nature observation framing > rejects qualified-03/06 saved phone cameras and a visible but subpixel frontal face (reduced=true) 2847ms
   ✓ explicit nature observation framing > separates butterfly in the actual qualified-03 layout from the unchanged rabbit throughout its flight (1.0103626943005182/false) 1387ms
   ✓ explicit nature observation framing > separates butterfly in the actual qualified-03 layout from the unchanged rabbit throughout its flight (1.0103626943005182/true) 1231ms
   ✓ explicit nature observation framing > separates butterfly in the actual qualified-03 layout from the unchanged rabbit throughout its flight (1.6340425531914893/false) 1288ms
   ✓ explicit nature observation framing > separates butterfly in the actual qualified-03 layout from the unchanged rabbit throughout its flight (1.6340425531914893/true) 1235ms
   ✓ explicit nature observation framing > separates ribbon-butterfly in the actual qualified-03 layout from the unchanged rabbit throughout its flight (1.0103626943005182/false) 1343ms
   ✓ explicit nature observation framing > separates ribbon-butterfly in the actual qualified-03 layout from the unchanged rabbit throughout its flight (1.0103626943005182/true) 1385ms
   ✓ explicit nature observation framing > separates ribbon-butterfly in the actual qualified-03 layout from the unchanged rabbit throughout its flight (1.6340425531914893/false) 1300ms
   ✓ explicit nature observation framing > separates ribbon-butterfly in the actual qualified-03 layout from the unchanged rabbit throughout its flight (1.6340425531914893/true) 1263ms
   ✓ explicit nature observation framing > holds a butterfly covered in every candidate and recovers without moving its host or residents 1670ms
   ✓ explicit nature observation framing > shows the actual eyes and beak at the rotated mushroom from qualified-03/06 without moving any model (reduced=false) 4090ms
   ✓ explicit nature observation framing > shows the actual eyes and beak at the rotated mushroom from qualified-03/06 without moving any model (reduced=true) 3949ms
   ✓ explicit nature observation framing > keeps a landed or hovering bird readable at host yaw 0 in a single fixed observation camera 1026ms
   ✓ explicit nature observation framing > keeps a landed or hovering bird readable at host yaw 1.5707963267948966 in a single fixed observation camera 840ms
   ✓ explicit nature observation framing > keeps a landed or hovering bird readable at host yaw 3.141592653589793 in a single fixed observation camera 842ms
   ✓ explicit nature observation framing > keeps a landed or hovering bird readable at host yaw -2.356194490192345 in a single fixed observation camera 891ms
   ✓ explicit nature observation framing > chooses another front angle when real foreground geometry covers the face and never declares a covered face readable 7988ms
 ✓ src/domain/island/appearance.test.ts (12 tests) 216ms
 ✓ src/domain/learning/evidence.test.ts (16 tests) 64ms
 ✓ src/components/island/three/cosmeticScenery.test.ts (19 tests) 27260ms
   ✓ owned cosmetic scenery > leaves the moon-garden legacy scene geometry and rooted tree exactly as authored 1514ms
   ✓ owned cosmetic scenery > leaves the starry legacy scene geometry and rooted tree exactly as authored 1136ms
   ✓ owned cosmetic scenery > leaves the candy legacy scene geometry and rooted tree exactly as authored 1117ms
   ✓ owned cosmetic scenery > leaves the crystal legacy scene geometry and rooted tree exactly as authored 908ms
   ✓ owned cosmetic scenery > changes real canopy silhouettes and house geometry, beyond recoloring 1259ms
   ✓ owned cosmetic scenery > moon-garden preserves true ground, light anchors and growth through every accent 3061ms
   ✓ owned cosmetic scenery > starry preserves true ground, light anchors and growth through every accent 2335ms
   ✓ owned cosmetic scenery > candy preserves true ground, light anchors and growth through every accent 2477ms
   ✓ owned cosmetic scenery > crystal preserves true ground, light anchors and growth through every accent 2540ms
   ✓ owned cosmetic scenery > keeps crystal shore silhouettes clear of all land, bridge, resident and furniture footprints after expansion 632ms
   ✓ owned cosmetic scenery > disposes each owned geometry, material and texture once without touching resident materials 5291ms
   ✓ owned cosmetic scenery > fits 'moon-garden' theme at grown=false in the same home camera on phone and tablet 454ms
   ✓ owned cosmetic scenery > fits 'moon-garden' theme at grown=true in the same home camera on phone and tablet 902ms
   ✓ owned cosmetic scenery > fits 'starry' theme at grown=false in the same home camera on phone and tablet 353ms
   ✓ owned cosmetic scenery > fits 'starry' theme at grown=true in the same home camera on phone and tablet 905ms
   ✓ owned cosmetic scenery > fits 'candy' theme at grown=false in the same home camera on phone and tablet 432ms
   ✓ owned cosmetic scenery > fits 'candy' theme at grown=true in the same home camera on phone and tablet 753ms
   ✓ owned cosmetic scenery > fits 'crystal' theme at grown=false in the same home camera on phone and tablet 388ms
   ✓ owned cosmetic scenery > fits 'crystal' theme at grown=true in the same home camera on phone and tablet 801ms
 ✓ src/components/island/three/runtimeFurnitureClearance.test.ts (5 tests) 11374ms
   ✓ runtime trial preparation waits for actual saved-furniture clearance > keeps the recorded rabbit walking, then resolves and uses the same choice from the real endpoint 3098ms
   ✓ runtime trial preparation waits for actual saved-furniture clearance > starts newly required clearance before trial preparation on the same runtime update 828ms
   ✓ runtime trial preparation waits for actual saved-furniture clearance > discards the old waiting iterator on learning without moving the rabbit to finish 635ms
   ✓ runtime trial preparation waits for actual saved-furniture clearance > discards the old waiting iterator on exit without moving the rabbit to finish 729ms
   ✓ runtime trial preparation waits for actual saved-furniture clearance > discards the old waiting iterator on reselection without moving the rabbit to finish 6083ms
 ✓ src/domain/island/progressiveSupport.test.ts (13 tests) 564ms
 ✓ src/domain/island/experience.test.ts (19 tests) 35ms
 ✓ src/domain/island/growth.test.ts (11 tests) 75ms
 ✓ src/components/island/three/treeCanopyGeometry.test.ts (10 tests) 1072ms
   ✓ sculpted moon-garden canopy > retains one closed outward surface with finite unit normals and a welded lighting seam 304ms
 ✓ src/domain/math/numberSenseProgress.test.ts (32 tests) 10ms
 ✓ src/components/island/IslandLearningKeepsakes.test.tsx (15 tests) 192ms
 ✓ src/components/island/useIslandLearningKeepsakes.test.ts (11 tests) 220ms
 ✓ src/components/island/three/roofSurface.test.ts (6 tests) 2459ms
   ✓ default roof material prototype > keeps opaque, deterministic broad colors continuous across both texture edges 459ms
   ✓ default roof material prototype > delivers the mapped face and all four seams through the actual scenery builder without leaking into other styles 1490ms
   ✓ default roof material prototype > restores an actual placement clone before retiring the roof pool on an explicit-style switch 481ms
 ✓ src/components/island/three/grassSurface.test.ts (9 tests) 956ms
   ✓ default mint lawn bump surface > keeps the visible cap texture and retires it once on purchase, restore and exit 646ms
 ✓ src/components/island/three/appearanceRendering.test.ts (11 tests) 16958ms
   ✓ independently equipped actual island surfaces > maps the biscuit surface onto unchanged level land and retires its shared texture once 1212ms
   ✓ independently equipped actual island surfaces > starry changes each actual slot while retaining every other slot and rooted identity 1936ms
   ✓ independently equipped actual island surfaces > candy changes each actual slot while retaining every other slot and rooted identity 2198ms
   ✓ independently equipped actual island surfaces > crystal changes each actual slot while retaining every other slot and rooted identity 1966ms
   ✓ independently equipped actual island surfaces > resolves the same explicit mix independently of legacy theme history, including accents 1721ms
   ✓ independently equipped actual island surfaces > keeps actual level ground and both bridge decks through three full looks and old restoration 3723ms
   ✓ independently equipped actual island surfaces > only retires changed-slot resources and disposes each visible owned resource once 825ms
   ✓ independently equipped actual island surfaces > distinguishes hidden expanded bridge meshes from currently visible geometry 784ms
   ✓ independently equipped actual island surfaces > starry fits its actual distant silhouettes in the chosen overview at each land stage 856ms
   ✓ independently equipped actual island surfaces > candy fits its actual distant silhouettes in the chosen overview at each land stage 1002ms
   ✓ independently equipped actual island surfaces > crystal fits its actual distant silhouettes in the chosen overview at each land stage 736ms
 ✓ src/components/island/islandWorkshopAudio.test.ts (12 tests) 143ms
 ✓ src/domain/learningRepository.test.ts (15 tests) 31ms
 ✓ src/domain/island/rewardGoal.test.ts (13 tests) 33ms
 ✓ src/domain/math/writtenArithmetic.test.ts (38 tests) 109ms
 ✓ src/components/island/three/personalScenery.test.ts (11 tests) 2289ms
   ✓ house-mounted personal identity > moon-garden leaves the actual nameplate and roof flag visible from the home camera direction 731ms
   ✓ house-mounted personal identity > starry leaves the actual nameplate and roof flag visible from the home camera direction 502ms
   ✓ house-mounted personal identity > candy leaves the actual nameplate and roof flag visible from the home camera direction 456ms
   ✓ house-mounted personal identity > crystal leaves the actual nameplate and roof flag visible from the home camera direction 519ms
 ✓ tools/island-expression-audio-focused-audit.test.mjs (12 tests) 35ms
 ✓ src/domain/islandLife/relationObservation.test.ts (13 tests) 155ms
 ✓ src/domain/islandLife/repository.test.ts (10 tests) 2406ms
   ✓ independent life persistence > never awards a diagnostic time jump twice and recovers from backward clock 1001ms
   ✓ independent life persistence > persists channel receipts and reroutes water after storing and replacing a segment 827ms
 ✓ src/components/island/three/workshopPresentation.test.ts (14 tests) 1166ms
 ✓ src/components/island/three/optionalFurnitureController.test.ts (37 tests) 12145ms
   ✓ optional tools use the actual bodies and bounded furniture > telescope uses selected otter with visible actual contacts 324ms
   ✓ optional tools use the actual bodies and bounded furniture > hammock uses selected otter with visible actual contacts 374ms
   ✓ optional tools use the actual bodies and bounded furniture > tea-table uses selected otter with visible actual contacts 608ms
   ✓ optional tools use the actual bodies and bounded furniture > tea-table uses selected rabbit with visible actual contacts 620ms
   ✓ optional tools use the actual bodies and bounded furniture > tea-table uses selected fox with visible actual contacts 544ms
   ✓ optional tools use the actual bodies and bounded furniture > telescope keeps contact and real framing at rotation 4.71238898038469 in both motion modes 316ms
   ✓ optional tools use the actual bodies and bounded furniture > hammock keeps contact and real framing at rotation 1.5707963267948966 in both motion modes 364ms
   ✓ optional tools use the actual bodies and bounded furniture > hammock keeps contact and real framing at rotation 3.141592653589793 in both motion modes 336ms
   ✓ optional tools use the actual bodies and bounded furniture > tea-table keeps contact and real framing at rotation 1.5707963267948966 in both motion modes 454ms
   ✓ optional tools use the actual bodies and bounded furniture > tea-table keeps contact and real framing at rotation 3.141592653589793 in both motion modes 395ms
   ✓ optional tools use the actual bodies and bounded furniture > tea-table keeps contact and real framing at rotation 4.71238898038469 in both motion modes 382ms
   ✓ optional tools use the actual bodies and bounded furniture > tea passes one real cup from otter to rabbit with both hands touching 501ms
   ✓ optional tools use the actual bodies and bounded furniture > tea passes one real cup from otter to fox with both hands touching 505ms
   ✓ optional tools use the actual bodies and bounded furniture > tea passes one real cup from rabbit to otter with both hands touching 454ms
   ✓ optional tools use the actual bodies and bounded furniture > tea passes one real cup from rabbit to fox with both hands touching 423ms
   ✓ optional tools use the actual bodies and bounded furniture > tea passes one real cup from fox to otter with both hands touching 586ms
   ✓ optional tools use the actual bodies and bounded furniture > tea passes one real cup from fox to rabbit with both hands touching 397ms
   ✓ optional tools use the actual bodies and bounded furniture > routes the actual fox tail around an independent obstacle and the stationary residents 961ms
 ✓ src/components/island/three/natureVisuals.test.ts (8 tests) 246ms
 ✓ src/domain/user/onboarding.test.ts (20 tests) 1785ms
 ✓ src/domain/island/learningKeepsakes.test.ts (32 tests) 13ms
 ✓ src/components/island/three/furnitureClearanceController.test.ts (9 tests) 1362ms
   ✓ saved furniture clearance runs physical moves in sequence > contains the whole current bodies and every future route before the second resident starts 628ms
 ✓ src/components/challenge/useChallengeSession.test.tsx (9 tests) 477ms
 ✓ src/domain/island/learningObservation.test.ts (19 tests) 10ms
 ✓ src/components/island/three/flagFraming.test.ts (7 tests) 8284ms
   ✓ inspection of the actual island flag > keeps identity and trim in front of actual mature house shapes for legacy and independent styles 8210ms
 ✓ src/domain/island/sceneStyle.test.ts (6 tests) 26ms
 ✓ src/components/island/life/runtimeAssets.test.ts (11 tests) 286ms
 ✓ src/components/island/useIslandRewardGoal.test.ts (11 tests) 322ms
 ✓ src/domain/explore/__tests__/g0ChainShot.test.ts (12 tests) 12ms
 ✓ src/domain/learning/unitPlanning.integration.test.ts (14 tests) 500ms
 ✓ src/components/island/three/residentTail.test.ts (4 tests) 1389ms
   ✓ the same actual tail has a reversible sitting joint > otter: original standing shape, clear backboards and standing borrowed pose 391ms
   ✓ the same actual tail has a reversible sitting joint > keeps the recorded star handoff visible past the real fox tail in every shared phase 854ms
 ✓ src/components/island/three/runtimePhotography.test.ts (13 tests) 5445ms
   ✓ current-scene photography boundary > renders before encoding without resetting the current actor or camera 575ms
   ✓ current-scene photography boundary > photographs a real house keepsake in the existing island scene at 390×354 477ms
   ✓ current-scene photography boundary > photographs a real house keepsake in the existing island scene at 768×430 421ms
   ✓ current-scene photography boundary > cannot render or encode a hidden scene 426ms
   ✓ current-scene photography boundary > cannot render or encode a offscreen scene 366ms
   ✓ current-scene photography boundary > cannot render or encode a learning scene 379ms
   ✓ current-scene photography boundary > cannot render or encode a lost scene 354ms
   ✓ current-scene photography boundary > tracks the actual otter and cap before capture without changing its pose 411ms
   ✓ current-scene photography boundary > tracks the actual rabbit and cap before capture without changing its pose 446ms
   ✓ current-scene photography boundary > tracks the actual fox and cap before capture without changing its pose 436ms
   ✓ display photo uses the actual scene before encoding > checks live tree occlusion before a 390×354 capture 461ms
   ✓ display photo uses the actual scene before encoding > checks live tree occlusion before a 768×430 capture 404ms
 ✓ src/components/island/useIslandFurniture.test.ts (10 tests) 190ms
 ✓ src/domain/islandLife/relationSelection.test.ts (11 tests) 112ms
 ✓ src/components/island/three/sharedJobFraming.test.ts (6 tests) 31955ms
   ✓ actual shared job sightlines > replaces the recorded back view with both actual paws and the same held object at aspect 1.3066202090592334 6431ms
   ✓ actual shared job sightlines > replaces the recorded back view with both actual paws and the same held object at aspect 1.786046511627907 6574ms
   ✓ actual shared job sightlines > improves the lamp view and exposes actual receiver triangles without hiding residual occlusion at aspect 1.3066202090592334 7271ms
   ✓ actual shared job sightlines > improves the lamp view and exposes actual receiver triangles without hiding residual occlusion at aspect 1.786046511627907 6926ms
   ✓ actual shared job sightlines > retains its selected contact angle through moving bounds without full searches or GPU allocations 2665ms
   ✓ actual shared job sightlines > keeps an unreadable view honest and caps reselection during continuous occlusion 2086ms
 ✓ src/components/island/life/IslandLife.startup.test.tsx (4 tests) 59ms
 ✓ src/components/island/three/sharedActivityVisuals.test.ts (12 tests) 98ms
 ✓ src/domain/challenge/repository.test.ts (14 tests) 831ms
 ✓ src/components/island/life/useIslandLife.test.ts (12 tests) 850ms
 ✓ src/components/island/islandAmbienceAudio.test.ts (11 tests) 165ms
 ✓ src/components/island/useIslandMilestoneNotice.test.ts (15 tests) 15ms
 ✓ src/domain/growingIsland/guidance.repository.test.ts (7 tests) 263ms
 ✓ src/domain/park/writtenArithmeticIntegration.test.ts (25 tests) 381ms
 ✓ src/domain/growingIsland/guidance.test.ts (11 tests) 36ms
 ✓ src/components/island/three/learningKeepsakeScenery.test.ts (5 tests) 570ms
   ✓ a finite room for actual learning keepsakes > physically supports thirteen separate trophies and wall-mounts three papers within a bounded static room 419ms
 ✓ src/domain/explore/__tests__/learningSegment.test.ts (20 tests) 6ms
 ✓ src/components/island/three/optionalFurnitureFraming.test.ts (6 tests) 6349ms
   ✓ optional tool close views keep the physical cause visible > keeps the same tea cup and tabletop visible through quaternion-restored handoff at 1.3202856387199153 510ms
   ✓ optional tool close views keep the physical cause visible > keeps the same tea cup and tabletop visible through quaternion-restored handoff at 2.1429131970179185 400ms
   ✓ optional tool close views keep the physical cause visible > frames the real hammock cloth past the house roof at 1.3220338983050848 2270ms
   ✓ optional tool close views keep the physical cause visible > frames the real hammock cloth past the house roof at 2.0210526315789474 2212ms
   ✓ optional tool close views keep the physical cause visible > keeps the same front-facing selection through a walk and restores every actual pose after camera inspection 955ms
 ✓ src/domain/finishTestRepository.test.ts (8 tests) 1571ms
   ✓ atomic finish test repository > records real Lv0 readiness for new and legacy missing-state profiles (legacy=false) 316ms
 ✓ src/components/island/three/optionalFurnitureRuntime.test.ts (8 tests) 1203ms
 ✓ src/domain/levelProgression.test.ts (10 tests) 497ms
   ✓ evidence required for level progression > retains math readiness evidence without automatic promotion and respects manual downgrade 385ms
 ✓ src/domain/learning/pilotRepository.test.ts (7 tests) 316ms
 ✓ src/domain/explore/__tests__/wagerRun.test.ts (19 tests) 8ms
 ✓ src/components/island/three/optionalFurnitureTrial.test.ts (8 tests) 56931ms
   ✓ borrowed tools choose an actually usable legal trial location > rechecks the chosen resident using the same borrowed model and retains a usable position on reselection 971ms
   ✓ borrowed tools choose an actually usable legal trial location > uses the new connecting floor for the formerly blocked furniture-03 hammock without moving saved furniture 2126ms
   ✓ borrowed tools choose an actually usable legal trial location > keeps the furniture-02 narrow passage blocked for the actual body, then accepts only a child-requested usable preview 9192ms
   ✓ borrowed tools choose an actually usable legal trial location > drops an old explicit search on movement, lifecycle pause and foreground resume 497ms
   ✓ borrowed tools choose an actually usable legal trial location > telescope preflights every selected resident then retains the same real model through sequential trials 10301ms
   ✓ borrowed tools choose an actually usable legal trial location > hammock preflights every selected resident then retains the same real model through sequential trials 5721ms
   ✓ borrowed tools choose an actually usable legal trial location > tea-table preflights every selected resident then retains the same real model through sequential trials 27944ms
 ✓ src/domain/islandLife/facilityTrips.test.ts (10 tests) 179ms
 ✓ src/components/island/three/sceneFraming.test.ts (15 tests) 3333ms
   ✓ frozen learning frame after free play > contains earned shores in matching album cameras and the home view at 390×190, chapter 1 320ms
   ✓ frozen learning frame after free play > contains earned shores in matching album cameras and the home view at 390×190, chapter 2 429ms
   ✓ frozen learning frame after free play > contains earned shores in matching album cameras and the home view at 390×190, chapter undefined 425ms
   ✓ frozen learning frame after free play > contains earned shores in matching album cameras and the home view at 768×400, chapter 2 425ms
   ✓ frozen learning frame after free play > contains earned shores in matching album cameras and the home view at 768×400, chapter undefined 361ms
 ✓ src/domain/math/studyPresentation.test.ts (15 tests) 10ms
 ✓ src/components/island/three/residentOutfit.test.ts (13 tests) 960ms
   ✓ optional attached resident outfits > otter preserves every original mesh, body proportion, fixed scarf and hand/seat/foot anchor through all appearances 328ms
 ✓ src/domain/island/furniture.test.ts (11 tests) 22ms
 ✓ src/components/island/three/furniture.test.ts (17 tests) 219ms
 ✓ src/components/island/three/cameraPanFraming.test.ts (12 tests) 1011ms
   ✓ real normal-island runtime framing > keeps the new central floor in the actual pan regions and reachable at 390×380 305ms
 ✓ src/domain/explore/__tests__/observation.test.ts (11 tests) 5ms
 ✓ src/hooks/blockGenerators.progression.test.ts (13 tests) 25ms
 ✓ src/components/island/IslandLearningSupport.test.tsx (18 tests) 107ms
 ✓ src/components/island/three/workshopResidentFraming.test.ts (8 tests) 522ms
 ✓ src/domain/natureTown/acceptanceGrowthRandom.test.ts (6 tests) 796ms
   ✓ NT-3 growth and random boundaries (diagnostic fixtures) > RNG-05/07 evaluates once per interval despite repainting, failures, weather and full visitor slots 382ms
   ✓ NT-3 growth and random boundaries (diagnostic fixtures) > RNG-08 keeps world outcomes identical with different earned learning rights 339ms
 ✓ src/domain/natureTown/simulation.test.ts (14 tests) 3953ms
   ✓ Nature Town deterministic simulation > SIM-06/07/11 conserves all food for 20 active minutes and deterministic save continuation 3387ms
   ✓ Nature Town deterministic simulation > SIM-10 protects carried food when destination is moved 323ms
 ✓ tools/current-ui-entry-guard.test.mjs (18 tests) 7ms
 ✓ src/components/island/IslandCustomization.test.tsx (9 tests) 60ms
 ✓ src/components/island/three/terrainProfile.test.ts (9 tests) 1239ms
   ✓ shore garden terrain keeps saved physical land > keeps western physical bridge/props identical while its terrain is not an eastern mirror 350ms
 ✓ src/domain/growingIsland/friends.test.ts (10 tests) 149ms
 ✓ src/components/island/three/furnitureClearance.test.ts (9 tests) 507ms
   ✓ saved furniture gives standing residents room to step aside > is deterministic and leaves an enclosed resident blocked without moving its saved furniture 452ms
 ✓ src/components/island/three/islandCameraControls.test.ts (11 tests) 7ms
 ✓ src/components/explore/DiscoveryReveal.test.ts (7 tests) 36ms
 ✓ src/domain/natureTown/acceptanceSimulation.test.ts (6 tests) 204ms
 ✓ tools/island-expression-visual-matrix-audit.test.mjs (7 tests) 55ms
 ✓ src/domain/islandLife/activities.test.ts (7 tests) 330ms
 ✓ src/domain/island/subjectSelection.test.ts (10 tests) 41ms
 ✓ src/components/island/three/westNavigation.test.ts (10 tests) 102ms
 ✓ src/domain/islandLife/foodLoop.test.ts (10 tests) 16ms
 ✓ src/domain/english/planner.test.ts (14 tests) 11ms
 ✓ src/components/island/useIslandLearningObservation.test.ts (10 tests) 6ms
 ✓ src/domain/island/subjectPreference.test.ts (5 tests) 696ms
 ✓ src/domain/explore/__tests__/runCheckpoint.test.ts (7 tests) 6ms
 ✓ src/domain/islandLife/residency.test.ts (7 tests) 565ms
   ✓ renders an otter-first island with the correct rig and hidden uninvited rabbit 302ms
 ✓ tools/island-reward-goal-audit.test.mjs (9 tests) 26ms
 ✓ src/domain/growingIsland/balance.test.ts (8 tests) 34ms
 ✓ src/domain/learning/mathCatalog.test.ts (6 tests) 31ms
 ✓ src/domain/islandLife/simulation.test.ts (11 tests) 483ms
 ✓ src/pwa.test.ts (12 tests) 65ms
stdout | src/domain/islandLife/commandPerformance.test.ts > reuses a storage command after a day of history and persists the cold-replay state
store warm command + replay ms 6.281665999999859
store cold replay ms 589.2001670000002

 ✓ src/pwaUpdateUtils.test.ts (43 tests) 6ms
 ✓ src/domain/test/trigger.test.ts (8 tests) 8ms
 ✓ src/pages/Explore.test.ts (9 tests) 6ms
 ✓ src/domain/math/foundations.test.ts (14 tests) 96ms
 ✓ src/components/island/three/sharedActivityOcclusion.test.ts (9 tests) 8ms
 ✓ src/domain/islandLife/commandPerformance.test.ts (20 tests) 1895ms
   ✓ reuses a storage command after a day of history and persists the cold-replay state 1416ms
 ✓ src/components/island/three/worldPalette.test.ts (4 tests) 110ms
 ✓ src/components/island/learningActor/motion.test.ts (6 tests) 368ms
 ✓ src/domain/island/experienceAppearance.test.ts (5 tests) 12ms
 ✓ src/domain/battle/engine.test.ts (11 tests) 17ms
 ✓ src/domain/math/contentIntegrity.test.ts (21 tests) 322ms
 ✓ src/domain/finishTest.test.ts (15 tests) 30ms
 ✓ src/components/island/IslandAlbum.test.tsx (4 tests) 38ms
 ✓ src/components/island/three/expressionEnvironment.test.ts (7 tests) 14898ms
   ✓ reversible expression environment on the existing world > moon-garden preserves geometry, growth, ground hits and all original material references through every period/season 3793ms
   ✓ reversible expression environment on the existing world > starry preserves geometry, growth, ground hits and all original material references through every period/season 3228ms
   ✓ reversible expression environment on the existing world > candy preserves geometry, growth, ground hits and all original material references through every period/season 3731ms
   ✓ reversible expression environment on the existing world > crystal preserves geometry, growth, ground hits and all original material references through every period/season 3073ms
   ✓ reversible expression environment on the existing world > reuses same-selection resources, disposes retired clones once, and restores the newest theme after growth/material regeneration 1071ms
 ✓ src/components/island/islandAlbumPresentation.test.tsx (4 tests) 29ms
 ✓ src/components/island/three/geometry.test.ts (8 tests) 1900ms
   ✓ island sculpted geometry > keeps the static scenery and tree within a bounded mesh and triangle budget 1772ms
 ✓ src/domain/test/paperTestRepository.test.ts (6 tests) 188ms
 ✓ src/components/island/life/encounterObservation.test.ts (5 tests) 1570ms
   ✓ requires actual ordinary presentation and explicit input, and coalesces repeated input 449ms
   ✓ preserves the gesture across a same-layout mesh rebuild without counting the GPU gap as visible time 436ms
 ✓ src/components/island/life/residentShadow.test.ts (6 tests) 709ms
 ✓ src/components/island/life/facilityRelations.test.ts (6 tests) 1281ms
   ✓ presented facility relations > stands back for care beside an ordinary flower visitor while old snapshots retain the sniff distance 722ms
 ✓ src/components/island/three/homeInteriorCamera.test.ts (16 tests) 50533ms
   ✓ a perspective camera inside the same closed house > places the real room floor above the unchanged exterior foundation at aspect 1.3220338983050848 628ms
   ✓ a perspective camera inside the same closed house > places the real room floor above the unchanged exterior foundation at aspect 2.0210526315789474 450ms
   ✓ a perspective camera inside the same closed house > encloses the viewport, shows living objects and all sixteen awards at 390×295, actual cottage=false 11191ms
   ✓ a perspective camera inside the same closed house > encloses the viewport, shows living objects and all sixteen awards at 768×380, actual cottage=false 13195ms
   ✓ a perspective camera inside the same closed house > encloses the viewport, shows living objects and all sixteen awards at 390×295, actual cottage=true 11615ms
   ✓ a perspective camera inside the same closed house > encloses the viewport, shows living objects and all sixteen awards at 768×380, actual cottage=true 11862ms
   ✓ a perspective camera inside the same closed house > keeps the whole walking resident on screen at the portrait edges and restores the close view 1211ms
 ✓ src/domain/finishRecovery.test.ts (6 tests) 81ms
 ✓ src/components/island/life/worldShadowPresentation.test.ts (4 tests) 562ms
   ✓ predicts a tiny shadow needs the close view without recording or leaving its preview gesture behind 358ms
 ✓ src/components/island/IslandExpression.test.tsx (5 tests) 86ms
 ✓ src/domain/finishCoverage.test.ts (6 tests) 48ms
 ✓ src/components/island/islandPhotoCapture.test.ts (11 tests) 16ms
 ✓ src/components/island/life/residentMotion.test.ts (5 tests) 981ms
   ✓ rendered activity geometry > uses the legacy distance-based stride without the new sideways sway 366ms
 ✓ src/components/island/tutorial/useIslandTutorial.test.ts (6 tests) 6ms
 ✓ src/components/explore/ExplorePathChoice.test.tsx (5 tests) 24ms
 ✓ src/domain/explore/__tests__/discoveryPage.test.ts (9 tests) 5ms
 ✓ src/domain/islandLife/economyMigration.test.ts (7 tests) 263ms
 ✓ src/components/island/IslandRewardGoal.test.tsx (7 tests) 54ms
 ✓ src/components/explore/rootPullPresentation.test.ts (10 tests) 2ms
 ✓ src/domain/islandLife/diagonalMigration.test.ts (4 tests) 243ms
 ✓ src/domain/learning/unitPractice.test.ts (7 tests) 26ms
 ✓ src/domain/islandLife/landRules.test.ts (6 tests) 181ms
 ✓ src/domain/math/generators/advanced.test.ts (10 tests) 17ms
 ✓ src/components/island/IslandGrowth.test.tsx (6 tests) 37ms
 ✓ src/domain/islandLife/economyRepository.test.ts (5 tests) 684ms
   ✓ atomic v3 economy cutover > retains a high legacy balance and never replenishes it during a diagnostic time jump 313ms
 ✓ src/domain/challenge/engine.test.ts (17 tests) 3721ms
   ✓ challenge source v1 > covers all 45 ordered pairs, balances each block, exhausts bags, and avoids repeated/reversed neighbors 3711ms
 ✓ src/components/island/IslandHomeActions.test.tsx (6 tests) 102ms
 ✓ src/domain/islandLife/playTours.test.ts (9 tests) 17ms
 ✓ src/domain/islandLife/placementUndo.test.ts (6 tests) 223ms
 ✓ src/domain/island/pacing.test.ts (5 tests) 14ms
 ✓ src/components/island/three/placementOcclusion.test.ts (8 tests) 835ms
 ✓ src/domain/islandLife/placementMigration.test.ts (4 tests) 117ms
 ✓ src/components/island/three/homeViewFraming.test.ts (16 tests) 8345ms
   ✓ layout-owned close phone home > enlarges nearby life while retaining both residents and the house, without entering manual camera mode 711ms
   ✓ layout-owned close phone home > keeps the first deliberate zoom continuous relative to the closer base frame 581ms
   ✓ layout-owned close phone home > leaves the existing 768x900 framing unchanged 511ms
   ✓ layout-owned close phone home > leaves the existing 1024x600 framing unchanged 519ms
   ✓ layout-owned close phone home > leaves the existing 390x330 framing unchanged 556ms
   ✓ layout-owned close phone home > does not alter the dedicated or overview frame: {"districtFocus":"all"} 546ms
   ✓ layout-owned close phone home > does not alter the dedicated or overview frame: {"districtFocus":"east"} 432ms
   ✓ layout-owned close phone home > does not alter the dedicated or overview frame: {"districtFocus":"west"} 418ms
   ✓ layout-owned close phone home > does not alter the dedicated or overview frame: {"photographing":true} 727ms
   ✓ layout-owned close phone home > does not alter the dedicated or overview frame: {"readOnly":true} 458ms
   ✓ layout-owned close phone home > does not alter the dedicated or overview frame: {"readOnly":true,"comparisonHabitat":"garden"} 517ms
   ✓ layout-owned close phone home > does not alter the dedicated or overview frame: {"learning":true} 522ms
   ✓ layout-owned close phone home > does not alter the dedicated or overview frame: {"preview":{"id":"move","kind":"flower","position":{"x":0,"z":1},"rotation":0}} 471ms
   ✓ layout-owned close phone home > does not alter the dedicated or overview frame: {"playRequest":{"id":"replay","itemId":"flower"}} 430ms
   ✓ layout-owned close phone home > returns from the whole-island view to the same close home frame 473ms
   ✓ layout-owned close phone home > lets an automatic shared activity keep its authored camera with manual mode still off 472ms
 ✓ src/components/island/three/expressionFootTrails.test.ts (3 tests) 382ms
 ✓ src/components/island/three/appearanceFraming.test.ts (6 tests) 9926ms
   ✓ appearance viewing uses fixed real-target cameras > keeps the entire central tree in frame with the same matrix for every style and maturity at aspect 1.1016949152542372 4277ms
   ✓ appearance viewing uses fixed real-target cameras > keeps the entire central tree in frame with the same matrix for every style and maturity at aspect 1.786046511627907 3658ms
   ✓ appearance viewing uses fixed real-target cameras > wall, roof and window use one fixed house view without hiding a resident, furniture or display 1941ms
 ✓ src/domain/islandLife/cadence.test.ts (8 tests) 390ms
 ✓ src/components/island/life/readingObservation.test.ts (5 tests) 1543ms
   ✓ requires ordinary R5 presentation and both visible book orientations 396ms
   ✓ cancels when the real reader leaves or its layout changes 399ms
   ✓ keeps the orientation through a mesh rebuild without crediting an unseen gap 325ms
 ✓ src/components/explore/PaintedEncounterLineage.test.tsx (5 tests) 47ms
 ✓ src/components/island/IslandExpressionFlag.test.tsx (2 tests) 9ms
 ✓ src/components/island/three/expressionResidentVisuals.test.ts (12 tests) 2937ms
   ✓ expressions stay attached to the original residents > telescope preserves fox real contacts in raincoat and beret 349ms
   ✓ expressions stay attached to the original residents > tea-table preserves otter real contacts in raincoat and beret 380ms
   ✓ expressions stay attached to the original residents > tea-table preserves rabbit real contacts in raincoat and beret 363ms
   ✓ expressions stay attached to the original residents > tea-table preserves fox real contacts in raincoat and beret 417ms
 ✓ src/domain/explore/__tests__/encounters.test.ts (7 tests) 5ms
 ✓ src/components/domain/PrintableTestPreview.test.tsx (6 tests) 66ms
 ✓ src/domain/islandLife/decorations.test.ts (4 tests) 142ms
 ✓ src/domain/explore/__tests__/rapidLoopEligibility.test.ts (27 tests) 4ms
 ✓ src/domain/explore/__tests__/rapidLoop.test.ts (6 tests) 8ms
 ✓ src/components/island/islandDiscoveryGuide.test.ts (8 tests) 21ms
 ✓ src/domain/islandLife/heroVisit.test.ts (5 tests) 135ms
 ✓ src/domain/learning/context.test.ts (6 tests) 46ms
 ✓ src/domain/islandLife/plantsWater.test.ts (5 tests) 133ms
 ✓ src/domain/island/learningPartyRepository.test.ts (3 tests) 322ms
 ✓ src/components/island/life/relationGaze.test.ts (9 tests) 2365ms
   ✓ same-seat R1/R3 gaze > turns pokomoko toward a young plant without moving its seat contact 443ms
   ✓ same-seat R1/R3 gaze > turns rabbit toward a young plant without moving its seat contact 366ms
   ✓ same-seat R1/R3 gaze > turns otter toward a young plant without moving its seat contact 369ms
   ✓ same-seat R1/R3 gaze > looks at the actual swing occupant after arrival and at the toy while it is empty 323ms
 ✓ src/domain/islandLife/walkingSpace.test.ts (7 tests) 94ms
 ✓ src/components/island/islandAlbumMemory.test.ts (7 tests) 10ms
 ✓ src/components/island/life/placement.test.ts (5 tests) 1119ms
   ✓ placement preview > keeps a resident on the real seat while a copy is previewed elsewhere 618ms
 ✓ src/domain/test/testSet.test.ts (34 tests) 271ms
 ✓ src/domain/island/customization.test.ts (20 tests) 15ms
 ✓ src/components/island/three/livingActivities.test.ts (5 tests) 7ms
 ✓ src/domain/learning/progressView.test.ts (7 tests) 6ms
 ✓ src/domain/islandLife/cadenceMigration.test.ts (4 tests) 181ms
 ✓ src/domain/islandLife/discovery.test.ts (6 tests) 10ms
 ✓ src/domain/math/generators/subtraction.test.ts (10 tests) 7ms
 ✓ src/components/island/life/extendedGround.test.ts (7 tests) 1935ms
   ✓ rendered groves and water retain exact cells and readable connections > can see sapling x 3 with its real connecting ground 366ms
   ✓ rendered groves and water retain exact cells and readable connections > keeps water comparison head focus when a reduced-motion memory is replayed with normal motion 439ms
   ✓ rendered groves and water retain exact cells and readable connections > rests beside a mature tree inside its local shade while retaining the old unversioned pose 321ms
 ✓ src/domain/islandLife/sandbox.test.ts (3 tests) 306ms
 ✓ src/domain/growingIsland/wonder.test.ts (7 tests) 38ms
 ✓ src/utils/audio.test.ts (8 tests) 50ms
 ✓ src/domain/math/answerCompletion.test.ts (13 tests) 275ms
 ✓ src/components/island/life/gatheringVisibility.test.ts (6 tests) 1276ms
   ✓ rendered gathering evidence > sees the actual exposed parts of all six mature cells and joins from the island angle 373ms
 ✓ src/components/dev/suika/NumberSuikaStage.test.tsx (10 tests) 48ms
 ✓ src/components/island/life/lifeUpdateClient.test.ts (7 tests) 12ms
 ✓ src/domain/learning/englishCatalog.test.ts (5 tests) 101ms
 ✓ src/components/island/life/landscape.test.ts (5 tests) 254ms
 ✓ src/components/domain/TenKey.compact.test.tsx (6 tests) 88ms
 ✓ src/domain/islandLife/observationVisit.test.ts (5 tests) 42ms
 ✓ src/components/ikimono/fuwafuwaDailyConversation.test.ts (4 tests) 2ms
 ✓ src/domain/islandLife/heroVisitMigration.test.ts (3 tests) 237ms
 ✓ src/components/island/life/fantasy/garden.test.ts (4 tests) 778ms
   ✓ preserves the original Pokomoko geometry, fabric panels, scarf and scale across garden styles 460ms
 ✓ src/components/island/three/runtimeExpressionResidents.test.ts (3 tests) 3425ms
   ✓ expression rendering stays optional inside a read-only scene > pause restores the actual resident, clears every live mark and consumes the interrupted request 1205ms
   ✓ expression rendering stays optional inside a read-only scene > changing reduced motion schedules the owned temporary rig instead of resetting it through ordinary updates 1097ms
   ✓ expression rendering stays optional inside a read-only scene > frames the actual read-only trial and releases that camera on learning and exit 1121ms
 ✓ src/components/island/three/learningReaction.test.ts (12 tests) 10ms
 ✓ src/domain/math/generators/addition.test.ts (10 tests) 9ms
stdout | src/domain/islandLife/replaySnapshot.test.ts > persistent replay acceleration > survives cold reopen and matches full replay after 1 and 7 days, purchases and new facts
snapshot benchmark {"hours":24,"fullMs":332.1039589999999,"restoreMs":0.38720899999998437,"snapshotBytes":7378}

 ✓ src/domain/island/learningChecks.test.ts (14 tests) 14ms
 ✓ src/domain/islandLife/picnicTable.test.ts (5 tests) 42ms
 ✓ src/domain/island/homeJourney.test.ts (4 tests) 318ms
 ✓ src/components/island/learningFeedback.test.ts (8 tests) 4ms
 ✓ src/components/explore/ReturnSummary.test.tsx (5 tests) 57ms
 ✓ src/domain/islandLife/purchases.test.ts (5 tests) 76ms
 ✓ src/components/island/life/useLiveDiscovery.test.ts (3 tests) 112ms
 ✓ src/components/dev/g0v2/G0MechanicRemixStage.test.tsx (4 tests) 20ms
 ✓ src/domain/natureTown/learning.test.ts (3 tests) 426ms
 ✓ src/components/island/life/relationObservation.test.ts (2 tests) 816ms
   ✓ rendered explicit resident selection > looks at the actual swing user without changing either resident or the bench seat 542ms
 ✓ src/domain/math/profileProgress.test.ts (67 tests) 31ms
 ✓ src/domain/islandLife/playTourSimulation.test.ts (7 tests) 2486ms
   ✓ authoritative GP3 time and interruption > keeps all three residents circulating during a long absence 2368ms
 ✓ src/components/island/three/sharedActivityContinuity.test.ts (12 tests) 2939ms
   ✓ shared props remain attached while the real resident poses change phase > 'flower' 'left/left' keeps actual holding paws and the prop continuous across every handoff boundary 504ms
 ✓ src/components/island/three/waterSurface.test.ts (6 tests) 7098ms
   ✓ static ocean and shallow-water resources > keeps simultaneous palettes and other slots independent at floor level 0 1495ms
   ✓ static ocean and shallow-water resources > keeps simultaneous palettes and other slots independent at floor level 1 1692ms
   ✓ static ocean and shallow-water resources > keeps simultaneous palettes and other slots independent at floor level 2 2141ms
   ✓ static ocean and shallow-water resources > reuses and retires water resources without textures at floor level 0 455ms
   ✓ static ocean and shallow-water resources > reuses and retires water resources without textures at floor level 1 558ms
   ✓ static ocean and shallow-water resources > reuses and retires water resources without textures at floor level 2 753ms
 ✓ src/domain/islandLife/windArch.test.ts (4 tests) 72ms
stdout | src/domain/islandLife/replaySnapshot.test.ts > persistent replay acceleration > survives cold reopen and matches full replay after 1 and 7 days, purchases and new facts
snapshot benchmark {"hours":168,"fullMs":1747.944833,"restoreMs":11.367500000000291,"snapshotBytes":7563}

 ✓ src/components/island/life/encounterVisual.test.ts (4 tests) 198ms
 ✓ src/components/island/three/islandCameraAnchor.test.ts (4 tests) 12ms
 ✓ src/domain/islandLife/isolation.test.ts (5 tests) 29ms
 ✓ src/domain/islandLife/tourMigration.test.ts (5 tests) 234ms
 ✓ src/domain/islandLife/waterMagic.test.ts (5 tests) 24ms
 ✓ src/components/island/IslandPhotos.test.tsx (6 tests) 68ms
 ✓ src/components/charts/SkillRadarChart.test.ts (7 tests) 15ms
 ✓ src/components/dev/g0/G0WhiteboxStage.test.tsx (6 tests) 14ms
 ✓ src/domain/islandLife/readingEncounter.test.ts (10 tests) 11ms
 ✓ src/domain/island/catalogExpansion.test.ts (3 tests) 5ms
 ✓ src/components/island/life/fantasy/indexedBatch.test.ts (3 tests) 89ms
 ✓ src/components/island/growing/GrowingGuideBook.test.tsx (6 tests) 52ms
 ✓ src/domain/islandLife/soilMoisture.test.ts (4 tests) 55ms
 ✓ src/components/island/life/liveRelations.test.ts (5 tests) 1679ms
   ✓ live rendered bench relations > requires actual settled gaze, visible head and target (swing=false) 369ms
   ✓ live rendered bench relations > tracks the actual swing occupant and separates a later visit to the same bench 566ms
   ✓ live rendered bench relations > never relabels a free observation visit as a live encounter after closing its panel 397ms
 ✓ src/components/island/learningGuidance.test.ts (13 tests) 5ms
 ✓ src/domain/islandLife/discoveryRecall.test.ts (4 tests) 11ms
 ✓ src/domain/islandLife/placementClearance.test.ts (3 tests) 60ms
 ✓ src/components/island/three/sharedJobActor.test.ts (3 tests) 323ms
stdout | src/domain/islandLife/replaySnapshot.test.ts > persistent replay acceleration > survives cold reopen and matches full replay after 1 and 7 days, purchases and new facts
snapshot benchmark {"hours":168.0000002777778,"fullMs":2120.53575,"restoreMs":0.43266700000003766,"snapshotBytes":7563}

 ✓ src/components/island/life/roamingPresentation.test.ts (5 tests) 42ms
 ✓ src/components/island/growing/GrowingIslandMenu.test.tsx (5 tests) 151ms
 ✓ src/domain/math/generators/division.test.ts (5 tests) 19ms
 ✓ src/domain/islandLife/facilities.test.ts (2 tests) 97ms
 ✓ src/components/domain/answerCompletion.test.tsx (5 tests) 45ms
 ✓ src/domain/islandLife/extendedGatherings.test.ts (4 tests) 16ms
 ✓ src/components/island/life/windArch.test.ts (3 tests) 1481ms
   ✓ wind and arch rendered geometry > rotates only in normal motion and freezes the recorded mode 510ms
   ✓ wind and arch rendered geometry > lets all existing residents pass along four cardinal lines without touching any arch triangle bounds 837ms
 ✓ tools/island-qualified-audit.test.mjs (12 tests) 14ms
 ✓ src/components/island/three/residentInterest.test.ts (11 tests) 13ms
 ✓ src/domain/island/landGeometry.test.ts (4 tests) 85ms
 ✓ src/utils/tts.test.ts (6 tests) 6ms
 ✓ src/domain/english/listening.test.ts (4 tests) 4ms
 ✓ src/domain/test/paperTest.test.ts (4 tests) 6ms
 ✓ src/utils/pdfGenerator.test.ts (5 tests) 7ms
 ✓ src/domain/island/photos.test.ts (3 tests) 26ms
 ✓ src/domain/english/examples.test.ts (23 tests) 155ms
 ✓ src/domain/islandLife/replaySnapshot.test.ts (2 tests) 8019ms
   ✓ persistent replay acceleration > survives cold reopen and matches full replay after 1 and 7 days, purchases and new facts 7966ms
 ✓ src/components/island/IslandMilestone.test.tsx (6 tests) 9ms
 ✓ src/components/domain/WrittenArithmeticGrid.test.tsx (4 tests) 22ms
 ✓ src/components/island/three/usualPlaceRuntime.test.ts (3 tests) 6ms
 ✓ src/components/island/three/connectedScenery.test.ts (3 tests) 3083ms
   ✓ one connected island across growth and appearance changes > replaces only terrain at unlocks, keeping the home, bridges and texture owner alive 1363ms
   ✓ one connected island across growth and appearance changes > supports all original and connecting floors once at level 1 871ms
   ✓ one connected island across growth and appearance changes > supports all original and connecting floors once at level 2 848ms
 ✓ src/components/island/life/sandbox.test.ts (4 tests) 804ms
 ✓ src/components/battle/BattleSetup.test.tsx (7 tests) 48ms
 ✓ src/components/island/three/placementPreview.test.ts (3 tests) 62ms
 ✓ src/components/island/three/residentRoaming.test.ts (5 tests) 18ms
 ✓ src/components/island/life/picnicMotion.test.ts (4 tests) 766ms
 ✓ src/components/island/islandWorkshopRequest.test.ts (6 tests) 6ms
 ✓ src/domain/learning/independentProgress.test.ts (17 tests) 5ms
 ✓ src/components/explore/snapRootPresentation.test.ts (5 tests) 2ms
 ✓ src/components/explore/RootPullOpeningArt.test.tsx (8 tests) 18ms
 ✓ src/components/island/life/canopySculptStudy.test.ts (4 tests) 1833ms
   ✓ loads three closed, connected meshes and preserves the traced foreground volume 1827ms
 ✓ src/domain/stats/repository.test.ts (1 test) 4ms
 ✓ src/components/island/islandCustomizationRequest.test.ts (4 tests) 42ms
 ✓ src/components/natureTown/editing.test.ts (4 tests) 28ms
 ✓ src/components/island/life/readingBookPose.test.ts (3 tests) 5ms
 ✓ src/domain/islandLife/roaming.test.ts (4 tests) 11ms
 ✓ src/domain/island/navigation.test.ts (14 tests) 4ms
 ✓ src/components/island/life/presentationClock.test.ts (5 tests) 18ms
 ✓ src/components/island/useIslandDiscoveries.test.ts (4 tests) 8ms
 ✓ src/domain/explore/__tests__/generator.test.ts (2 tests) 318ms
   ✓ createExploreMap > keeps every generated node reachable across multiple seeds 311ms
 ✓ src/components/island/life/facilities.test.ts (4 tests) 1442ms
   ✓ facility entrance uses > shows one held book or tools at the entrance for pokomoko 504ms
   ✓ facility entrance uses > shows one held book or tools at the entrance for rabbit 327ms
   ✓ facility entrance uses > shows one held book or tools at the entrance for otter 352ms
 ✓ src/domain/island/visitors.test.ts (4 tests) 7ms
 ✓ src/components/island/life/canopyGroundStudy.test.ts (6 tests) 11ms
 ✓ src/domain/islandLife/waterChannels.test.ts (3 tests) 7ms
 ✓ src/domain/math/additionProgress.test.ts (9 tests) 13ms
 ✓ src/components/island/islandExperienceRequest.test.ts (4 tests) 9ms
 ✓ src/domain/islandLife/footstepMagic.test.ts (3 tests) 8ms
 ✓ src/domain/english/generator.test.ts (5 tests) 2462ms
   ✓ English catalog and choices > every word produces four unique rendered choices (kanji=false) 1309ms
   ✓ English catalog and choices > every word produces four unique rendered choices (kanji=true) 1149ms
stdout | src/domain/islandLife/creditPerformance.test.ts > reuses the persisted prefix for new learning after seven days with identical cold replay
seven-day incremental credit ms 0.4054579999992711
seven-day cold credit ms 3754.174874999999

 ✓ src/domain/stats/aggregation.test.ts (3 tests) 5ms
 ✓ src/domain/natureTown/repository.test.ts (5 tests) 155ms
 ✓ src/components/island/three/homePresentation.test.ts (3 tests) 45ms
 ✓ src/domain/park/englishPlanning.test.ts (7 tests) 460ms
 ✓ src/domain/island/learningParty.test.ts (5 tests) 5ms
 ✓ src/domain/islandLife/creditPerformance.test.ts (3 tests) 8523ms
   ✓ reuses the persisted prefix for new learning after seven days with identical cold replay 8201ms
   ✓ keeps rewards, growth, same-time credits, daily goal and later purchases equal to full replay 300ms
 ✓ src/components/finish/FinishChallenge.test.tsx (6 tests) 37ms
 ✓ src/domain/growingIsland/flowers.test.ts (4 tests) 24ms
 ✓ src/domain/islandLife/waterBench.test.ts (4 tests) 10ms
 ✓ src/components/explore/FireflyFlowerEncounterArt.test.tsx (8 tests) 17ms
 ✓ src/components/island/life/gatheringCollector.test.ts (3 tests) 217ms
 ✓ src/components/ikimono/lifecycle.test.ts (5 tests) 6ms
 ✓ src/components/island/learningMusicGesture.test.ts (4 tests) 5ms
 ✓ src/components/explore/MakimodonEncounterArt.test.tsx (8 tests) 28ms
 ✓ src/components/island/three/growthNavigation.test.ts (2 tests) 513ms
   ✓ automatically grown places support real resident life > keeps all seven anchor objects legal and reachable through the complete chapter 462ms
 ✓ src/components/island/three/residentPortraitFraming.test.ts (6 tests) 516ms
 ✓ src/domain/island/livingSettings.test.ts (4 tests) 15ms
 ✓ tools/asset-policy.test.mjs (19 tests) 6ms
 ✓ src/domain/explore/__tests__/openingExperience.test.ts (5 tests) 3ms
 ✓ src/domain/finishRecoveryPractice.test.ts (3 tests) 14ms
 ✓ src/domain/islandLife/capabilities.test.ts (3 tests) 97ms
 ✓ src/domain/islandLife/terminalFacts.test.ts (1 test) 98ms
 ✓ src/components/island/three/residentFabric.test.ts (3 tests) 2682ms
   ✓ one cloth resident in the shared island > keeps atlas UVs through body/head batching and every articulated hand/foot 2535ms
 ✓ src/components/island/IslandDirectActions.test.tsx (3 tests) 27ms
 ✓ src/domain/math/generators/fraction.test.ts (6 tests) 7ms
 ✓ tools/life-replay-version.test.ts (4 tests) 129ms
 ✓ src/domain/math/hissanEngine.test.ts (8 tests) 5ms
 ✓ src/domain/learning/evaluationContacts.test.ts (2 tests) 75ms
 ✓ src/domain/natureTown/growthJourney.test.ts (2 tests) 1094ms
   ✓ grows from the starter through real supply, retained offer, admission and increased demand 941ms
 ✓ src/components/island/life/sceneBudget.test.ts (3 tests) 1087ms
   ✓ keeps 30 placed items within the scene allocation budget 311ms
   ✓ keeps 100 placed items within the scene allocation budget 517ms
 ✓ src/components/island/life/fantasy/staticRaycast.test.ts (3 tests) 747ms
   ✓ matches every triangle hit after transforms and near/far clipping (indexed=false) 371ms
   ✓ matches every triangle hit after transforms and near/far clipping (indexed=true) 366ms
 ✓ src/components/natureTown/livingPresentation.test.ts (2 tests) 528ms
   ✓ emits actual pickup and dropoff endpoints once, while preserving food conservation 522ms
 ✓ src/components/island/visualLearningGuidance.test.ts (6 tests) 7ms
 ✓ src/components/island/islandExpansionPreview.test.ts (4 tests) 4ms
 ✓ src/components/island/life/footstepPresentation.test.ts (1 test) 346ms
   ✓ uses actual grounded moving feet, never emits while stopped, and bounds trail lifetime and ownership 345ms
 ✓ src/domain/islandLife/economyRules.test.ts (12 tests) 8ms
 ✓ src/domain/island/tutorialState.test.ts (5 tests) 3ms
 ✓ src/components/explore/ResearchBookStage.test.tsx (3 tests) 19ms
stdout | src/domain/islandLife/visitPerformance.test.ts > reuses the applied visit without replaying a day of history, with identical saved state
visit warm command + replay ms 3.3493329999998878
visit cold replay ms 539.5027499999999

 ✓ src/domain/islandLife/visitPerformance.test.ts (1 test) 1950ms
   ✓ reuses the applied visit without replaying a day of history, with identical saved state 1949ms
 ✓ src/components/island/islandCustomizationPreview.test.ts (4 tests) 4ms
 ✓ src/components/island/life/fantasy/gardenTime.test.ts (12 tests) 6ms
 ✓ src/components/island/IslandFurniturePlacement.test.tsx (3 tests) 22ms
 ✓ src/domain/islandLife/groupEncounters.test.ts (3 tests) 72ms
 ✓ src/components/explore/makimodonPresentation.test.ts (4 tests) 4ms
 ✓ src/components/island/IslandAnswerFeedback.test.tsx (5 tests) 21ms
 ✓ src/components/ikimono/fuwafuwaSpeech.test.ts (6 tests) 3ms
 ✓ src/components/island/life/LifeCatalogPages.test.tsx (3 tests) 6ms
 ✓ src/components/island/life/lifePersistenceMessage.test.ts (4 tests) 5ms
 ✓ src/components/Footer.test.tsx (9 tests) 53ms
 ✓ src/domain/islandLife/shadowMagic.test.ts (3 tests) 12ms
 ✓ src/components/island/life/canopyMaterialStudy.test.ts (3 tests) 11ms
 ✓ src/components/island/life/stateProjection.test.ts (3 tests) 29ms
 ✓ src/components/island/life/sceneReuse.test.ts (4 tests) 12ms
 ✓ src/domain/math/writtenPlaceValue.test.ts (10 tests) 3ms
 ✓ src/domain/park/learningContinuation.test.ts (3 tests) 31ms
 ✓ src/components/island/islandGrowthPreview.test.ts (3 tests) 11ms
stderr | src/components/island/growing/growingLife.test.ts > picking up a friend > follows the finger and sits on the bench it is dropped on
THREE.Material: parameter 'map' has value of undefined.
THREE.Material: parameter 'map' has value of undefined.
THREE.Material: parameter 'map' has value of undefined.

 ✓ src/components/island/growing/growingLife.test.ts (3 tests) 172ms
 ✓ src/domain/explore/__tests__/rewardPresentation.test.ts (7 tests) 4ms
 ✓ src/domain/explore/__tests__/suikaQuantity.test.ts (7 tests) 3ms
 ✓ src/components/explore/rapidTrailPresentation.test.ts (4 tests) 6ms
 ✓ src/components/island/life/plantMagic.test.ts (2 tests) 10ms
 ✓ src/components/island/growing/growingCopy.test.ts (5 tests) 16ms
 ✓ src/domain/natureTown/routing.test.ts (3 tests) 109ms
 ✓ src/components/island/homeJourney/interior.test.ts (5 tests) 989ms
   ✓ the growing home and its real interior > keeps the room and camera within the same basic house at 9 answers 336ms
 ✓ src/domain/explore/__tests__/attemptIdentity.test.ts (8 tests) 2ms
 ✓ src/domain/explore/__tests__/rewards.test.ts (5 tests) 3ms
 ✓ src/components/island/life/growthStatus.test.ts (4 tests) 4ms
 ✓ src/domain/explore/__tests__/g0MechanicMetrics.test.ts (2 tests) 2ms
 ✓ src/components/island/islandFurnitureTrial.test.ts (5 tests) 6ms
 ✓ src/components/island/life/facilityTrips.test.ts (3 tests) 2928ms
   ✓ continuous held work and captured transport > keeps pokomoko and its prop through collection, real walking and use without changing the feet 1092ms
   ✓ continuous held work and captured transport > keeps rabbit and its prop through collection, real walking and use without changing the feet 877ms
   ✓ continuous held work and captured transport > keeps otter and its prop through collection, real walking and use without changing the feet 959ms
 ✓ src/components/island/life/fantasy/staticBatch.test.ts (2 tests) 10ms
 ✓ src/components/island/life/canopyShoreStudy.test.ts (3 tests) 14ms
 ✓ src/pwaUpdateRecovery.test.ts (3 tests) 6ms
 ✓ src/components/progress/FinishPreparation.test.tsx (3 tests) 17ms
 ✓ src/components/island/life/observationCue.test.ts (3 tests) 4ms
 ✓ src/components/ikimono/hitokoto.test.ts (5 tests) 2ms
 ✓ tools/island-e2e-helpers.test.mjs (5 tests) 4ms
 ✓ src/components/island/life/placementWait.test.ts (7 tests) 3ms
 ✓ tools/learning-unit-report.test.mjs (2 tests) 101ms
 ✓ src/components/island/life/plantsWaterGeometry.test.ts (2 tests) 82ms
 ✓ src/components/ikimono/fuwafuwaAlbumCopy.test.ts (3 tests) 3ms
 ✓ src/components/island/three/homeWalk.test.ts (3 tests) 273ms
 ✓ tools/asset-pipeline/run_batch.test.mjs (4 tests) 4ms
 ✓ src/components/island/islandStarReceiptEligibility.test.ts (3 tests) 2ms
 ✓ src/components/gate/ArithmeticGateAnswerField.test.tsx (2 tests) 12ms
 ✓ src/components/explore/PokkoVisualLineage.test.tsx (5 tests) 39ms
 ✓ src/components/island/growing/GrowingGuideArt.test.ts (3 tests) 13ms
 ✓ src/domain/growingIsland/room.test.ts (3 tests) 7ms
 ✓ src/domain/math/subtractionProgress.test.ts (5 tests) 2ms
 ✓ src/components/island/islandDistrictView.test.ts (5 tests) 4ms
 ✓ src/domain/explore/__tests__/runStructure.test.ts (3 tests) 2ms
 ✓ src/domain/islandLife/growthIntegration.test.ts (2 tests) 34ms
 ✓ src/components/island/life/canopyAtmosphereStudy.test.ts (2 tests) 7ms
 ✓ src/domain/learning/runtimeUnitPractice.test.ts (9 tests) 9ms
 ✓ src/components/island/IslandWelcome.test.tsx (2 tests) 10ms
 ✓ src/domain/math/numberEntry.test.ts (4 tests) 90ms
 ✓ src/components/island/life/residentWalk.test.ts (6 tests) 18ms
 ✓ src/domain/math/sequenceProgress.test.ts (5 tests) 5ms
 ✓ src/domain/math/fractionInput.test.ts (3 tests) 4ms
 ✓ src/domain/learning/reviewBudget.test.ts (7 tests) 3ms
 ✓ src/domain/explore/__tests__/encounterPhase.test.ts (7 tests) 3ms
 ✓ src/components/island/IslandRewards.test.tsx (2 tests) 10ms
 ✓ src/components/island/three/workshopGround.test.ts (1 test) 148ms
 ✓ src/domain/benchmark/coldOpenFixedTen.test.ts (2 tests) 2ms
 ✓ src/components/island/life/foodScene.test.ts (2 tests) 542ms
 ✓ src/components/island/homeJourney/delivery.test.ts (4 tests) 3ms
 ✓ src/domain/explore/__tests__/fixedTenBenchmark.test.ts (2 tests) 2ms
 ✓ src/components/island/homeJourney/growthReveal.test.ts (4 tests) 3ms
 ✓ src/hooks/useLearningSessionLease.test.ts (1 test) 10ms
 ✓ src/domain/explore/__tests__/replay.test.ts (3 tests) 4ms
 ✓ src/domain/learning/reviewPolicy.test.ts (5 tests) 5ms
 ✓ src/domain/math/comparisonProgress.test.ts (5 tests) 6ms
 ✓ src/components/domain/answerConfirmGuidance.test.ts (2 tests) 11ms
 ✓ src/components/island/three/expressionResidentWalk.test.ts (16 tests) 52046ms
   ✓ explicit expression trial uses the actual feet and a bounded legal walk > leaves the actual mature default bench before otter trial, reduced=false 6776ms
   ✓ explicit expression trial uses the actual feet and a bounded legal walk > leaves the actual mature default bench before rabbit trial, reduced=false 2361ms
   ✓ explicit expression trial uses the actual feet and a bounded legal walk > leaves the actual mature default bench before fox trial, reduced=false 4041ms
   ✓ explicit expression trial uses the actual feet and a bounded legal walk > leaves the actual mature default bench before otter trial, reduced=true 6472ms
   ✓ explicit expression trial uses the actual feet and a bounded legal walk > leaves the actual mature default bench before rabbit trial, reduced=true 2540ms
   ✓ explicit expression trial uses the actual feet and a bounded legal walk > leaves the actual mature default bench before fox trial, reduced=true 4011ms
   ✓ explicit expression trial uses the actual feet and a bounded legal walk > cancellation during preparing restores the same seated rig and stops pending departure 469ms
   ✓ explicit expression trial uses the actual feet and a bounded legal walk > cancellation during departing restores the same seated rig and stops pending departure 2378ms
   ✓ explicit expression trial uses the actual feet and a bounded legal walk > cancellation during walking restores the same seated rig and stops pending departure 2205ms
   ✓ explicit expression trial uses the actual feet and a bounded legal walk > otter, reduced=false: same rig lands and cancels without moving furniture 3881ms
   ✓ explicit expression trial uses the actual feet and a bounded legal walk > rabbit, reduced=false: same rig lands and cancels without moving furniture 3300ms
   ✓ explicit expression trial uses the actual feet and a bounded legal walk > fox, reduced=false: same rig lands and cancels without moving furniture 3176ms
   ✓ explicit expression trial uses the actual feet and a bounded legal walk > otter, reduced=true: same rig lands and cancels without moving furniture 3585ms
   ✓ explicit expression trial uses the actual feet and a bounded legal walk > rabbit, reduced=true: same rig lands and cancels without moving furniture 3355ms
   ✓ explicit expression trial uses the actual feet and a bounded legal walk > fox, reduced=true: same rig lands and cancels without moving furniture 3279ms
 ✓ src/domain/islandLife/production.test.ts (2 tests) 49ms
 ✓ src/components/explore/AuthoredEncounterArt.test.tsx (6 tests) 19ms
 ✓ src/components/ikimono/fuwafuwaMilestones.test.ts (4 tests) 5ms
 ✓ src/utils/learningDay.test.ts (5 tests) 3ms
 ✓ src/components/ui/modalFocus.test.ts (4 tests) 3ms
 ✓ src/components/island/life/growthCue.test.ts (3 tests) 1ms
 ✓ src/components/dev/devStudySelection.test.ts (2 tests) 4ms
 ✓ src/components/island/learningShow.test.ts (2 tests) 3ms
 ✓ src/domain/math/followups.test.ts (2 tests) 4ms
 ✓ src/components/island/growing/growingCamera.test.ts (1 test) 8ms
 ✓ src/components/ikimono/sceneText.test.ts (3 tests) 3ms
 ✓ src/components/domain/FractionStrips.test.tsx (1 test) 14ms
 ✓ src/components/island/growing/houseGuests.test.ts (1 test) 8ms
 ✓ src/components/natureTown/residentPose.test.ts (1 test) 508ms
   ✓ uses committed pickup/dropoff without replaying gestures after movement, expiry or reload 507ms
 ✓ src/pages/parents/parentAttemptLabel.test.ts (2 tests) 2ms
 ✓ src/components/island/homeJourney/contacts.test.ts (1 test) 3ms
 ✓ src/components/ui/SegmentedControl.test.tsx (1 test) 16ms
 ✓ src/components/island/life/runtimeAssetSlots.test.ts (2 tests) 2ms
 ✓ src/domain/math/writtenInput.test.ts (3 tests) 3ms
 ✓ tools/build-env.test.mjs (4 tests) 2ms
 ✓ src/domain/island/studyRoute.test.ts (16 tests) 2ms
 ✓ src/components/island/three/sharedCarryRoute.test.ts (2 tests) 4ms
 ✓ src/components/ikimono/ikimonoMotion.test.ts (3 tests) 2ms
 ✓ src/components/island/growing/letters.test.ts (1 test) 5ms
 ✓ src/components/ui/modalLayerManager.test.ts (2 tests) 3ms
 ✓ src/components/island/IslandExperiencePanel.test.tsx (1 test) 11ms
 ✓ src/components/domain/PaperTestScoreModal.test.tsx (1 test) 35ms
 ✓ src/components/LaunchRoute.test.tsx (4 tests) 9ms
 ✓ src/components/gate/arithmeticGate.test.ts (3 tests) 3ms
 ✓ src/domain/island/feature.test.ts (6 tests) 2ms
 ✓ src/components/home/homeMagicEnergy.test.ts (2 tests) 3ms
 ✓ src/components/island/three/westScenery.test.ts (1 test) 113ms
 ✓ src/domain/island/expansion.test.ts (2 tests) 5ms
 ✓ src/components/explore/MakimodonResearchArt.test.tsx (2 tests) 21ms
 ✓ src/components/island/life/runtimeAssetLod.test.ts (3 tests) 2ms
 ✓ src/components/island/life/homeProps.test.ts (1 test) 9ms
 ✓ src/components/charts/WeeklyTrendChart.test.ts (2 tests) 3ms
 ✓ src/components/ikimono/NameModal.test.tsx (1 test) 10ms
 ✓ src/pages/OnboardingNameStep.test.tsx (2 tests) 18ms
 ✓ src/components/island/life/decorationGeometry.test.ts (1 test) 7ms
 ✓ src/components/island/growing/concertReceipt.test.ts (2 tests) 3ms
 ✓ src/components/explore/ExploreHud.test.tsx (1 test) 20ms
 ✓ src/components/explore/RootPullDiscoveryReveal.test.tsx (1 test) 21ms
 ✓ src/components/domain/NumberFieldsLayout.test.tsx (4 tests) 10ms
 ✓ src/components/island/islandDirectTargets.test.ts (2 tests) 1ms
 ✓ src/components/ikimono/IkimonoArtwork.test.tsx (2 tests) 30ms
 ✓ src/utils/theme.test.ts (4 tests) 3ms
 ✓ src/components/island/life/waterMagic.test.ts (1 test) 4ms
 ✓ src/pages/parents/parentReviewCopy.test.ts (1 test) 2ms
 ✓ src/components/island/IslandProsePrompt.test.tsx (3 tests) 12ms
 ✓ src/components/explore/PokkoBaseArt.test.tsx (1 test) 8ms
 ✓ src/components/island/life/startupTiming.test.ts (2 tests) 2ms
 ✓ src/domain/math/hissanTypes.test.ts (2 tests) 2ms
 ✓ src/components/ui/Button.test.tsx (2 tests) 7ms
 ✓ src/components/explore/exploreAnswerInput.test.ts (3 tests) 2ms
 ✓ src/components/island/islandPlayScroll.test.ts (3 tests) 3ms
 ✓ src/components/island/homeJourney/scene.test.ts (3 tests) 532ms
 ✓ src/components/island/life/rewardCue.test.ts (3 tests) 2ms
 ✓ src/components/island/growing/useGrowingRoom.test.ts (1 test) 2ms
 ✓ src/domain/math/deterministicGeneration.test.ts (2 tests) 41ms
 ✓ src/components/explore/DiscoveryPageArt.test.tsx (1 test) 16ms
 ✓ src/pages/Island.startup.test.ts (1 test) 1575ms
   ✓ keeps optional 3D modules behind their lazy render boundaries 1574ms
 ✓ src/pages/StatsCloseAction.test.tsx (2 tests) 11ms
 ✓ src/components/island/life/identity.test.ts (2 tests) 16988ms
   ✓ keeps every resident mesh, fabric, transform and walking pose identical across C3 and legacy scenery 16727ms
stdout | src/domain/growingIsland/pacing.test.ts > pacing (spec 52 §15, starting values) > grows a village over a month without running away
┌─────────┬─────┬───────────┬───────┬──────┬───────┬──────┐
│ (index) │ day │ villagers │ level │ land │ drops │ bank │
├─────────┼─────┼───────────┼───────┼──────┼───────┼──────┤
│ 0       │ 1   │ 2         │ 1     │ 30   │ 12    │ 0    │
│ 1       │ 3   │ 4         │ 3     │ 30   │ 20    │ 0    │
│ 2       │ 7   │ 8         │ 4     │ 30   │ 104   │ 0    │
│ 3       │ 14  │ 14        │ 6     │ 45   │ 236   │ 0    │
│ 4       │ 30  │ 25        │ 7     │ 120  │ 328   │ 0    │
└─────────┴─────┴───────────┴───────┴──────┴───────┴──────┘

stdout | src/domain/growingIsland/pacing.test.ts > pacing (spec 52 §15, starting values) > keeps growing slowly for three months
┌─────────┬─────┬───────────┬───────┬──────┬───────┬──────┐
│ (index) │ day │ villagers │ level │ land │ drops │ bank │
├─────────┼─────┼───────────┼───────┼──────┼───────┼──────┤
│ 0       │ 45  │ 32        │ 8     │ 120  │ 660   │ 0    │
│ 1       │ 60  │ 39        │ 8     │ 120  │ 988   │ 0    │
│ 2       │ 90  │ 51        │ 9     │ 120  │ 1644  │ 0    │
└─────────┴─────┴───────────┴───────┴──────┴───────┴──────┘

stdout | src/domain/growingIsland/pacing.test.ts > pacing (spec 52 §15, starting values) > continues beyond the former land cap for a year (decor first: false)
┌─────────┬───────┬─────┬───────────┬───────┬──────┬───────┬──────┐
│ (index) │ decor │ day │ villagers │ level │ land │ drops │ bank │
├─────────┼───────┼─────┼───────────┼───────┼──────┼───────┼──────┤
│ 0       │ false │ 90  │ 51        │ 9     │ 120  │ 1644  │ 0    │
│ 1       │ false │ 180 │ 77        │ 10    │ 168  │ 3374  │ 0    │
│ 2       │ false │ 365 │ 116       │ 10    │ 216  │ 7314  │ 0    │
└─────────┴───────┴─────┴───────────┴───────┴──────┴───────┴──────┘

stdout | src/domain/growingIsland/pacing.test.ts > pacing (spec 52 §15, starting values) > continues beyond the former land cap for a year (decor first: true)
┌─────────┬───────┬─────┬───────────┬───────┬──────┬───────┬──────┐
│ (index) │ decor │ day │ villagers │ level │ land │ drops │ bank │
├─────────┼───────┼─────┼───────────┼───────┼──────┼───────┼──────┤
│ 0       │ true  │ 90  │ 50        │ 9     │ 312  │ 26    │ 0    │
│ 1       │ true  │ 180 │ 76        │ 10    │ 432  │ 168   │ 0    │
│ 2       │ true  │ 365 │ 115       │ 10    │ 624  │ 358   │ 0    │
└─────────┴───────┴─────┴───────────┴───────┴──────┴───────┴──────┘

stdout | src/domain/growingIsland/pacing.test.ts > pacing (spec 52 §15, starting values) > retains weekly batching throughput instead of losing all unused town hours
┌─────────┬──────────┬─────┬───────────┬───────┬──────┬───────┬──────┐
│ (index) │ habit    │ day │ villagers │ level │ land │ drops │ bank │
├─────────┼──────────┼─────┼───────────┼───────┼──────┼───────┼──────┤
│ 0       │ 'daily'  │ 84  │ 49        │ 9     │ 120  │ 1524  │ 0    │
│ 1       │ 'weekly' │ 84  │ 46        │ 9     │ 120  │ 1490  │ 0    │
└─────────┴──────────┴─────┴───────────┴───────┴──────┴───────┴──────┘

 ✓ src/domain/growingIsland/pacing.test.ts (7 tests) 38969ms
   ✓ pacing (spec 52 §15, starting values) > grows a village over a month without running away 341ms
   ✓ pacing (spec 52 §15, starting values) > keeps growing slowly for three months 1043ms
   ✓ pacing (spec 52 §15, starting values) > continues beyond the former land cap for a year (decor first: false) 7530ms
   ✓ pacing (spec 52 §15, starting values) > continues beyond the former land cap for a year (decor first: true) 29328ms
   ✓ pacing (spec 52 §15, starting values) > retains weekly batching throughput instead of losing all unused town hours 632ms

 Test Files  518 passed (518)
      Tests  4599 passed (4599)
   Start at  09:17:08
   Duration  111.88s (transform 10.60s, setup 0ms, collect 199.03s, tests 674.42s, environment 74ms, prepare 26.40s)


> pokko-fushigi-zukan-app@0.0.0 build
> tsc -b && node tools/build-app.mjs && npm run assets:check

vite v7.3.1 building client environment for production...
transforming...
Browserslist: browsers data (caniuse-lite) is 9 months old. Please run:
  npx update-browserslist-db@latest
  Why you should do it regularly: https://github.com/browserslist/update-db#readme
✓ 3953 modules transformed.
Generated an empty chunk: "pdf".
rendering chunks...
computing gzip size...
dist/version.json                                      0.55 kB │ gzip:   0.31 kB
dist/index.html                                        3.89 kB │ gzip:   1.72 kB
dist/assets/town-prop-bench-FdKjOSai.png               9.13 kB
dist/assets/NotoSansJP-C_ziqpoc.woff2                 13.06 kB
dist/assets/town-prop-flowers-BOUxk4Bw.png            13.80 kB
dist/assets/town-rabbit-carrying-RfQ1w-aH.png         14.24 kB
dist/assets/town-rabbit-giving-CnJ9JmwQ.png           14.58 kB
dist/assets/town-rabbit-receiving-DUoJoWgV.png        14.72 kB
dist/assets/town-rabbit-idle-Bh01hjGD.png             14.90 kB
dist/assets/catalog-MsWF2Ofo.png                      18.20 kB
dist/assets/town-prop-home-B1P8AAtr.png               19.39 kB
dist/assets/town-prop-tree-Yw3JP1Jo.png               20.27 kB
dist/assets/town-otter-carrying-CNTvBDdk.png          21.45 kB
dist/assets/town-otter-giving-C4wtqVhT.png            21.71 kB
dist/assets/town-otter-receiving-hjH-v6Y1.png         21.99 kB
dist/assets/town-otter-idle-BshfulWh.png              22.12 kB
dist/assets/town-pokomoko-carrying-B6igduKw.png       25.49 kB
dist/assets/town-pokomoko-giving-BOi7RcKv.png         26.51 kB
dist/assets/town-pokomoko-idle-hYR2u8GP.png           26.67 kB
dist/assets/flower-bloom-original-Bhc8ZRS8.png        27.17 kB
dist/assets/town-pokomoko-receiving-CKZT-N1L.png      27.25 kB
dist/assets/pokomoko-original-8wLdjUXI.png            31.15 kB
dist/assets/catalog-C9jTiRjH.png                      32.80 kB
dist/assets/dela-gothic-one-tzEOUe9y.woff2            39.87 kB
dist/assets/zen-maru-gothic-black-DnteofP1.woff2      51.44 kB
dist/assets/basis_transcoder-o4Hde_L7.js              57.53 kB
dist/assets/far-geometry-Di-gBAev.glb                 62.40 kB
dist/assets/pokomoko-learning-poses-B-Jfr41M.webp     70.07 kB
dist/assets/far-CbQUffpN.glb                          70.37 kB
dist/assets/far-geometry-C2nCL94K.glb                 90.88 kB
dist/assets/far-geometry-DTfZ_trK.glb                127.57 kB
dist/assets/far-iUTsXLLh.glb                         130.80 kB
dist/assets/far-geometry-BV4Tmqez.glb                136.54 kB
dist/assets/far-BNsdfYHM.glb                         147.90 kB
dist/assets/lifeUpdate.worker-BEyKIBHg.js            189.06 kB
dist/assets/near-Bt9PwG61.glb                        209.47 kB
dist/assets/far-geometry-B5GXTTw0.glb                226.28 kB
dist/assets/near-3yaftuce.glb                        293.84 kB
dist/assets/near-B8znkHvM.glb                        306.04 kB
dist/assets/far-Zj6wZqfp.glb                         309.89 kB
dist/assets/far-geometry-CUf7iENq.glb                325.53 kB
dist/assets/near-CuR2H6Uc.glb                        443.91 kB
dist/assets/basis_transcoder-VXdx5NbI.wasm           527.33 kB │ gzip: 247.62 kB
dist/assets/near-CMx7NApC.glb                      1,568.14 kB
dist/assets/near-B3PvBOT3.glb                      1,642.36 kB
dist/assets/near-C_b32qsb.glb                      1,706.40 kB
dist/assets/near-l6ZZxCWq.glb                      1,759.80 kB
dist/assets/near-DoEuBhay.glb                      1,924.85 kB
dist/assets/near-7GK7mDBY.glb                      1,983.43 kB
dist/assets/IslandSharedMemories-CxXlpls3.css          1.54 kB │ gzip:   0.57 kB
dist/assets/IslandFurniture-7NZ9dhCz.css               1.57 kB │ gzip:   0.55 kB
dist/assets/LifeMemories-Cia3-2wk.css                  1.58 kB │ gzip:   0.56 kB
dist/assets/IslandDiscoveryGuide-DpYKYTkf.css          2.05 kB │ gzip:   0.75 kB
dist/assets/IslandWelcome-BJp8Sa-m.css                 2.05 kB │ gzip:   0.72 kB
dist/assets/IslandExpression-BAzaKUz5.css              2.18 kB │ gzip:   0.68 kB
dist/assets/life-observation-DvQvywiD.css              2.49 kB │ gzip:   0.83 kB
dist/assets/Stats-C2pYmaaO.css                         2.65 kB │ gzip:   0.75 kB
dist/assets/IslandWorkshop-KxE1cutE.css                4.47 kB │ gzip:   1.24 kB
dist/assets/IslandStage-BctzDSoi.css                   4.83 kB │ gzip:   1.38 kB
dist/assets/GrowingIsland-Cui009nb.css                 5.85 kB │ gzip:   1.49 kB
dist/assets/IslandExperiencePanel-Cn-0xXmE.css         6.01 kB │ gzip:   1.33 kB
dist/assets/IslandPhotos-Dz-XgAxv.css                  6.54 kB │ gzip:   1.60 kB
dist/assets/IslandCustomization-BKdIHMdQ.css           7.08 kB │ gzip:   1.62 kB
dist/assets/NatureTown-CusrCJWB.css                   12.17 kB │ gzip:   3.48 kB
dist/assets/Explore-C0qQ-HMA.css                      13.06 kB │ gzip:   2.95 kB
dist/assets/growing-B4kocCin.css                      14.31 kB │ gzip:   3.33 kB
dist/assets/Island-DVCPJhVi.css                       27.09 kB │ gzip:   5.16 kB
dist/assets/IslandLife-twUpqDIC.css                   61.34 kB │ gzip:   9.76 kB
dist/assets/Island-DRd_yZik.css                      136.60 kB │ gzip:  19.26 kB
dist/assets/index-CD05nAXS.css                       268.54 kB │ gzip:  44.89 kB
dist/assets/pdf-l0sNRNKZ.js                            0.00 kB │ gzip:   0.02 kB
dist/assets/utils-B-dksMZM.js                          0.37 kB │ gzip:   0.24 kB
dist/assets/useGardenTime-D3ZxUsxt.js                  0.71 kB │ gzip:   0.39 kB
dist/assets/lighting-Da0vumLq.js                       0.79 kB │ gzip:   0.44 kB
dist/assets/homeJourney-BkBsv3V2.js                    0.95 kB │ gzip:   0.58 kB
dist/assets/Learn-DuxlYHB1.js                          1.16 kB │ gzip:   0.67 kB
dist/assets/random-BDr3YF07.js                         1.62 kB │ gzip:   1.03 kB
dist/assets/room-BpO0kRPF.js                           1.75 kB │ gzip:   0.99 kB
dist/assets/RoundedBoxGeometry-DQoTIVPu.js             1.75 kB │ gzip:   0.83 kB
dist/assets/IslandWelcome-B5il98uO.js                  2.09 kB │ gzip:   1.10 kB
dist/assets/IslandRewardGoal-5_2wij-k.js               2.14 kB │ gzip:   0.97 kB
dist/assets/LifeResidentPortrait-BAjyRKcD.js           2.37 kB │ gzip:   1.30 kB
dist/assets/IslandWorkReplay-uXnu4tDc.js               2.44 kB │ gzip:   0.92 kB
dist/assets/GrowingHouseGuide-eQZEkJBi.js              2.67 kB │ gzip:   1.32 kB
dist/assets/footprint-QJ-NRPQP.js                      3.32 kB │ gzip:   1.69 kB
dist/assets/IslandOnboarding-DwWx49no.js               3.53 kB │ gzip:   1.54 kB
dist/assets/IslandDiscoveryGuide-BFPI1Sj4.js           4.17 kB │ gzip:   1.76 kB
dist/assets/IslandFurniture-B5QqmzX_.js                4.76 kB │ gzip:   1.79 kB
dist/assets/scene-0aNvB5F0.js                          6.42 kB │ gzip:   3.00 kB
dist/assets/geometry-DnPiR8iF.js                       6.67 kB │ gzip:   2.84 kB
dist/assets/IslandStage-LLR4qr5x.js                    6.69 kB │ gzip:   2.72 kB
dist/assets/IslandAlbum-CYGNKKht.js                    8.56 kB │ gzip:   3.23 kB
dist/assets/friendRig-M-BYvoZC.js                      8.78 kB │ gzip:   3.16 kB
dist/assets/LifeObservation-BexqUfaG.js                9.03 kB │ gzip:   3.08 kB
dist/assets/HomeJourneyPreview-1_4V7mwB.js             9.39 kB │ gzip:   4.46 kB
dist/assets/IslandCustomization-CZ7qBbl6.js            9.90 kB │ gzip:   3.34 kB
dist/assets/IslandExpression-Cx4Q5nON.js               9.90 kB │ gzip:   3.27 kB
dist/assets/IslandExperiencePanel-CqFi4fzN.js          9.97 kB │ gzip:   3.05 kB
dist/assets/PokomokoLearningActor-Drb22UfM.js         10.04 kB │ gzip:   4.49 kB
dist/assets/IslandPhotos-BHyBnA2d.js                  10.16 kB │ gzip:   3.27 kB
dist/assets/LifeMemories-C5GT_JAb.js                  10.62 kB │ gzip:   3.82 kB
dist/assets/IslandStage-NviGq015.js                   10.79 kB │ gzip:   4.07 kB
dist/assets/itemGeometry-tGgyd_6N.js                  10.87 kB │ gzip:   4.45 kB
dist/assets/IslandSharedMemories-CISPvANp.js          12.05 kB │ gzip:   3.62 kB
dist/assets/IslandWorkshop-CwmxZaSV.js                12.67 kB │ gzip:   3.60 kB
dist/assets/cottage-B3quo3nb.js                       13.37 kB │ gzip:   5.98 kB
dist/assets/homeInteriorCamera-YJtz7TJ5.js            19.53 kB │ gzip:   7.30 kB
dist/assets/repository-CDlXWrxm.js                    21.81 kB │ gzip:   8.33 kB
dist/assets/growing-CfFWkKs_.js                       25.45 kB │ gzip:   8.98 kB
dist/assets/LifeWorld-DwT-Cvqj.js                     29.26 kB │ gzip:  11.02 kB
dist/assets/icons-CUva9AsM.js                         29.29 kB │ gzip:  10.74 kB
dist/assets/life-observation-BbOFOoqr.js              33.82 kB │ gzip:  12.44 kB
dist/assets/audio-DwtSHwBT.js                         36.13 kB │ gzip:   9.75 kB
dist/assets/Stats-BbodvphS.js                         36.22 kB │ gzip:  11.76 kB
dist/assets/residentInterest-BnEMumcV.js              40.39 kB │ gzip:  16.00 kB
dist/assets/islandFurniturePlacement-BaYzNnZW.js      42.09 kB │ gzip:  12.18 kB
dist/assets/GrowingWorld-CAlBWdYC.js                  43.39 kB │ gzip:  16.60 kB
dist/assets/repository-BV8GjMVL.js                    46.09 kB │ gzip:  15.70 kB
dist/assets/react-DcHpdqMy.js                         48.53 kB │ gzip:  17.24 kB
dist/assets/NatureTown-SuhXxczC.js                    50.88 kB │ gzip:  17.88 kB
dist/assets/GrowingIsland-PZSHOb5e.js                 51.99 kB │ gzip:  18.05 kB
dist/assets/scene-BrPLbRai.js                         52.67 kB │ gzip:  20.51 kB
dist/assets/Island-2wqOsUJ0.js                        52.94 kB │ gzip:  16.32 kB
dist/assets/IslandLife-Cqq3B3Yq.js                    63.36 kB │ gzip:  20.67 kB
dist/assets/repository-DkCTkT1-.js                    90.76 kB │ gzip:  24.94 kB
dist/assets/data-CYRvWfdS.js                          96.37 kB │ gzip:  32.45 kB
dist/assets/runtimeAssets-9zNWrStM.js                109.98 kB │ gzip:  40.40 kB
dist/assets/motion-iLBaTeAD.js                       119.65 kB │ gzip:  39.54 kB
dist/assets/Explore-BMcveNhO.js                      209.48 kB │ gzip:  59.72 kB
dist/assets/three.core-DU4xsjPq.js                   262.09 kB │ gzip:  71.69 kB
dist/assets/Island-cs9-UV8f.js                       274.99 kB │ gzip:  88.24 kB
dist/assets/runtime-BAvUV-Ow.js                      333.69 kB │ gzip: 104.04 kB
dist/assets/residentRig-Sj871fX5.js                  368.07 kB │ gzip:  93.46 kB
dist/assets/charts-B2Phfr4C.js                       371.25 kB │ gzip: 108.31 kB
dist/assets/index-CaedsDzN.js                        887.10 kB │ gzip: 252.02 kB

(!) Some chunks are larger than 500 kB after minification. Consider:
- Using dynamic import() to code-split the application
- Use build.rollupOptions.output.manualChunks to improve chunking: https://rollupjs.org/configuration-options/#output-manualchunks
- Adjust chunk size limit for this warning via build.chunkSizeWarningLimit.
✓ built in 6.94s

PWA v1.2.0
mode      generateSW
precache  180 entries (5326.36 KiB)
files generated
  dist/sw.js
  dist/workbox-fc21a5da.js
warnings
  One of the glob patterns doesn't match any files. Please remove or fix the following: {
  "globDirectory": "/private/tmp/sansu-final-main.1n0u2l8f/dist",
  "globPattern": "assets/pokomoko-arcade-poses-*.webp",
  "globIgnores": [
    "visual-tests/**/*",
    "fonts/NotoSansJP-Japanese.woff2",
    "sw.js",
    "workbox-*.js"
  ]
}
  One of the glob patterns doesn't match any files. Please remove or fix the following: {
  "globDirectory": "/private/tmp/sansu-final-main.1n0u2l8f/dist",
  "globPattern": "assets/pokomoko-arcade-rim-*.webp",
  "globIgnores": [
    "visual-tests/**/*",
    "fonts/NotoSansJP-Japanese.woff2",
    "sw.js",
    "workbox-*.js"
  ]
}


> pokko-fushigi-zukan-app@0.0.0 assets:check
> node tools/check-asset-budget.mjs

PASS assets:check
- PWA precache: 180 unique files, 8.83 MiB / 12.00 MiB
- Explore artwork: 27 production files, 2.97 MiB / 8.00 MiB
- Production-input contract: docs/design only; absent from public and precache
