
> pokko-fushigi-zukan-app@0.0.0 verify:core
> npm run docs:check && npm run check:current-ui-entry && npm run lint && npm run typecheck && npm run test:run && npm run build


> pokko-fushigi-zukan-app@0.0.0 docs:check
> node tools/check-docs.mjs

WARN
- docs/tasks/active/2026-07-21-cold-open-value-loop.md: Review By (2026-09-27) is in the past
- docs/tasks/active/2026-07-23-whole-app-brand-coherence.md: Review By (2026-09-27) is in the past
- docs/tasks/active/2026-09-13-mysterious-island-v3.md: Review By (2026-09-29) is in the past
- docs/tasks/active/2026-09-23-island-performance.md: Review By (2026-09-30) is in the past
PASS docs:check

> pokko-fushigi-zukan-app@0.0.0 check:current-ui-entry
> node tools/check-current-ui-entry.mjs

Current UI entry guard passed: dev opens Mystic Island; old Explore stays on a direct URL with an explicit classic smoke suite; Nature Town is isolated; runtime identity is exposed.

> pokko-fushigi-zukan-app@0.0.0 lint
> eslint .


/private/var/folders/0z/bq5m0r1x4_59p55yrw1mx6fr0000gn/T/sansu-edge-candidate-eivolf/src/components/island/IslandMilestone.tsx
  16:17  warning  Fast refresh only works when a file only exports components. Use a new file to share constants or functions between components  react-refresh/only-export-components

✖ 1 problem (0 errors, 1 warning)


> pokko-fushigi-zukan-app@0.0.0 typecheck
> tsc -b --pretty false


> pokko-fushigi-zukan-app@0.0.0 test:run
> vitest run


 RUN  v2.1.9 /private/var/folders/0z/bq5m0r1x4_59p55yrw1mx6fr0000gn/T/sansu-edge-candidate-eivolf

 ✓ src/hooks/blockGenerators.test.ts (36 tests) 19ms
 ✓ src/domain/explore/__tests__/learningPlannerSegment.test.ts (15 tests) 628ms
 ✓ src/domain/explore/__tests__/persistenceRepository.test.ts (38 tests) 754ms
 ✓ src/components/island/three/sharedDisplayScene.test.ts (13 tests) 453ms
Browserslist: browsers data (caniuse-lite) is 9 months old. Please run:
  npx update-browserslist-db@latest
  Why you should do it regularly: https://github.com/browserslist/update-db#readme
 ✓ src/domain/island/expressionRepository.test.ts (11 tests) 1248ms
   ✓ expression ownership with the existing learning and photo stores > earns ordinary stars without materializing expression, acquires separately, reloads and resumes the exact same learning plan 455ms
 ✓ src/domain/island/rewardGoalRepository.test.ts (14 tests) 1245ms
   ✓ reward goals and the real island storage boundary > earns the desired furniture through ordinary learning, preserves photographs and old memories, then resumes the same reservation 548ms
 ✓ src/domain/math/generators/counting.test.ts (51 tests) 25ms
 ✓ src/components/domain/LearningAnswerForm.defer.test.tsx (35 tests) 51ms
 ✓ src/components/island/three/sharedActivities.test.ts (23 tests) 475ms
 ✓ src/domain/island/sharedMemories.test.ts (14 tests) 55ms
 ✓ src/domain/explore/__tests__/reducer.test.ts (29 tests) 12ms
 ✓ src/components/island/three/residentRig.test.ts (38 tests) 3723ms
   ✓ resident local rig and furniture contact > bench supports each resident at the real surface through all rotations 427ms
   ✓ resident local rig and furniture contact > swing supports each resident at the real surface through all rotations 369ms
   ✓ resident local rig and furniture contact > mushroom supports each resident at the real surface through all rotations 377ms
   ✓ resident interest stays a removable layer on the real rig > otter keeps real feet, root, seat and shoulder joints on rotated ordinary objects 960ms
 ✓ src/components/island/three/workshopScene.test.ts (22 tests) 466ms
 ✓ src/domain/island/island.test.ts (19 tests) 3585ms
   ✓ island frozen learning sets > reserves three introductory questions, then six familiar questions, and restores the exact plan 600ms
   ✓ island frozen learning sets > keeps wrong answers on the same problem and assistance sticky without fabricating mastery 420ms
   ✓ island frozen learning sets > supports mixed vocabulary sets and accumulates independent readiness without auto progression 1030ms
   ✓ island frozen learning sets > preserves fraction multi-input and stepwise written arithmetic in complete reserved plans 1008ms
 ✓ tools/expression-audio/audio-analysis.test.mjs (53 tests) 5482ms
   ✓ insect-band classification rejects absent insects and actual wind or water even when made quiet 482ms
   ✓ an uninterrupted high tone, wrong cadence or missing call cannot impersonate evening insects 419ms
   ✓ every retained pitch, correspondence, silence and end window uses the same native source clock 308ms
   ✓ raw02 loop prefix positions are missing first-pitch evidence, not proof of an overlapping loop 311ms
   ✓ one missing first-pitch sample or final required sample fails without shortening either window 592ms
   ✓ one-sample and wrong-sign native offsets fail instead of choosing a better waveform lag 368ms
   ✓ real-answer cue history can exceed 256 sources, while the finite source cap still cannot block native playback or close 1059ms
 ✓ src/domain/math/planner.test.ts (35 tests) 30ms
 ✓ src/domain/explore/__tests__/g0NumberVessel.test.ts (13 tests) 7ms
 ✓ src/hooks/useStudySession.logic.test.ts (38 tests) 36ms
 ✓ src/domain/island/workshop.test.ts (14 tests) 149ms
 ✓ src/components/island/three/livingRuntime.test.ts (18 tests) 2064ms
 ✓ src/components/island/three/sharedJobController.test.ts (23 tests) 3712ms
   ✓ shared work after-render and actual object continuity > borrows the actual hand, lamp and receiver for framing without turning strict camera diagnostics into a save gate 485ms
   ✓ shared work after-render and actual object continuity > revisits the remembered actual target with otter after its display is stored 332ms
 ✓ src/components/island/IslandAnswerForm.test.tsx (38 tests) 615ms
   ✓ Island problem semantic presentation > has a curated equivalent for every symbol actually emitted by the current math generators 515ms
 ✓ src/domain/logic.test.ts (26 tests) 18ms
 ✓ src/domain/algorithms/srs.test.ts (60 tests) 12ms
 ✓ src/domain/island/photosRepository.test.ts (11 tests) 1247ms
   ✓ atomic limits, abort and deletion > enforces combined full+thumbnail 24MiB even before the twelfth photo 308ms
 ✓ src/domain/island/experienceRepository.test.ts (12 tests) 3832ms
   ✓ owned atomic experience persistence > rolls back a failed layout application receipt including all positions, cosmetics and optional expression state 1491ms
   ✓ saved layout application against the current earned world > keeps real later learning/growth, earned new items, spent stars and the saved next plan when restoring an old layout 1577ms
 ✓ src/domain/island/learningObservationCommit.test.ts (28 tests) 1315ms
 ✓ src/domain/learning/independentProgress.integration.test.ts (18 tests) 607ms
 ✓ src/components/island/useIslandCustomization.test.ts (27 tests) 1018ms
 ✓ src/domain/island/sharedMemoriesRepository.test.ts (9 tests) 966ms
 ✓ src/components/island/islandWorkshopQueue.test.ts (20 tests) 96ms
 ✓ src/domain/island/learningContinuity.test.ts (13 tests) 2761ms
   ✓ island learning continuity > shares review opportunities across 6-question 'math' sets 391ms
   ✓ island learning continuity > shares review opportunities across 3-question 'math' sets 346ms
   ✓ island learning continuity > shares review opportunities across 3-question 'mix' sets 371ms
   ✓ island learning continuity > does not disguise unselected pending checks as ordinary Due across repeated short sets 632ms
 ✓ src/domain/island/workshopLayout.test.ts (17 tests) 29ms
 ✓ src/components/island/useIslandExperience.test.ts (16 tests) 1346ms
 ✓ src/domain/island/learningKeepsakesRepository.test.ts (10 tests) 1180ms
   ✓ atomic owned learning keepsakes > earns first and five-section awards through real learning, changes only shelf+receipt, and preserves the same reservation 431ms
 ✓ src/domain/island/workshopRepository.test.ts (9 tests) 771ms
 ✓ src/domain/island/expression.test.ts (16 tests) 20ms
 ✓ src/domain/island/customizationRepository.test.ts (16 tests) 786ms
 ✓ src/domain/island/growthRepository.test.ts (11 tests) 2234ms
   ✓ owned atomic living island persistence > aborts growth, snapshot, answer, profile and completion together then saves each once on retry 1444ms
 ✓ src/components/island/useIslandSharedMemories.test.ts (13 tests) 1158ms
 ✓ src/domain/park/park.test.ts (140 tests) 508ms
 ✓ src/domain/learning/attemptPersistence.test.ts (24 tests) 689ms
 ✓ src/domain/explore/__tests__/learningSegmentPersistence.test.ts (7 tests) 134ms
 ✓ src/components/island/three/residentInteraction.test.ts (21 tests) 278ms
 ✓ src/components/island/three/growthVisuals.test.ts (21 tests) 642ms
 ✓ src/components/island/three/sharedActivityFraming.test.ts (26 tests) 19188ms
   ✓ body identity keeps the actual articulated tail > otter retains tail surfaces in every held pose without borrowing head or arm surfaces 515ms
   ✓ one side view contains the complete shared delivery > 'flower' fits all quarter-turn chair directions and phone/tablet stage shapes 1424ms
   ✓ one side view contains the complete shared delivery > 'star' fits all quarter-turn chair directions and phone/tablet stage shapes 1533ms
   ✓ one side view contains the complete shared delivery > 'bubble' fits all quarter-turn chair directions and phone/tablet stage shapes 1526ms
   ✓ one side view contains the complete shared delivery > scores actual held poses for '624 star spectator' across every phase without touching the live rigs 1478ms
   ✓ one side view contains the complete shared delivery > scores actual held poses for '484 star self-occlusion' across every phase without touching the live rigs 822ms
   ✓ one side view contains the complete shared delivery > scores actual held poses for '484 bubble self-occlusion' across every phase without touching the live rigs 1194ms
   ✓ one side view contains the complete shared delivery > keeps each subject readable in the recorded 0875 'phone star' scene 849ms
   ✓ one side view contains the complete shared delivery > keeps each subject readable in the recorded 0875 'tablet star' scene 541ms
   ✓ one side view contains the complete shared delivery > keeps each subject readable in the recorded 0875 'phone flower' scene 502ms
   ✓ one side view contains the complete shared delivery > keeps each subject readable in the recorded 0875 'tablet flower' scene 423ms
   ✓ one side view contains the complete shared delivery > keeps each subject readable in the recorded 0875 'phone bubble' scene 509ms
   ✓ one side view contains the complete shared delivery > keeps each subject readable in the recorded 0875 'tablet bubble' scene 382ms
   ✓ one side view contains the complete shared delivery > selects a legal fixed presentation for cdc5 phone without inventing readability 655ms
   ✓ one side view contains the complete shared delivery > selects a legal fixed presentation for cdc5 tablet without inventing readability 618ms
   ✓ one side view contains the complete shared delivery > selects a legal fixed presentation for cdc5 obstructed without inventing readability 1559ms
   ✓ recorded 5d7 subjects cannot borrow visibility from later poses > 'phone-flower' preserves a legal readable presentation 599ms
   ✓ recorded 5d7 subjects cannot borrow visibility from later poses > 'phone-star' preserves a legal readable presentation 539ms
   ✓ recorded 5d7 subjects cannot borrow visibility from later poses > 'phone-bubble' preserves a legal readable presentation 637ms
   ✓ recorded 5d7 subjects cannot borrow visibility from later poses > 'tablet-flower' preserves a legal readable presentation 575ms
   ✓ recorded 5d7 subjects cannot borrow visibility from later poses > 'tablet-star' preserves a legal readable presentation 475ms
   ✓ recorded 5d7 subjects cannot borrow visibility from later poses > 'tablet-bubble' preserves a legal readable presentation 616ms
   ✓ recorded 5d7 subjects cannot borrow visibility from later poses > 'tablet-fox-flower' preserves a legal readable presentation 1002ms
 ✓ src/components/island/three/runtimeExpressionEnvironment.test.ts (10 tests) 9911ms
   ✓ runtime environment/flag ownership boundary > restores occlusion then seasonal materials before appearance and growth rebuild, using the same camera and rig roots 1366ms
   ✓ runtime environment/flag ownership boundary > shows the actual trim even with default identity, reports its actual visibility, and keeps old memories bare 1069ms
   ✓ runtime environment/flag ownership boundary > does not overwrite captured look/flag/environment state or the learning camera when hidden learning receives a saved scene 481ms
   ✓ runtime environment/flag ownership boundary > restores each saved free look on the same three rigs after removing raincoat 689ms
   ✓ runtime environment/flag ownership boundary > restores each saved free look on the same three rigs after removing star-beret 599ms
   ✓ runtime environment/flag ownership boundary > cancels the actual walk and clears live foot marks on learning 1819ms
   ✓ runtime environment/flag ownership boundary > cancels the actual walk and clears live foot marks on exit 1493ms
   ✓ runtime environment/flag ownership boundary > cancels the actual walk and clears live foot marks on selection-change 1395ms
   ✓ runtime environment/flag ownership boundary > does not pass a fresh walk request to the controller while the document is hidden 639ms
   ✓ runtime environment/flag ownership boundary > releases seasonal clones before the world can dispose their source materials 360ms
 ✓ src/components/island/useIslandPhotos.test.ts (15 tests) 797ms
 ✓ src/domain/island/furnitureRepository.test.ts (11 tests) 2167ms
   ✓ atomic optional furniture acquisition > earns stars through ordinary answers, acquires telescope, reloads and resumes the same learning reservation 589ms
   ✓ atomic optional furniture acquisition > earns stars through ordinary answers, acquires hammock, reloads and resumes the same learning reservation 533ms
   ✓ atomic optional furniture acquisition > earns stars through ordinary answers, acquires tea-table, reloads and resumes the same learning reservation 753ms
 ✓ src/components/island/three/navigation.test.ts (19 tests) 77ms
 ✓ src/domain/user/repository.test.ts (9 tests) 730ms
   ✓ getActiveProfile > deletes all IndexedDB rows owned by a profile and selects the next profile 725ms
 ✓ src/domain/explore/__tests__/problemAdapter.test.ts (38 tests) 41ms
 ✓ src/domain/explore/__tests__/learningPlanner.test.ts (8 tests) 251ms
 ✓ src/domain/island/learningSession.test.ts (10 tests) 897ms
 ✓ src/domain/explore/__tests__/g0NumberSuika.test.ts (32 tests) 50ms
 ✓ src/components/island/three/sharedActivityController.test.ts (20 tests) 1563ms
 ✓ src/domain/growingIsland/repository.test.ts (13 tests) 1305ms
   ✓ growing island persistence > copies a well-used current island: every item, the land, the drops and the friends 988ms
 ✓ src/components/island/useIslandExpression.test.ts (9 tests) 191ms
 ✓ src/hooks/learningProgression.integration.test.ts (12 tests) 9604ms
   ✓ learning progression from real generated questions > preserves legacy next range practice evidence without auto promotion 9262ms
 ✓ src/components/explore/ExploreProblemPanel.test.tsx (16 tests) 63ms
 ✓ src/domain/test/printability.test.ts (22 tests) 18ms
 ✓ src/components/island/three/sharedDisplayFraming.test.ts (11 tests) 5284ms
   ✓ shared photo actual scene sightlines > clears the photographed tree at (.20, -.60), π/2 on 'phone' without hiding or relocating it 843ms
   ✓ shared photo actual scene sightlines > clears the photographed tree at (.20, -.60), π/2 on 'tablet' without hiding or relocating it 601ms
   ✓ shared photo actual scene sightlines > keeps every actual saved work part readable at aspect 1.1016949152542372 953ms
   ✓ shared photo actual scene sightlines > keeps every actual saved work part readable at aspect 1.786046511627907 1052ms
   ✓ shared photo actual scene sightlines > uses transformed world geometry and caches a stable near view without repeating rays 516ms
   ✓ shared photo actual scene sightlines > responds to a real resident entering the chosen sightline and keeps that view when it clears 774ms
   ✓ shared photo actual scene sightlines > ignores invisible and fully transparent meshes, but reports an opaque enclosure as unreadable 487ms
 ✓ src/domain/growingIsland/rules.test.ts (24 tests) 82ms
 ✓ src/domain/island/customizationAppearanceRepository.test.ts (8 tests) 296ms
 ✓ src/domain/explore/__tests__/g0Whitebox.test.ts (13 tests) 10ms
 ✓ src/components/island/learningMusic.test.ts (15 tests) 1367ms
   ✓ the score and input share a chord and pulse clock > renders finite, audible, seam-free layers and bounded quiet cues at 44100 Hz 333ms
   ✓ the score and input share a chord and pulse clock > renders finite, audible, seam-free layers and bounded quiet cues at 48000 Hz 398ms
 ✓ src/domain/islandLife/discoveryJournal.test.ts (14 tests) 108ms
 ✓ src/components/island/three/sharedDisplayFrameBoundary.test.ts (5 tests) 2873ms
   ✓ shared job completion releases the display camera > uses the same job candidate for capture, clears it on learning/hidden and returns to the unchanged static display selector 618ms
   ✓ shared job completion releases the display camera > keeps pending work and clears the actual work parts only after commit and settle at 390px (commit first=false) 582ms
   ✓ shared job completion releases the display camera > keeps pending work and clears the actual work parts only after commit and settle at 390px (commit first=true) 590ms
   ✓ shared job completion releases the display camera > keeps pending work and clears the actual work parts only after commit and settle at 768px (commit first=false) 501ms
   ✓ shared job completion releases the display camera > keeps pending work and clears the actual work parts only after commit and settle at 768px (commit first=true) 580ms
 ✓ src/components/island/three/connectedTerrain.test.ts (10 tests) 21034ms
   ✓ connected terrain exterior > adds a supported central depth only at maturity without repeating the main decorative lobes 491ms
   ✓ connected terrain exterior > returns finite immutable matching rings and caches only plain coordinates 414ms
   ✓ connected terrain exterior > supports every old ellipse and candidate connector on one y=0 cap at level 1 536ms
   ✓ connected terrain exterior > supports every old ellipse and candidate connector on one y=0 cap at level 2 1343ms
   ✓ connected terrain exterior > fills only the nested external layer bands and leaves no shore through the connecting floor 1202ms
   ✓ connected terrain exterior > proves band nesting at every linear breakpoint and actual surface support between the boundaries 1729ms
   ✓ connected terrain exterior > keeps world UVs, slot material identity and borrowed textures across every existing style 15068ms
 ✓ src/components/island/three/natureObservationFrame.test.ts (22 tests) 35396ms
   ✓ explicit nature observation framing > rejects qualified-03/06 saved phone cameras and a visible but subpixel frontal face (reduced=false) 2829ms
   ✓ explicit nature observation framing > rejects qualified-03/06 saved phone cameras and a visible but subpixel frontal face (reduced=true) 3120ms
   ✓ explicit nature observation framing > separates butterfly in the actual qualified-03 layout from the unchanged rabbit throughout its flight (1.0103626943005182/false) 1561ms
   ✓ explicit nature observation framing > separates butterfly in the actual qualified-03 layout from the unchanged rabbit throughout its flight (1.0103626943005182/true) 1007ms
   ✓ explicit nature observation framing > separates butterfly in the actual qualified-03 layout from the unchanged rabbit throughout its flight (1.6340425531914893/false) 1343ms
   ✓ explicit nature observation framing > separates butterfly in the actual qualified-03 layout from the unchanged rabbit throughout its flight (1.6340425531914893/true) 1120ms
   ✓ explicit nature observation framing > separates ribbon-butterfly in the actual qualified-03 layout from the unchanged rabbit throughout its flight (1.0103626943005182/false) 1212ms
   ✓ explicit nature observation framing > separates ribbon-butterfly in the actual qualified-03 layout from the unchanged rabbit throughout its flight (1.0103626943005182/true) 1430ms
   ✓ explicit nature observation framing > separates ribbon-butterfly in the actual qualified-03 layout from the unchanged rabbit throughout its flight (1.6340425531914893/false) 1658ms
   ✓ explicit nature observation framing > separates ribbon-butterfly in the actual qualified-03 layout from the unchanged rabbit throughout its flight (1.6340425531914893/true) 1261ms
   ✓ explicit nature observation framing > holds a butterfly covered in every candidate and recovers without moving its host or residents 1759ms
   ✓ explicit nature observation framing > shows the actual eyes and beak at the rotated mushroom from qualified-03/06 without moving any model (reduced=false) 3517ms
   ✓ explicit nature observation framing > shows the actual eyes and beak at the rotated mushroom from qualified-03/06 without moving any model (reduced=true) 3650ms
   ✓ explicit nature observation framing > keeps a landed or hovering bird readable at host yaw 0 in a single fixed observation camera 952ms
   ✓ explicit nature observation framing > keeps a landed or hovering bird readable at host yaw 1.5707963267948966 in a single fixed observation camera 742ms
   ✓ explicit nature observation framing > keeps a landed or hovering bird readable at host yaw 3.141592653589793 in a single fixed observation camera 783ms
   ✓ explicit nature observation framing > keeps a landed or hovering bird readable at host yaw -2.356194490192345 in a single fixed observation camera 1024ms
   ✓ explicit nature observation framing > chooses another front angle when real foreground geometry covers the face and never declares a covered face readable 6418ms
 ✓ src/domain/island/appearance.test.ts (12 tests) 199ms
 ✓ src/components/island/three/cosmeticScenery.test.ts (19 tests) 24120ms
   ✓ owned cosmetic scenery > leaves the moon-garden legacy scene geometry and rooted tree exactly as authored 2072ms
   ✓ owned cosmetic scenery > leaves the starry legacy scene geometry and rooted tree exactly as authored 1016ms
   ✓ owned cosmetic scenery > leaves the candy legacy scene geometry and rooted tree exactly as authored 1222ms
   ✓ owned cosmetic scenery > leaves the crystal legacy scene geometry and rooted tree exactly as authored 1012ms
   ✓ owned cosmetic scenery > changes real canopy silhouettes and house geometry, beyond recoloring 1126ms
   ✓ owned cosmetic scenery > moon-garden preserves true ground, light anchors and growth through every accent 2583ms
   ✓ owned cosmetic scenery > starry preserves true ground, light anchors and growth through every accent 1930ms
   ✓ owned cosmetic scenery > candy preserves true ground, light anchors and growth through every accent 2347ms
   ✓ owned cosmetic scenery > crystal preserves true ground, light anchors and growth through every accent 2282ms
   ✓ owned cosmetic scenery > keeps crystal shore silhouettes clear of all land, bridge, resident and furniture footprints after expansion 589ms
   ✓ owned cosmetic scenery > disposes each owned geometry, material and texture once without touching resident materials 4510ms
   ✓ owned cosmetic scenery > fits 'moon-garden' theme at grown=true in the same home camera on phone and tablet 586ms
   ✓ owned cosmetic scenery > fits 'starry' theme at grown=true in the same home camera on phone and tablet 550ms
   ✓ owned cosmetic scenery > fits 'candy' theme at grown=false in the same home camera on phone and tablet 306ms
   ✓ owned cosmetic scenery > fits 'candy' theme at grown=true in the same home camera on phone and tablet 611ms
   ✓ owned cosmetic scenery > fits 'crystal' theme at grown=true in the same home camera on phone and tablet 559ms
 ✓ src/domain/learning/evidence.test.ts (16 tests) 48ms
 ✓ src/components/island/three/runtimeFurnitureClearance.test.ts (5 tests) 8905ms
   ✓ runtime trial preparation waits for actual saved-furniture clearance > keeps the recorded rabbit walking, then resolves and uses the same choice from the real endpoint 2735ms
   ✓ runtime trial preparation waits for actual saved-furniture clearance > starts newly required clearance before trial preparation on the same runtime update 657ms
   ✓ runtime trial preparation waits for actual saved-furniture clearance > discards the old waiting iterator on learning without moving the rabbit to finish 506ms
   ✓ runtime trial preparation waits for actual saved-furniture clearance > discards the old waiting iterator on exit without moving the rabbit to finish 559ms
   ✓ runtime trial preparation waits for actual saved-furniture clearance > discards the old waiting iterator on reselection without moving the rabbit to finish 4447ms
 ✓ src/domain/island/progressiveSupport.test.ts (13 tests) 538ms
 ✓ src/domain/island/experience.test.ts (19 tests) 19ms
 ✓ src/domain/island/growth.test.ts (11 tests) 43ms
 ✓ src/components/island/three/treeCanopyGeometry.test.ts (10 tests) 1109ms
   ✓ sculpted moon-garden canopy > retains one closed outward surface with finite unit normals and a welded lighting seam 314ms
 ✓ src/domain/math/numberSenseProgress.test.ts (32 tests) 9ms
 ✓ src/components/island/IslandLearningKeepsakes.test.tsx (15 tests) 302ms
 ✓ src/components/island/useIslandLearningKeepsakes.test.ts (11 tests) 409ms
 ✓ src/components/island/three/roofSurface.test.ts (6 tests) 2600ms
   ✓ default roof material prototype > keeps opaque, deterministic broad colors continuous across both texture edges 466ms
   ✓ default roof material prototype > delivers the mapped face and all four seams through the actual scenery builder without leaking into other styles 1677ms
   ✓ default roof material prototype > restores an actual placement clone before retiring the roof pool on an explicit-style switch 439ms
 ✓ src/components/island/three/grassSurface.test.ts (9 tests) 868ms
   ✓ default mint lawn bump surface > keeps the visible cap texture and retires it once on purchase, restore and exit 558ms
 ✓ src/domain/learningRepository.test.ts (15 tests) 13ms
 ✓ src/components/island/three/appearanceRendering.test.ts (11 tests) 14472ms
   ✓ independently equipped actual island surfaces > maps the biscuit surface onto unchanged level land and retires its shared texture once 1204ms
   ✓ independently equipped actual island surfaces > starry changes each actual slot while retaining every other slot and rooted identity 1853ms
   ✓ independently equipped actual island surfaces > candy changes each actual slot while retaining every other slot and rooted identity 1743ms
   ✓ independently equipped actual island surfaces > crystal changes each actual slot while retaining every other slot and rooted identity 1489ms
   ✓ independently equipped actual island surfaces > resolves the same explicit mix independently of legacy theme history, including accents 1076ms
   ✓ independently equipped actual island surfaces > keeps actual level ground and both bridge decks through three full looks and old restoration 2556ms
   ✓ independently equipped actual island surfaces > only retires changed-slot resources and disposes each visible owned resource once 971ms
   ✓ independently equipped actual island surfaces > distinguishes hidden expanded bridge meshes from currently visible geometry 822ms
   ✓ independently equipped actual island surfaces > starry fits its actual distant silhouettes in the chosen overview at each land stage 1106ms
   ✓ independently equipped actual island surfaces > candy fits its actual distant silhouettes in the chosen overview at each land stage 926ms
   ✓ independently equipped actual island surfaces > crystal fits its actual distant silhouettes in the chosen overview at each land stage 726ms
 ✓ src/domain/island/rewardGoal.test.ts (13 tests) 23ms
 ✓ src/components/island/three/personalScenery.test.ts (11 tests) 2004ms
   ✓ house-mounted personal identity > moon-garden leaves the actual nameplate and roof flag visible from the home camera direction 606ms
   ✓ house-mounted personal identity > starry leaves the actual nameplate and roof flag visible from the home camera direction 453ms
   ✓ house-mounted personal identity > candy leaves the actual nameplate and roof flag visible from the home camera direction 443ms
   ✓ house-mounted personal identity > crystal leaves the actual nameplate and roof flag visible from the home camera direction 423ms
 ✓ src/components/island/islandWorkshopAudio.test.ts (12 tests) 205ms
 ✓ src/pwa.test.ts (21 tests) 182ms
 ✓ src/domain/math/writtenArithmetic.test.ts (38 tests) 117ms
 ✓ src/domain/islandLife/relationObservation.test.ts (13 tests) 139ms
 ✓ tools/island-expression-audio-focused-audit.test.mjs (12 tests) 31ms
 ✓ src/components/island/life/useIslandLife.test.ts (15 tests) 883ms
 ✓ src/domain/islandLife/repository.test.ts (10 tests) 1947ms
   ✓ independent life persistence > never awards a diagnostic time jump twice and recovers from backward clock 842ms
   ✓ independent life persistence > persists channel receipts and reroutes water after storing and replacing a segment 553ms
 ✓ src/components/island/three/workshopPresentation.test.ts (14 tests) 1039ms
 ✓ src/components/island/three/optionalFurnitureController.test.ts (37 tests) 11198ms
   ✓ optional tools use the actual bodies and bounded furniture > tea-table uses selected otter with visible actual contacts 401ms
   ✓ optional tools use the actual bodies and bounded furniture > tea-table uses selected rabbit with visible actual contacts 428ms
   ✓ optional tools use the actual bodies and bounded furniture > tea-table uses selected fox with visible actual contacts 476ms
   ✓ optional tools use the actual bodies and bounded furniture > requires actual rendered contact before transferring the cup 375ms
   ✓ optional tools use the actual bodies and bounded furniture > telescope keeps contact and real framing at rotation 3.141592653589793 in both motion modes 302ms
   ✓ optional tools use the actual bodies and bounded furniture > telescope keeps contact and real framing at rotation 4.71238898038469 in both motion modes 318ms
   ✓ optional tools use the actual bodies and bounded furniture > hammock keeps contact and real framing at rotation 1.5707963267948966 in both motion modes 423ms
   ✓ optional tools use the actual bodies and bounded furniture > hammock keeps contact and real framing at rotation 3.141592653589793 in both motion modes 396ms
   ✓ optional tools use the actual bodies and bounded furniture > tea-table keeps contact and real framing at rotation 1.5707963267948966 in both motion modes 474ms
   ✓ optional tools use the actual bodies and bounded furniture > tea-table keeps contact and real framing at rotation 3.141592653589793 in both motion modes 402ms
   ✓ optional tools use the actual bodies and bounded furniture > tea-table keeps contact and real framing at rotation 4.71238898038469 in both motion modes 440ms
   ✓ optional tools use the actual bodies and bounded furniture > tea passes one real cup from otter to rabbit with both hands touching 464ms
   ✓ optional tools use the actual bodies and bounded furniture > tea passes one real cup from otter to fox with both hands touching 559ms
   ✓ optional tools use the actual bodies and bounded furniture > tea passes one real cup from rabbit to otter with both hands touching 470ms
   ✓ optional tools use the actual bodies and bounded furniture > tea passes one real cup from rabbit to fox with both hands touching 388ms
   ✓ optional tools use the actual bodies and bounded furniture > tea passes one real cup from fox to otter with both hands touching 396ms
   ✓ optional tools use the actual bodies and bounded furniture > tea passes one real cup from fox to rabbit with both hands touching 352ms
   ✓ optional tools use the actual bodies and bounded furniture > routes the actual fox tail around an independent obstacle and the stationary residents 882ms
 ✓ src/components/island/three/flagFraming.test.ts (7 tests) 7604ms
   ✓ inspection of the actual island flag > keeps identity and trim in front of actual mature house shapes for legacy and independent styles 7517ms
 ✓ src/components/island/three/natureVisuals.test.ts (8 tests) 204ms
 ✓ src/components/island/three/furnitureClearanceController.test.ts (9 tests) 1346ms
   ✓ saved furniture clearance runs physical moves in sequence > contains the whole current bodies and every future route before the second resident starts 601ms
 ✓ src/domain/island/learningKeepsakes.test.ts (32 tests) 19ms
 ✓ src/domain/user/onboarding.test.ts (20 tests) 2449ms
   ✓ explicit first learning setup > starts beyond q_div for both second and sixth graders without inventing answer evidence 322ms
   ✓ explicit first learning setup > starts beyond q_decimal for both second and sixth graders without inventing answer evidence 303ms
   ✓ explicit first learning setup > starts beyond q_fraction_mul for both second and sixth graders without inventing answer evidence 416ms
   ✓ explicit first learning setup > starts beyond q_speed for both second and sixth graders without inventing answer evidence 391ms
 ✓ src/components/challenge/useChallengeSession.test.tsx (9 tests) 855ms
   ✓ challenge controller lifecycle > keeps finalization held after unmount until its write settles 438ms
 ✓ src/domain/island/learningObservation.test.ts (19 tests) 11ms
 ✓ src/domain/island/sceneStyle.test.ts (6 tests) 19ms
 ✓ src/components/island/life/runtimeAssets.test.ts (11 tests) 306ms
 ✓ src/components/island/useIslandRewardGoal.test.ts (11 tests) 252ms
 ✓ src/domain/explore/__tests__/g0ChainShot.test.ts (12 tests) 11ms
 ✓ src/domain/learning/unitPlanning.integration.test.ts (14 tests) 451ms
 ✓ src/components/island/three/runtimePhotography.test.ts (13 tests) 4927ms
   ✓ current-scene photography boundary > renders before encoding without resetting the current actor or camera 497ms
   ✓ current-scene photography boundary > photographs a real house keepsake in the existing island scene at 390×354 522ms
   ✓ current-scene photography boundary > photographs a real house keepsake in the existing island scene at 768×430 336ms
   ✓ current-scene photography boundary > cannot render or encode a hidden scene 363ms
   ✓ current-scene photography boundary > cannot render or encode a offscreen scene 304ms
   ✓ current-scene photography boundary > cannot render or encode a learning scene 374ms
   ✓ current-scene photography boundary > cannot render or encode a lost scene 330ms
   ✓ current-scene photography boundary > cannot render or encode a disposed scene 306ms
   ✓ current-scene photography boundary > tracks the actual otter and cap before capture without changing its pose 462ms
   ✓ current-scene photography boundary > tracks the actual rabbit and cap before capture without changing its pose 319ms
   ✓ display photo uses the actual scene before encoding > checks live tree occlusion before a 390×354 capture 447ms
   ✓ display photo uses the actual scene before encoding > checks live tree occlusion before a 768×430 capture 369ms
 ✓ src/components/island/three/sharedJobFraming.test.ts (6 tests) 28007ms
   ✓ actual shared job sightlines > replaces the recorded back view with both actual paws and the same held object at aspect 1.3066202090592334 5802ms
   ✓ actual shared job sightlines > replaces the recorded back view with both actual paws and the same held object at aspect 1.786046511627907 5963ms
   ✓ actual shared job sightlines > improves the lamp view and exposes actual receiver triangles without hiding residual occlusion at aspect 1.3066202090592334 5149ms
   ✓ actual shared job sightlines > improves the lamp view and exposes actual receiver triangles without hiding residual occlusion at aspect 1.786046511627907 6512ms
   ✓ actual shared job sightlines > retains its selected contact angle through moving bounds without full searches or GPU allocations 2505ms
   ✓ actual shared job sightlines > keeps an unreadable view honest and caps reselection during continuous occlusion 2076ms
 ✓ src/domain/islandLife/relationSelection.test.ts (11 tests) 105ms
 ✓ src/components/island/three/residentTail.test.ts (4 tests) 1273ms
   ✓ the same actual tail has a reversible sitting joint > otter: original standing shape, clear backboards and standing borrowed pose 327ms
   ✓ the same actual tail has a reversible sitting joint > keeps the recorded star handoff visible past the real fox tail in every shared phase 816ms
 ✓ src/components/island/life/IslandLife.startup.test.tsx (4 tests) 56ms
 ✓ src/components/island/useIslandFurniture.test.ts (10 tests) 241ms
 ✓ src/components/island/three/sharedActivityVisuals.test.ts (12 tests) 112ms
 ✓ src/domain/challenge/repository.test.ts (14 tests) 874ms
 ✓ src/components/island/islandAmbienceAudio.test.ts (11 tests) 147ms
 ✓ src/components/island/useIslandMilestoneNotice.test.ts (15 tests) 12ms
 ✓ src/domain/growingIsland/guidance.repository.test.ts (7 tests) 130ms
 ✓ src/domain/park/writtenArithmeticIntegration.test.ts (25 tests) 173ms
 ✓ src/domain/growingIsland/guidance.test.ts (11 tests) 21ms
 ✓ src/components/island/three/learningKeepsakeScenery.test.ts (5 tests) 593ms
   ✓ a finite room for actual learning keepsakes > physically supports thirteen separate trophies and wall-mounts three papers within a bounded static room 419ms
 ✓ src/domain/explore/__tests__/learningSegment.test.ts (20 tests) 7ms
 ✓ src/components/island/three/optionalFurnitureFraming.test.ts (6 tests) 5523ms
   ✓ optional tool close views keep the physical cause visible > keeps the same tea cup and tabletop visible through quaternion-restored handoff at 1.3202856387199153 439ms
   ✓ optional tool close views keep the physical cause visible > keeps the same tea cup and tabletop visible through quaternion-restored handoff at 2.1429131970179185 325ms
   ✓ optional tool close views keep the physical cause visible > frames the real hammock cloth past the house roof at 1.3220338983050848 1992ms
   ✓ optional tool close views keep the physical cause visible > frames the real hammock cloth past the house roof at 2.0210526315789474 1935ms
   ✓ optional tool close views keep the physical cause visible > keeps the same front-facing selection through a walk and restores every actual pose after camera inspection 830ms
 ✓ src/domain/finishTestRepository.test.ts (8 tests) 1974ms
   ✓ atomic finish test repository > resumes same reservation and persisted first responses without retrying mistakes 345ms
 ✓ src/domain/levelProgression.test.ts (10 tests) 511ms
   ✓ evidence required for level progression > retains math readiness evidence without automatic promotion and respects manual downgrade 379ms
 ✓ src/components/island/three/optionalFurnitureTrial.test.ts (8 tests) 52916ms
   ✓ borrowed tools choose an actually usable legal trial location > rechecks the chosen resident using the same borrowed model and retains a usable position on reselection 1001ms
   ✓ borrowed tools choose an actually usable legal trial location > uses the new connecting floor for the formerly blocked furniture-03 hammock without moving saved furniture 2183ms
   ✓ borrowed tools choose an actually usable legal trial location > keeps the furniture-02 narrow passage blocked for the actual body, then accepts only a child-requested usable preview 9434ms
   ✓ borrowed tools choose an actually usable legal trial location > drops an old explicit search on movement, lifecycle pause and foreground resume 478ms
   ✓ borrowed tools choose an actually usable legal trial location > telescope preflights every selected resident then retains the same real model through sequential trials 10036ms
   ✓ borrowed tools choose an actually usable legal trial location > hammock preflights every selected resident then retains the same real model through sequential trials 5335ms
   ✓ borrowed tools choose an actually usable legal trial location > tea-table preflights every selected resident then retains the same real model through sequential trials 24291ms
 ✓ src/components/island/three/optionalFurnitureRuntime.test.ts (8 tests) 1293ms
 ✓ src/domain/learning/pilotRepository.test.ts (7 tests) 247ms
 ✓ src/domain/explore/__tests__/wagerRun.test.ts (19 tests) 4ms
 ✓ src/domain/islandLife/facilityTrips.test.ts (10 tests) 159ms
 ✓ src/components/island/three/sceneFraming.test.ts (15 tests) 3332ms
   ✓ frozen learning frame after free play > contains earned shores in matching album cameras and the home view at 390×190, chapter 1 310ms
   ✓ frozen learning frame after free play > contains earned shores in matching album cameras and the home view at 390×190, chapter 2 384ms
   ✓ frozen learning frame after free play > contains earned shores in matching album cameras and the home view at 390×190, chapter undefined 401ms
   ✓ frozen learning frame after free play > contains earned shores in matching album cameras and the home view at 768×400, chapter 2 399ms
   ✓ frozen learning frame after free play > contains earned shores in matching album cameras and the home view at 768×400, chapter undefined 433ms
 ✓ src/domain/math/studyPresentation.test.ts (15 tests) 23ms
 ✓ src/components/island/three/residentOutfit.test.ts (13 tests) 959ms
   ✓ optional attached resident outfits > otter preserves every original mesh, body proportion, fixed scarf and hand/seat/foot anchor through all appearances 346ms
 ✓ src/domain/island/furniture.test.ts (11 tests) 21ms
 ✓ src/components/island/three/cameraPanFraming.test.ts (12 tests) 1008ms
   ✓ real normal-island runtime framing > keeps the new central floor in the actual pan regions and reachable at 390×380 347ms
 ✓ src/components/island/three/furniture.test.ts (17 tests) 242ms
 ✓ src/domain/explore/__tests__/observation.test.ts (11 tests) 3ms
 ✓ src/hooks/blockGenerators.progression.test.ts (13 tests) 28ms
 ✓ src/domain/natureTown/acceptanceGrowthRandom.test.ts (6 tests) 903ms
   ✓ NT-3 growth and random boundaries (diagnostic fixtures) > RNG-05/07 evaluates once per interval despite repainting, failures, weather and full visitor slots 440ms
   ✓ NT-3 growth and random boundaries (diagnostic fixtures) > RNG-08 keeps world outcomes identical with different earned learning rights 385ms
 ✓ src/components/island/three/workshopResidentFraming.test.ts (8 tests) 539ms
 ✓ tools/current-ui-entry-guard.test.mjs (18 tests) 7ms
 ✓ src/components/island/IslandLearningSupport.test.tsx (18 tests) 88ms
 ✓ src/components/island/three/terrainProfile.test.ts (9 tests) 938ms
 ✓ src/domain/natureTown/simulation.test.ts (14 tests) 3636ms
   ✓ Nature Town deterministic simulation > SIM-06/07/11 conserves all food for 20 active minutes and deterministic save continuation 3092ms
   ✓ Nature Town deterministic simulation > SIM-10 protects carried food when destination is moved 305ms
 ✓ src/components/island/IslandCustomization.test.tsx (9 tests) 68ms
 ✓ src/domain/growingIsland/friends.test.ts (10 tests) 104ms
 ✓ src/domain/natureTown/acceptanceSimulation.test.ts (6 tests) 233ms
 ✓ src/components/island/three/islandCameraControls.test.ts (11 tests) 5ms
 ✓ src/components/island/three/furnitureClearance.test.ts (9 tests) 384ms
   ✓ saved furniture gives standing residents room to step aside > is deterministic and leaves an enclosed resident blocked without moving its saved furniture 335ms
 ✓ src/domain/islandLife/activities.test.ts (7 tests) 302ms
 ✓ src/components/explore/DiscoveryReveal.test.ts (7 tests) 31ms
 ✓ src/domain/island/subjectSelection.test.ts (10 tests) 16ms
 ✓ tools/island-expression-visual-matrix-audit.test.mjs (7 tests) 35ms
 ✓ src/components/island/three/westNavigation.test.ts (10 tests) 84ms
 ✓ src/domain/islandLife/foodLoop.test.ts (10 tests) 14ms
 ✓ src/domain/explore/__tests__/runCheckpoint.test.ts (7 tests) 8ms
 ✓ src/domain/english/planner.test.ts (14 tests) 11ms
 ✓ src/components/island/useIslandLearningObservation.test.ts (10 tests) 6ms
 ✓ src/domain/island/subjectPreference.test.ts (5 tests) 738ms
 ✓ src/domain/islandLife/residency.test.ts (7 tests) 482ms
 ✓ src/domain/growingIsland/balance.test.ts (8 tests) 60ms
 ✓ tools/island-reward-goal-audit.test.mjs (9 tests) 14ms
 ✓ src/domain/learning/mathCatalog.test.ts (6 tests) 62ms
stdout | src/domain/islandLife/commandPerformance.test.ts > reuses a storage command after a day of history and persists the cold-replay state
store warm command + replay ms 3.6987910000000284
store cold replay ms 521.097917

 ✓ src/domain/math/foundations.test.ts (14 tests) 129ms
 ✓ src/pages/Explore.test.ts (9 tests) 2ms
 ✓ src/domain/islandLife/commandPerformance.test.ts (20 tests) 1558ms
   ✓ reuses a storage command after a day of history and persists the cold-replay state 1216ms
 ✓ src/domain/islandLife/simulation.test.ts (11 tests) 463ms
 ✓ src/pwaUpdateUtils.test.ts (43 tests) 12ms
 ✓ src/domain/test/trigger.test.ts (8 tests) 8ms
 ✓ src/components/island/three/sharedActivityOcclusion.test.ts (9 tests) 14ms
 ✓ src/components/island/learningActor/motion.test.ts (6 tests) 327ms
 ✓ src/components/island/three/worldPalette.test.ts (4 tests) 138ms
 ✓ src/domain/island/experienceAppearance.test.ts (5 tests) 14ms
stderr | src/components/island/growing/seedHitPriority.test.ts > unbuilt seed touch target priority > attaches only to unbuilt plots and leaves the scene on rebuild or cancel
THREE.Material: parameter 'map' has value of undefined.
THREE.Material: parameter 'map' has value of undefined.
THREE.Material: parameter 'map' has value of undefined.

 ✓ src/components/island/growing/seedHitPriority.test.ts (2 tests) 4787ms
   ✓ unbuilt seed touch target priority > measures visible neighbors over dense layouts at phone widths and camera angles 4692ms
 ✓ src/domain/battle/engine.test.ts (11 tests) 15ms
 ✓ src/domain/math/contentIntegrity.test.ts (21 tests) 275ms
 ✓ src/domain/finishTest.test.ts (15 tests) 39ms
 ✓ src/components/island/IslandAlbum.test.tsx (4 tests) 32ms
 ✓ src/components/island/three/expressionEnvironment.test.ts (7 tests) 14147ms
   ✓ reversible expression environment on the existing world > moon-garden preserves geometry, growth, ground hits and all original material references through every period/season 3611ms
   ✓ reversible expression environment on the existing world > starry preserves geometry, growth, ground hits and all original material references through every period/season 3076ms
   ✓ reversible expression environment on the existing world > candy preserves geometry, growth, ground hits and all original material references through every period/season 3517ms
   ✓ reversible expression environment on the existing world > crystal preserves geometry, growth, ground hits and all original material references through every period/season 2807ms
   ✓ reversible expression environment on the existing world > reuses same-selection resources, disposes retired clones once, and restores the newest theme after growth/material regeneration 1134ms
 ✓ src/components/island/three/homeInteriorCamera.test.ts (16 tests) 44969ms
   ✓ a perspective camera inside the same closed house > places the real room floor above the unchanged exterior foundation at aspect 1.3220338983050848 526ms
   ✓ a perspective camera inside the same closed house > places the real room floor above the unchanged exterior foundation at aspect 2.0210526315789474 546ms
   ✓ a perspective camera inside the same closed house > encloses the viewport, shows living objects and all sixteen awards at 390×295, actual cottage=false 9857ms
   ✓ a perspective camera inside the same closed house > encloses the viewport, shows living objects and all sixteen awards at 768×380, actual cottage=false 10510ms
   ✓ a perspective camera inside the same closed house > encloses the viewport, shows living objects and all sixteen awards at 390×295, actual cottage=true 10758ms
   ✓ a perspective camera inside the same closed house > encloses the viewport, shows living objects and all sixteen awards at 768×380, actual cottage=true 11211ms
   ✓ a perspective camera inside the same closed house > keeps the whole walking resident on screen at the portrait edges and restores the close view 1212ms
 ✓ src/components/island/islandAlbumPresentation.test.tsx (4 tests) 28ms
 ✓ src/components/island/three/geometry.test.ts (8 tests) 1682ms
   ✓ island sculpted geometry > keeps the static scenery and tree within a bounded mesh and triangle budget 1545ms
 ✓ src/domain/test/paperTestRepository.test.ts (6 tests) 162ms
 ✓ src/components/island/life/residentShadow.test.ts (6 tests) 682ms
 ✓ src/components/island/life/facilityRelations.test.ts (6 tests) 1239ms
   ✓ presented facility relations > stands back for care beside an ordinary flower visitor while old snapshots retain the sniff distance 678ms
 ✓ src/components/island/life/encounterObservation.test.ts (5 tests) 1662ms
   ✓ requires actual ordinary presentation and explicit input, and coalesces repeated input 411ms
   ✓ ignores an asynchronously prepared scene after cancellation 313ms
   ✓ preserves the gesture across a same-layout mesh rebuild without counting the GPU gap as visible time 479ms
 ✓ src/domain/finishRecovery.test.ts (6 tests) 12ms
 ✓ src/domain/finishCoverage.test.ts (6 tests) 68ms
 ✓ src/components/island/life/worldShadowPresentation.test.ts (4 tests) 585ms
   ✓ predicts a tiny shadow needs the close view without recording or leaving its preview gesture behind 313ms
 ✓ src/components/island/islandPhotoCapture.test.ts (11 tests) 13ms
 ✓ src/components/island/IslandExpression.test.tsx (5 tests) 45ms
 ✓ src/components/explore/ExplorePathChoice.test.tsx (5 tests) 40ms
 ✓ src/components/island/IslandRewardGoal.test.tsx (7 tests) 44ms
 ✓ src/components/island/tutorial/useIslandTutorial.test.ts (6 tests) 3ms
 ✓ src/components/island/life/residentMotion.test.ts (5 tests) 897ms
 ✓ src/domain/explore/__tests__/discoveryPage.test.ts (9 tests) 8ms
 ✓ src/components/explore/rootPullPresentation.test.ts (10 tests) 5ms
 ✓ src/domain/islandLife/economyMigration.test.ts (7 tests) 306ms
 ✓ src/domain/islandLife/diagonalMigration.test.ts (4 tests) 279ms
 ✓ src/components/island/IslandGrowth.test.tsx (6 tests) 26ms
 ✓ src/domain/islandLife/landRules.test.ts (6 tests) 269ms
 ✓ src/domain/learning/unitPractice.test.ts (7 tests) 27ms
 ✓ src/domain/math/generators/advanced.test.ts (10 tests) 18ms
 ✓ src/domain/challenge/engine.test.ts (17 tests) 3392ms
   ✓ challenge source v1 > covers all 45 ordered pairs, balances each block, exhausts bags, and avoids repeated/reversed neighbors 3380ms
 ✓ src/domain/islandLife/economyRepository.test.ts (5 tests) 673ms
 ✓ src/components/island/growing/useGrowingIsland.test.ts (3 tests) 168ms
 ✓ src/components/island/IslandHomeActions.test.tsx (6 tests) 86ms
 ✓ src/domain/islandLife/playTours.test.ts (9 tests) 14ms
 ✓ src/domain/islandLife/placementUndo.test.ts (6 tests) 173ms
 ✓ src/domain/island/pacing.test.ts (5 tests) 11ms
 ✓ src/components/island/three/homeViewFraming.test.ts (16 tests) 7541ms
   ✓ layout-owned close phone home > enlarges nearby life while retaining both residents and the house, without entering manual camera mode 660ms
   ✓ layout-owned close phone home > keeps the first deliberate zoom continuous relative to the closer base frame 410ms
   ✓ layout-owned close phone home > leaves the existing 768x900 framing unchanged 517ms
   ✓ layout-owned close phone home > leaves the existing 1024x600 framing unchanged 526ms
   ✓ layout-owned close phone home > leaves the existing 390x330 framing unchanged 438ms
   ✓ layout-owned close phone home > does not alter the dedicated or overview frame: {"districtFocus":"all"} 504ms
   ✓ layout-owned close phone home > does not alter the dedicated or overview frame: {"districtFocus":"east"} 412ms
   ✓ layout-owned close phone home > does not alter the dedicated or overview frame: {"districtFocus":"west"} 410ms
   ✓ layout-owned close phone home > does not alter the dedicated or overview frame: {"photographing":true} 470ms
   ✓ layout-owned close phone home > does not alter the dedicated or overview frame: {"readOnly":true} 458ms
   ✓ layout-owned close phone home > does not alter the dedicated or overview frame: {"readOnly":true,"comparisonHabitat":"garden"} 406ms
   ✓ layout-owned close phone home > does not alter the dedicated or overview frame: {"learning":true} 517ms
   ✓ layout-owned close phone home > does not alter the dedicated or overview frame: {"preview":{"id":"move","kind":"flower","position":{"x":0,"z":1},"rotation":0}} 414ms
   ✓ layout-owned close phone home > does not alter the dedicated or overview frame: {"playRequest":{"id":"replay","itemId":"flower"}} 441ms
   ✓ layout-owned close phone home > returns from the whole-island view to the same close home frame 522ms
   ✓ layout-owned close phone home > lets an automatic shared activity keep its authored camera with manual mode still off 436ms
 ✓ src/components/island/three/appearanceFraming.test.ts (6 tests) 8628ms
   ✓ appearance viewing uses fixed real-target cameras > keeps the entire central tree in frame with the same matrix for every style and maturity at aspect 1.1016949152542372 3604ms
   ✓ appearance viewing uses fixed real-target cameras > keeps the entire central tree in frame with the same matrix for every style and maturity at aspect 1.786046511627907 3308ms
   ✓ appearance viewing uses fixed real-target cameras > wall, roof and window use one fixed house view without hiding a resident, furniture or display 1652ms
 ✓ src/components/island/three/placementOcclusion.test.ts (8 tests) 985ms
 ✓ src/domain/islandLife/placementMigration.test.ts (4 tests) 121ms
 ✓ src/components/island/three/expressionFootTrails.test.ts (3 tests) 293ms
 ✓ src/domain/islandLife/cadence.test.ts (8 tests) 249ms
 ✓ src/components/explore/PaintedEncounterLineage.test.tsx (5 tests) 40ms
 ✓ src/domain/explore/__tests__/encounters.test.ts (7 tests) 5ms
 ✓ src/components/island/life/readingObservation.test.ts (5 tests) 1402ms
   ✓ cancels when the real reader leaves or its layout changes 347ms
 ✓ src/components/island/three/expressionResidentVisuals.test.ts (12 tests) 2692ms
   ✓ expressions stay attached to the original residents > tea-table preserves otter real contacts in raincoat and beret 328ms
   ✓ expressions stay attached to the original residents > tea-table preserves fox real contacts in raincoat and beret 422ms
 ✓ src/domain/explore/__tests__/rapidLoop.test.ts (6 tests) 8ms
 ✓ src/components/island/IslandExpressionFlag.test.tsx (2 tests) 8ms
 ✓ src/components/domain/PrintableTestPreview.test.tsx (6 tests) 69ms
 ✓ src/domain/explore/__tests__/rapidLoopEligibility.test.ts (27 tests) 3ms
 ✓ src/domain/islandLife/decorations.test.ts (4 tests) 124ms
 ✓ src/domain/islandLife/heroVisit.test.ts (5 tests) 115ms
 ✓ src/components/island/life/relationGaze.test.ts (9 tests) 1793ms
   ✓ same-seat R1/R3 gaze > turns pokomoko toward a young plant without moving its seat contact 384ms
   ✓ same-seat R1/R3 gaze > turns rabbit toward a young plant without moving its seat contact 308ms
 ✓ src/domain/learning/context.test.ts (6 tests) 18ms
 ✓ src/components/island/islandDiscoveryGuide.test.ts (8 tests) 25ms
 ✓ src/domain/island/learningPartyRepository.test.ts (3 tests) 389ms
 ✓ src/domain/islandLife/plantsWater.test.ts (5 tests) 114ms
 ✓ src/domain/islandLife/walkingSpace.test.ts (7 tests) 58ms
 ✓ src/components/island/islandAlbumMemory.test.ts (7 tests) 6ms
 ✓ src/domain/test/testSet.test.ts (34 tests) 215ms
 ✓ src/components/island/life/placement.test.ts (5 tests) 813ms
   ✓ placement preview > keeps a resident on the real seat while a copy is previewed elsewhere 363ms
 ✓ src/domain/island/customization.test.ts (20 tests) 24ms
 ✓ src/components/island/three/livingActivities.test.ts (5 tests) 5ms
 ✓ src/domain/learning/progressView.test.ts (7 tests) 5ms
 ✓ src/domain/islandLife/discovery.test.ts (6 tests) 6ms
 ✓ src/domain/islandLife/cadenceMigration.test.ts (4 tests) 146ms
 ✓ src/domain/math/answerCompletion.test.ts (13 tests) 179ms
 ✓ src/domain/math/generators/subtraction.test.ts (10 tests) 8ms
 ✓ src/components/island/life/extendedGround.test.ts (7 tests) 1618ms
   ✓ rendered groves and water retain exact cells and readable connections > keeps water comparison head focus when a reduced-motion memory is replayed with normal motion 307ms
   ✓ rendered groves and water retain exact cells and readable connections > rests beside a mature tree inside its local shade while retaining the old unversioned pose 310ms
 ✓ src/domain/islandLife/sandbox.test.ts (3 tests) 305ms
 ✓ src/utils/audio.test.ts (8 tests) 36ms
 ✓ src/domain/growingIsland/wonder.test.ts (7 tests) 40ms
 ✓ src/components/dev/suika/NumberSuikaStage.test.tsx (10 tests) 21ms
 ✓ src/components/island/life/lifeUpdateClient.test.ts (7 tests) 13ms
 ✓ src/components/domain/TenKey.compact.test.tsx (6 tests) 35ms
 ✓ src/components/island/life/gatheringVisibility.test.ts (6 tests) 1308ms
   ✓ rendered gathering evidence > requires visible real items, connecting ground and an unobstructed viewport (growth=6) 433ms
 ✓ src/components/island/life/landscape.test.ts (5 tests) 204ms
 ✓ src/domain/islandLife/observationVisit.test.ts (5 tests) 19ms
 ✓ src/domain/learning/englishCatalog.test.ts (5 tests) 108ms
 ✓ src/components/ikimono/fuwafuwaDailyConversation.test.ts (4 tests) 2ms
 ✓ src/domain/islandLife/heroVisitMigration.test.ts (3 tests) 196ms
 ✓ src/components/island/life/fantasy/garden.test.ts (4 tests) 713ms
   ✓ keeps gaze joints, cell picking and the same simulation when changing the time of day 330ms
   ✓ preserves the original Pokomoko geometry, fabric panels, scarf and scale across garden styles 370ms
 ✓ src/components/island/three/learningReaction.test.ts (12 tests) 6ms
stdout | src/domain/islandLife/replaySnapshot.test.ts > persistent replay acceleration > survives cold reopen and matches full replay after 1 and 7 days, purchases and new facts
snapshot benchmark {"hours":24,"fullMs":262.31425,"restoreMs":0.9224169999999958,"snapshotBytes":7378}

 ✓ src/domain/math/generators/addition.test.ts (10 tests) 8ms
 ✓ src/components/island/three/runtimeExpressionResidents.test.ts (3 tests) 3212ms
   ✓ expression rendering stays optional inside a read-only scene > pause restores the actual resident, clears every live mark and consumes the interrupted request 1025ms
   ✓ expression rendering stays optional inside a read-only scene > changing reduced motion schedules the owned temporary rig instead of resetting it through ordinary updates 1165ms
   ✓ expression rendering stays optional inside a read-only scene > frames the actual read-only trial and releases that camera on learning and exit 1021ms
 ✓ src/domain/island/learningChecks.test.ts (14 tests) 11ms
 ✓ src/domain/islandLife/picnicTable.test.ts (5 tests) 46ms
 ✓ src/domain/island/homeJourney.test.ts (4 tests) 433ms
 ✓ src/components/explore/ReturnSummary.test.tsx (5 tests) 127ms
 ✓ src/components/island/growing/GrowingPlacementControls.test.tsx (6 tests) 16ms
 ✓ src/components/island/learningFeedback.test.ts (8 tests) 2ms
 ✓ src/domain/islandLife/purchases.test.ts (5 tests) 59ms
 ✓ src/components/island/life/useLiveDiscovery.test.ts (3 tests) 108ms
 ✓ src/components/dev/g0v2/G0MechanicRemixStage.test.tsx (4 tests) 13ms
 ✓ src/domain/natureTown/learning.test.ts (3 tests) 418ms
 ✓ src/domain/math/profileProgress.test.ts (67 tests) 18ms
 ✓ src/components/island/life/relationObservation.test.ts (2 tests) 890ms
   ✓ rendered explicit resident selection > looks at the actual swing user without changing either resident or the bench seat 565ms
   ✓ rendered explicit resident selection > selects another mature tree for one table user while the partner retains their original tree 322ms
 ✓ src/domain/growingIsland/syncUpdateProtection.test.ts (4 tests) 113ms
 ✓ src/components/island/three/waterSurface.test.ts (6 tests) 6151ms
   ✓ static ocean and shallow-water resources > keeps simultaneous palettes and other slots independent at floor level 0 1172ms
   ✓ static ocean and shallow-water resources > keeps simultaneous palettes and other slots independent at floor level 1 1495ms
   ✓ static ocean and shallow-water resources > keeps simultaneous palettes and other slots independent at floor level 2 1769ms
   ✓ static ocean and shallow-water resources > reuses and retires water resources without textures at floor level 0 418ms
   ✓ static ocean and shallow-water resources > reuses and retires water resources without textures at floor level 1 531ms
   ✓ static ocean and shallow-water resources > reuses and retires water resources without textures at floor level 2 765ms
 ✓ src/domain/islandLife/playTourSimulation.test.ts (7 tests) 2466ms
   ✓ authoritative GP3 time and interruption > keeps all three residents circulating during a long absence 2390ms
 ✓ src/domain/islandLife/windArch.test.ts (4 tests) 84ms
stdout | src/domain/islandLife/replaySnapshot.test.ts > persistent replay acceleration > survives cold reopen and matches full replay after 1 and 7 days, purchases and new facts
snapshot benchmark {"hours":168,"fullMs":1381.0424169999997,"restoreMs":4.9737920000002305,"snapshotBytes":7563}

 ✓ src/components/island/three/islandCameraAnchor.test.ts (4 tests) 5ms
 ✓ src/domain/islandLife/isolation.test.ts (5 tests) 36ms
 ✓ src/components/island/life/encounterVisual.test.ts (4 tests) 187ms
 ✓ src/components/island/three/sharedActivityContinuity.test.ts (12 tests) 2964ms
   ✓ shared props remain attached while the real resident poses change phase > 'flower' 'left/left' keeps actual holding paws and the prop continuous across every handoff boundary 394ms
   ✓ shared props remain attached while the real resident poses change phase > 'flower' 'left/right' keeps actual holding paws and the prop continuous across every handoff boundary 312ms
 ✓ src/domain/islandLife/waterMagic.test.ts (5 tests) 20ms
 ✓ src/domain/islandLife/tourMigration.test.ts (5 tests) 175ms
 ✓ src/components/island/IslandPhotos.test.tsx (6 tests) 99ms
 ✓ src/components/charts/SkillRadarChart.test.ts (7 tests) 13ms
 ✓ src/components/dev/g0/G0WhiteboxStage.test.tsx (6 tests) 14ms
 ✓ src/domain/islandLife/readingEncounter.test.ts (10 tests) 18ms
 ✓ src/components/island/growing/GrowingGuideBook.test.tsx (6 tests) 30ms
 ✓ src/domain/island/catalogExpansion.test.ts (3 tests) 10ms
 ✓ src/domain/island/navigation.test.ts (15 tests) 2ms
 ✓ src/components/island/life/fantasy/indexedBatch.test.ts (3 tests) 82ms
 ✓ src/domain/islandLife/soilMoisture.test.ts (4 tests) 51ms
 ✓ src/components/island/learningGuidance.test.ts (13 tests) 7ms
 ✓ src/components/island/life/liveRelations.test.ts (5 tests) 1621ms
   ✓ live rendered bench relations > tracks the actual swing occupant and separates a later visit to the same bench 571ms
   ✓ live rendered bench relations > never relabels a free observation visit as a live encounter after closing its panel 423ms
 ✓ src/components/island/growing/GrowingIslandMenu.test.tsx (5 tests) 61ms
 ✓ src/components/island/three/sharedJobActor.test.ts (3 tests) 334ms
 ✓ src/domain/islandLife/discoveryRecall.test.ts (4 tests) 7ms
stdout | src/domain/islandLife/replaySnapshot.test.ts > persistent replay acceleration > survives cold reopen and matches full replay after 1 and 7 days, purchases and new facts
snapshot benchmark {"hours":168.0000002777778,"fullMs":1961.9742500000002,"restoreMs":0.38804199999958655,"snapshotBytes":7563}

 ✓ src/domain/islandLife/placementClearance.test.ts (3 tests) 31ms
 ✓ src/components/island/life/roamingPresentation.test.ts (5 tests) 47ms
 ✓ src/domain/math/generators/division.test.ts (5 tests) 16ms
 ✓ src/domain/growingIsland/lifeMigrationClient.test.ts (8 tests) 13ms
 ✓ src/components/domain/answerCompletion.test.tsx (5 tests) 86ms
 ✓ src/domain/islandLife/extendedGatherings.test.ts (4 tests) 16ms
 ✓ src/domain/islandLife/facilities.test.ts (2 tests) 104ms
 ✓ tools/island-qualified-audit.test.mjs (12 tests) 13ms
 ✓ src/components/island/three/residentInterest.test.ts (11 tests) 13ms
 ✓ src/domain/island/landGeometry.test.ts (4 tests) 52ms
 ✓ src/components/island/life/windArch.test.ts (3 tests) 1638ms
   ✓ wind and arch rendered geometry > rotates only in normal motion and freezes the recorded mode 493ms
   ✓ wind and arch rendered geometry > lets all existing residents pass along four cardinal lines without touching any arch triangle bounds 980ms
 ✓ src/utils/tts.test.ts (6 tests) 4ms
 ✓ src/domain/test/paperTest.test.ts (4 tests) 5ms
 ✓ src/domain/english/listening.test.ts (4 tests) 3ms
 ✓ src/utils/pdfGenerator.test.ts (5 tests) 3ms
 ✓ src/domain/island/photos.test.ts (3 tests) 12ms
 ✓ src/domain/english/examples.test.ts (23 tests) 115ms
 ✓ src/components/island/growing/GrowingGuideArt.test.ts (4 tests) 37ms
 ✓ src/components/island/IslandMilestone.test.tsx (6 tests) 9ms
 ✓ src/components/domain/WrittenArithmeticGrid.test.tsx (4 tests) 18ms
 ✓ src/domain/islandLife/replaySnapshot.test.ts (2 tests) 7610ms
   ✓ persistent replay acceleration > survives cold reopen and matches full replay after 1 and 7 days, purchases and new facts 7540ms
 ✓ src/components/island/three/usualPlaceRuntime.test.ts (3 tests) 5ms
 ✓ src/components/island/three/connectedScenery.test.ts (3 tests) 2816ms
   ✓ one connected island across growth and appearance changes > replaces only terrain at unlocks, keeping the home, bridges and texture owner alive 1345ms
   ✓ one connected island across growth and appearance changes > supports all original and connecting floors once at level 1 725ms
   ✓ one connected island across growth and appearance changes > supports all original and connecting floors once at level 2 745ms
 ✓ src/components/battle/BattleSetup.test.tsx (7 tests) 64ms
 ✓ src/components/island/three/placementPreview.test.ts (3 tests) 45ms
 ✓ src/components/island/three/residentRoaming.test.ts (5 tests) 12ms
 ✓ src/components/island/life/sandbox.test.ts (4 tests) 969ms
   ✓ sandbox ordinary making > shows a mountain for one user and a castle for two (users=1) 410ms
   ✓ sandbox ordinary making > grows the current sand shape over time and replays a captured pose unchanged 317ms
 ✓ src/components/island/islandWorkshopRequest.test.ts (6 tests) 8ms
 ✓ src/domain/learning/independentProgress.test.ts (17 tests) 3ms
 ✓ src/components/explore/snapRootPresentation.test.ts (5 tests) 2ms
 ✓ src/components/island/life/picnicMotion.test.ts (4 tests) 903ms
 ✓ src/components/explore/RootPullOpeningArt.test.tsx (8 tests) 11ms
 ✓ src/domain/growingIsland/syncConcurrency.test.ts (3 tests) 72ms
 ✓ src/domain/stats/repository.test.ts (1 test) 2ms
 ✓ src/components/island/islandCustomizationRequest.test.ts (4 tests) 7ms
 ✓ src/components/island/life/canopySculptStudy.test.ts (4 tests) 1878ms
   ✓ loads three closed, connected meshes and preserves the traced foreground volume 1875ms
 ✓ src/components/island/life/readingBookPose.test.ts (3 tests) 9ms
 ✓ src/domain/islandLife/roaming.test.ts (4 tests) 11ms
 ✓ src/components/natureTown/editing.test.ts (4 tests) 22ms
 ✓ src/components/island/life/presentationClock.test.ts (5 tests) 18ms
 ✓ src/components/finish/FinishChallenge.test.tsx (6 tests) 20ms
 ✓ src/domain/explore/__tests__/generator.test.ts (2 tests) 316ms
   ✓ createExploreMap > keeps every generated node reachable across multiple seeds 314ms
 ✓ src/components/island/useIslandDiscoveries.test.ts (4 tests) 24ms
 ✓ src/domain/island/visitors.test.ts (4 tests) 9ms
 ✓ src/components/island/life/facilities.test.ts (4 tests) 1665ms
   ✓ facility entrance uses > shows one held book or tools at the entrance for pokomoko 519ms
   ✓ facility entrance uses > shows one held book or tools at the entrance for rabbit 403ms
   ✓ facility entrance uses > shows one held book or tools at the entrance for otter 372ms
   ✓ facility entrance uses > keeps the four-cell preview and only legal anchors while preserving old scenes without props 370ms
 ✓ src/components/island/life/canopyGroundStudy.test.ts (6 tests) 7ms
 ✓ src/domain/islandLife/waterChannels.test.ts (3 tests) 8ms
 ✓ src/domain/math/additionProgress.test.ts (9 tests) 18ms
 ✓ src/components/island/islandExperienceRequest.test.ts (4 tests) 10ms
 ✓ src/domain/islandLife/footstepMagic.test.ts (3 tests) 8ms
 ✓ src/domain/natureTown/repository.test.ts (5 tests) 198ms
 ✓ src/components/island/three/homePresentation.test.ts (3 tests) 65ms
 ✓ src/domain/stats/aggregation.test.ts (3 tests) 5ms
 ✓ src/domain/island/learningParty.test.ts (5 tests) 4ms
 ✓ src/domain/islandLife/waterBench.test.ts (4 tests) 60ms
 ✓ src/domain/growingIsland/flowers.test.ts (4 tests) 83ms
 ✓ src/domain/english/generator.test.ts (5 tests) 3123ms
   ✓ English catalog and choices > every word produces four unique rendered choices (kanji=false) 1519ms
   ✓ English catalog and choices > every word produces four unique rendered choices (kanji=true) 1597ms
 ✓ src/domain/park/englishPlanning.test.ts (7 tests) 470ms
 ✓ src/components/island/life/gatheringCollector.test.ts (3 tests) 246ms
 ✓ src/components/explore/FireflyFlowerEncounterArt.test.tsx (8 tests) 81ms
 ✓ src/components/ikimono/lifecycle.test.ts (5 tests) 3ms
stdout | src/domain/islandLife/creditPerformance.test.ts > reuses the persisted prefix for new learning after seven days with identical cold replay
seven-day incremental credit ms 0.22016699999949196
seven-day cold credit ms 4908.4797499999995

 ✓ src/components/island/growing/menuMiniatures.test.ts (4 tests) 159ms
 ✓ src/domain/islandLife/creditPerformance.test.ts (3 tests) 9944ms
   ✓ reuses the persisted prefix for new learning after seven days with identical cold replay 9439ms
   ✓ keeps rewards, growth, same-time credits, daily goal and later purchases equal to full replay 414ms
 ✓ src/components/island/three/growthNavigation.test.ts (2 tests) 717ms
   ✓ automatically grown places support real resident life > keeps all seven anchor objects legal and reachable through the complete chapter 682ms
 ✓ src/components/island/learningMusicGesture.test.ts (4 tests) 5ms
 ✓ src/components/island/three/residentPortraitFraming.test.ts (6 tests) 476ms
 ✓ src/components/explore/MakimodonEncounterArt.test.tsx (8 tests) 43ms
 ✓ src/domain/finishRecoveryPractice.test.ts (3 tests) 12ms
 ✓ src/domain/island/livingSettings.test.ts (4 tests) 14ms
 ✓ src/components/island/three/residentFabric.test.ts (3 tests) 3163ms
   ✓ one cloth resident in the shared island > keeps atlas UVs through body/head batching and every articulated hand/foot 2997ms
 ✓ tools/asset-policy.test.mjs (19 tests) 6ms
 ✓ src/domain/explore/__tests__/openingExperience.test.ts (5 tests) 4ms
 ✓ src/domain/islandLife/capabilities.test.ts (3 tests) 169ms
 ✓ src/domain/islandLife/terminalFacts.test.ts (1 test) 196ms
 ✓ src/components/island/IslandDirectActions.test.tsx (3 tests) 17ms
 ✓ src/domain/math/generators/fraction.test.ts (6 tests) 9ms
 ✓ tools/life-replay-version.test.ts (4 tests) 230ms
 ✓ src/domain/learning/evaluationContacts.test.ts (2 tests) 52ms
 ✓ src/domain/math/hissanEngine.test.ts (8 tests) 7ms
 ✓ src/domain/natureTown/growthJourney.test.ts (2 tests) 1038ms
   ✓ grows from the starter through real supply, retained offer, admission and increased demand 985ms
 ✓ src/components/island/life/sceneBudget.test.ts (3 tests) 1359ms
   ✓ keeps +0 placed items within the scene allocation budget 323ms
   ✓ keeps 30 placed items within the scene allocation budget 354ms
   ✓ keeps 100 placed items within the scene allocation budget 682ms
 ✓ src/components/island/life/fantasy/staticRaycast.test.ts (3 tests) 951ms
   ✓ matches every triangle hit after transforms and near/far clipping (indexed=false) 464ms
   ✓ matches every triangle hit after transforms and near/far clipping (indexed=true) 469ms
 ✓ src/components/natureTown/livingPresentation.test.ts (2 tests) 813ms
   ✓ emits actual pickup and dropoff endpoints once, while preserving food conservation 811ms
 ✓ src/components/island/islandExpansionPreview.test.ts (4 tests) 5ms
 ✓ src/components/island/visualLearningGuidance.test.ts (6 tests) 3ms
 ✓ src/components/island/life/footstepPresentation.test.ts (1 test) 275ms
 ✓ src/domain/islandLife/economyRules.test.ts (12 tests) 5ms
 ✓ src/domain/island/tutorialState.test.ts (5 tests) 2ms
 ✓ src/components/explore/ResearchBookStage.test.tsx (3 tests) 33ms
stdout | src/domain/islandLife/visitPerformance.test.ts > reuses the applied visit without replaying a day of history, with identical saved state
visit warm command + replay ms 1.369333000000097
visit cold replay ms 669.4293749999999

 ✓ src/domain/islandLife/visitPerformance.test.ts (1 test) 2174ms
   ✓ reuses the applied visit without replaying a day of history, with identical saved state 2173ms
 ✓ src/components/island/islandCustomizationPreview.test.ts (4 tests) 7ms
 ✓ src/components/island/IslandFurniturePlacement.test.tsx (3 tests) 12ms
 ✓ src/components/island/life/fantasy/gardenTime.test.ts (12 tests) 5ms
 ✓ src/components/explore/makimodonPresentation.test.ts (4 tests) 1ms
 ✓ src/domain/islandLife/groupEncounters.test.ts (3 tests) 36ms
 ✓ src/components/island/life/LifeCatalogPages.test.tsx (3 tests) 3ms
 ✓ src/components/ikimono/fuwafuwaSpeech.test.ts (6 tests) 4ms
 ✓ src/components/island/IslandAnswerFeedback.test.tsx (5 tests) 26ms
 ✓ src/domain/user/resumeProgression.test.ts (2 tests) 7ms
 ✓ src/components/island/life/lifePersistenceMessage.test.ts (4 tests) 6ms
 ✓ src/domain/islandLife/shadowMagic.test.ts (3 tests) 7ms
 ✓ src/components/Footer.test.tsx (9 tests) 52ms
 ✓ src/components/island/life/canopyMaterialStudy.test.ts (3 tests) 9ms
 ✓ src/components/island/life/stateProjection.test.ts (3 tests) 26ms
 ✓ src/components/island/life/sceneReuse.test.ts (4 tests) 12ms
 ✓ src/domain/math/writtenPlaceValue.test.ts (10 tests) 3ms
stderr | src/components/island/growing/growingLife.test.ts > picking up a friend > follows the finger and sits on the bench it is dropped on
THREE.Material: parameter 'map' has value of undefined.
THREE.Material: parameter 'map' has value of undefined.
THREE.Material: parameter 'map' has value of undefined.

 ✓ src/components/island/growing/growingLife.test.ts (3 tests) 129ms
 ✓ src/components/island/islandGrowthPreview.test.ts (3 tests) 6ms
 ✓ src/domain/park/learningContinuation.test.ts (3 tests) 61ms
 ✓ src/domain/explore/__tests__/rewardPresentation.test.ts (7 tests) 3ms
 ✓ src/components/explore/rapidTrailPresentation.test.ts (4 tests) 3ms
 ✓ src/domain/explore/__tests__/suikaQuantity.test.ts (7 tests) 5ms
 ✓ src/components/progress/FinishPreparation.test.tsx (3 tests) 8ms
 ✓ src/components/island/life/plantMagic.test.ts (2 tests) 8ms
 ✓ src/domain/natureTown/routing.test.ts (3 tests) 83ms
 ✓ src/components/island/growing/growingCopy.test.ts (5 tests) 8ms
 ✓ src/components/island/growing/growingHitTarget.test.ts (2 tests) 2ms
 ✓ src/domain/explore/__tests__/attemptIdentity.test.ts (8 tests) 4ms
 ✓ src/components/island/homeJourney/interior.test.ts (5 tests) 820ms
 ✓ src/domain/explore/__tests__/rewards.test.ts (5 tests) 2ms
 ✓ src/components/island/life/growthStatus.test.ts (4 tests) 4ms
 ✓ src/domain/explore/__tests__/g0MechanicMetrics.test.ts (2 tests) 3ms
 ✓ src/components/island/islandFurnitureTrial.test.ts (5 tests) 17ms
 ✓ src/components/island/life/fantasy/staticBatch.test.ts (2 tests) 10ms
 ✓ src/components/island/life/canopyShoreStudy.test.ts (3 tests) 13ms
 ✓ src/pwaUpdateRecovery.test.ts (3 tests) 8ms
 ✓ src/components/island/life/observationCue.test.ts (3 tests) 2ms
 ✓ src/components/ikimono/hitokoto.test.ts (5 tests) 3ms
 ✓ src/components/island/life/facilityTrips.test.ts (3 tests) 3013ms
   ✓ continuous held work and captured transport > keeps pokomoko and its prop through collection, real walking and use without changing the feet 1116ms
   ✓ continuous held work and captured transport > keeps rabbit and its prop through collection, real walking and use without changing the feet 805ms
   ✓ continuous held work and captured transport > keeps otter and its prop through collection, real walking and use without changing the feet 1075ms
 ✓ tools/island-e2e-helpers.test.mjs (5 tests) 4ms
 ✓ tools/learning-unit-report.test.mjs (2 tests) 75ms
 ✓ src/components/island/life/placementWait.test.ts (7 tests) 4ms
 ✓ src/components/island/growing/placementName.test.ts (2 tests) 6ms
 ✓ src/components/island/life/plantsWaterGeometry.test.ts (2 tests) 29ms
 ✓ src/components/ikimono/fuwafuwaAlbumCopy.test.ts (3 tests) 3ms
 ✓ tools/asset-pipeline/run_batch.test.mjs (4 tests) 1ms
 ✓ src/components/gate/ArithmeticGateAnswerField.test.tsx (2 tests) 11ms
 ✓ src/components/island/islandStarReceiptEligibility.test.ts (3 tests) 2ms
 ✓ src/components/island/three/homeWalk.test.ts (3 tests) 399ms
 ✓ src/components/explore/PokkoVisualLineage.test.tsx (5 tests) 17ms
 ✓ src/domain/growingIsland/room.test.ts (3 tests) 9ms
 ✓ src/components/island/islandDistrictView.test.ts (5 tests) 6ms
 ✓ src/domain/math/subtractionProgress.test.ts (5 tests) 4ms
 ✓ src/domain/explore/__tests__/runStructure.test.ts (3 tests) 2ms
 ✓ src/domain/islandLife/growthIntegration.test.ts (2 tests) 37ms
 ✓ src/domain/growingIsland/lifeMigration.test.ts (4 tests) 3ms
 ✓ src/domain/learning/runtimeUnitPractice.test.ts (9 tests) 8ms
 ✓ src/domain/math/numberEntry.test.ts (4 tests) 126ms
 ✓ src/components/island/IslandWelcome.test.tsx (2 tests) 14ms
 ✓ src/components/island/life/residentWalk.test.ts (6 tests) 14ms
 ✓ src/components/island/life/canopyAtmosphereStudy.test.ts (2 tests) 6ms
 ✓ src/domain/math/sequenceProgress.test.ts (5 tests) 2ms
 ✓ src/domain/learning/reviewBudget.test.ts (7 tests) 4ms
 ✓ src/domain/math/fractionInput.test.ts (3 tests) 2ms
 ✓ src/domain/explore/__tests__/encounterPhase.test.ts (7 tests) 3ms
 ✓ src/components/island/IslandRewards.test.tsx (2 tests) 11ms
 ✓ src/components/island/three/workshopGround.test.ts (1 test) 125ms
 ✓ src/domain/benchmark/coldOpenFixedTen.test.ts (2 tests) 3ms
 ✓ src/components/island/life/foodScene.test.ts (2 tests) 517ms
 ✓ src/domain/explore/__tests__/fixedTenBenchmark.test.ts (2 tests) 4ms
 ✓ src/domain/explore/__tests__/replay.test.ts (3 tests) 16ms
 ✓ src/domain/learning/reviewPolicy.test.ts (5 tests) 5ms
 ✓ src/components/island/homeJourney/delivery.test.ts (4 tests) 4ms
 ✓ src/components/island/three/expressionResidentWalk.test.ts (16 tests) 49116ms
   ✓ explicit expression trial uses the actual feet and a bounded legal walk > leaves the actual mature default bench before otter trial, reduced=false 5899ms
   ✓ explicit expression trial uses the actual feet and a bounded legal walk > leaves the actual mature default bench before rabbit trial, reduced=false 2120ms
   ✓ explicit expression trial uses the actual feet and a bounded legal walk > leaves the actual mature default bench before fox trial, reduced=false 3734ms
   ✓ explicit expression trial uses the actual feet and a bounded legal walk > leaves the actual mature default bench before otter trial, reduced=true 5859ms
   ✓ explicit expression trial uses the actual feet and a bounded legal walk > leaves the actual mature default bench before rabbit trial, reduced=true 2257ms
   ✓ explicit expression trial uses the actual feet and a bounded legal walk > leaves the actual mature default bench before fox trial, reduced=true 3290ms
   ✓ explicit expression trial uses the actual feet and a bounded legal walk > cancellation during preparing restores the same seated rig and stops pending departure 308ms
   ✓ explicit expression trial uses the actual feet and a bounded legal walk > cancellation during departing restores the same seated rig and stops pending departure 1800ms
   ✓ explicit expression trial uses the actual feet and a bounded legal walk > cancellation during walking restores the same seated rig and stops pending departure 2078ms
   ✓ explicit expression trial uses the actual feet and a bounded legal walk > otter, reduced=false: same rig lands and cancels without moving furniture 3899ms
   ✓ explicit expression trial uses the actual feet and a bounded legal walk > rabbit, reduced=false: same rig lands and cancels without moving furniture 3035ms
   ✓ explicit expression trial uses the actual feet and a bounded legal walk > fox, reduced=false: same rig lands and cancels without moving furniture 3072ms
   ✓ explicit expression trial uses the actual feet and a bounded legal walk > otter, reduced=true: same rig lands and cancels without moving furniture 5082ms
   ✓ explicit expression trial uses the actual feet and a bounded legal walk > rabbit, reduced=true: same rig lands and cancels without moving furniture 3377ms
   ✓ explicit expression trial uses the actual feet and a bounded legal walk > fox, reduced=true: same rig lands and cancels without moving furniture 3150ms
 ✓ src/hooks/useLearningSessionLease.test.ts (1 test) 9ms
 ✓ src/components/island/homeJourney/growthReveal.test.ts (4 tests) 4ms
 ✓ src/domain/math/comparisonProgress.test.ts (5 tests) 4ms
 ✓ src/components/domain/answerConfirmGuidance.test.ts (2 tests) 11ms
 ✓ src/domain/islandLife/production.test.ts (2 tests) 30ms
 ✓ src/components/ikimono/fuwafuwaMilestones.test.ts (4 tests) 1ms
 ✓ src/utils/learningDay.test.ts (5 tests) 3ms
 ✓ src/components/explore/AuthoredEncounterArt.test.tsx (6 tests) 13ms
 ✓ src/components/ui/modalFocus.test.ts (4 tests) 1ms
 ✓ src/components/dev/devStudySelection.test.ts (2 tests) 3ms
 ✓ src/components/island/life/growthCue.test.ts (3 tests) 7ms
 ✓ src/components/island/learningShow.test.ts (2 tests) 2ms
 ✓ src/domain/math/followups.test.ts (2 tests) 3ms
 ✓ src/components/island/growing/growingCamera.test.ts (1 test) 5ms
 ✓ src/components/ikimono/sceneText.test.ts (3 tests) 1ms
 ✓ src/components/domain/FractionStrips.test.tsx (1 test) 70ms
 ✓ src/pages/parents/parentAttemptLabel.test.ts (2 tests) 1ms
 ✓ src/components/island/growing/houseGuests.test.ts (1 test) 6ms
 ✓ src/components/natureTown/residentPose.test.ts (1 test) 660ms
   ✓ uses committed pickup/dropoff without replaying gestures after movement, expiry or reload 659ms
 ✓ src/domain/growingIsland/openingPreparation.test.ts (2 tests) 6ms
 ✓ src/components/island/life/runtimeAssetSlots.test.ts (2 tests) 2ms
 ✓ src/components/ui/SegmentedControl.test.tsx (1 test) 133ms
 ✓ src/components/island/homeJourney/contacts.test.ts (1 test) 3ms
 ✓ tools/build-env.test.mjs (4 tests) 3ms
 ✓ src/domain/math/writtenInput.test.ts (3 tests) 3ms
 ✓ src/domain/island/studyRoute.test.ts (16 tests) 2ms
 ✓ src/components/island/three/sharedCarryRoute.test.ts (2 tests) 4ms
 ✓ src/components/island/growing/letters.test.ts (1 test) 4ms
 ✓ src/components/ikimono/ikimonoMotion.test.ts (3 tests) 1ms
 ✓ src/components/ui/modalLayerManager.test.ts (2 tests) 1ms
 ✓ src/components/domain/PaperTestScoreModal.test.tsx (1 test) 53ms
 ✓ src/components/island/IslandExperiencePanel.test.tsx (1 test) 27ms
 ✓ src/domain/islandLife/savedHeroStyle.test.ts (2 tests) 3ms
 ✓ src/components/gate/arithmeticGate.test.ts (3 tests) 2ms
 ✓ src/components/LaunchRoute.test.tsx (4 tests) 34ms
 ✓ src/components/home/homeMagicEnergy.test.ts (2 tests) 1ms
 ✓ src/components/island/three/westScenery.test.ts (1 test) 195ms
 ✓ src/domain/island/feature.test.ts (6 tests) 4ms
 ✓ src/domain/island/expansion.test.ts (2 tests) 3ms
 ✓ src/components/explore/MakimodonResearchArt.test.tsx (2 tests) 128ms
 ✓ src/components/island/life/runtimeAssetLod.test.ts (3 tests) 1ms
 ✓ src/components/island/life/homeProps.test.ts (1 test) 8ms
 ✓ src/components/ikimono/NameModal.test.tsx (1 test) 11ms
 ✓ src/components/charts/WeeklyTrendChart.test.ts (2 tests) 3ms
 ✓ src/components/island/growing/concertReceipt.test.ts (2 tests) 1ms
 ✓ src/components/island/life/decorationGeometry.test.ts (1 test) 6ms
 ✓ src/components/explore/ExploreHud.test.tsx (1 test) 22ms
 ✓ src/pages/OnboardingNameStep.test.tsx (2 tests) 22ms
 ✓ src/components/domain/NumberFieldsLayout.test.tsx (4 tests) 10ms
 ✓ src/components/explore/RootPullDiscoveryReveal.test.tsx (1 test) 10ms
 ✓ src/components/ikimono/IkimonoArtwork.test.tsx (2 tests) 13ms
 ✓ src/components/island/islandDirectTargets.test.ts (2 tests) 3ms
 ✓ src/utils/theme.test.ts (4 tests) 8ms
 ✓ src/components/island/life/waterMagic.test.ts (1 test) 2ms
 ✓ src/pages/parents/parentReviewCopy.test.ts (1 test) 2ms
 ✓ src/components/island/IslandProsePrompt.test.tsx (3 tests) 12ms
 ✓ src/components/island/life/startupTiming.test.ts (2 tests) 2ms
 ✓ src/components/explore/PokkoBaseArt.test.tsx (1 test) 7ms
 ✓ src/domain/math/hissanTypes.test.ts (2 tests) 3ms
 ✓ src/components/ui/Button.test.tsx (2 tests) 9ms
 ✓ src/components/island/islandPlayScroll.test.ts (3 tests) 2ms
 ✓ src/components/island/life/rewardCue.test.ts (3 tests) 2ms
 ✓ src/components/island/homeJourney/scene.test.ts (3 tests) 761ms
 ✓ src/components/island/growing/useGrowingRoom.test.ts (1 test) 2ms
 ✓ src/components/explore/exploreAnswerInput.test.ts (3 tests) 4ms
 ✓ src/domain/math/deterministicGeneration.test.ts (2 tests) 46ms
 ✓ src/components/explore/DiscoveryPageArt.test.tsx (1 test) 13ms
 ✓ src/pages/Island.startup.test.ts (1 test) 2653ms
   ✓ keeps optional 3D modules behind their lazy render boundaries 2652ms
 ✓ src/pages/StatsCloseAction.test.tsx (2 tests) 13ms
stdout | src/domain/growingIsland/pacing.test.ts > pacing (spec 52 §15, starting values) > grows a village over a month without running away
┌─────────┬─────┬───────────┬───────┬──────┬───────┬──────┐
│ (index) │ day │ villagers │ level │ land │ drops │ bank │
├─────────┼─────┼───────────┼───────┼──────┼───────┼──────┤
│ 0       │ 1   │ 2         │ 1     │ 30   │ 12    │ 0    │
│ 1       │ 3   │ 4         │ 3     │ 30   │ 20    │ 0    │
│ 2       │ 7   │ 8         │ 4     │ 30   │ 104   │ 0    │
│ 3       │ 14  │ 14        │ 6     │ 45   │ 236   │ 0    │
│ 4       │ 30  │ 25        │ 7     │ 120  │ 328   │ 0    │
└─────────┴─────┴───────────┴───────┴──────┴───────┴──────┘

stdout | src/domain/growingIsland/pacing.test.ts > pacing (spec 52 §15, starting values) > keeps growing slowly for three months
┌─────────┬─────┬───────────┬───────┬──────┬───────┬──────┐
│ (index) │ day │ villagers │ level │ land │ drops │ bank │
├─────────┼─────┼───────────┼───────┼──────┼───────┼──────┤
│ 0       │ 45  │ 32        │ 8     │ 120  │ 660   │ 0    │
│ 1       │ 60  │ 39        │ 8     │ 120  │ 988   │ 0    │
│ 2       │ 90  │ 51        │ 9     │ 120  │ 1644  │ 0    │
└─────────┴─────┴───────────┴───────┴──────┴───────┴──────┘

stdout | src/domain/growingIsland/pacing.test.ts > pacing (spec 52 §15, starting values) > continues beyond the former land cap for a year (decor first: false)
┌─────────┬───────┬─────┬───────────┬───────┬──────┬───────┬──────┐
│ (index) │ decor │ day │ villagers │ level │ land │ drops │ bank │
├─────────┼───────┼─────┼───────────┼───────┼──────┼───────┼──────┤
│ 0       │ false │ 90  │ 51        │ 9     │ 120  │ 1644  │ 0    │
│ 1       │ false │ 180 │ 77        │ 10    │ 168  │ 3374  │ 0    │
│ 2       │ false │ 365 │ 116       │ 10    │ 216  │ 7314  │ 0    │
└─────────┴───────┴─────┴───────────┴───────┴──────┴───────┴──────┘

stdout | src/domain/growingIsland/pacing.test.ts > pacing (spec 52 §15, starting values) > continues beyond the former land cap for a year (decor first: true)
┌─────────┬───────┬─────┬───────────┬───────┬──────┬───────┬──────┐
│ (index) │ decor │ day │ villagers │ level │ land │ drops │ bank │
├─────────┼───────┼─────┼───────────┼───────┼──────┼───────┼──────┤
│ 0       │ true  │ 90  │ 50        │ 9     │ 312  │ 26    │ 0    │
│ 1       │ true  │ 180 │ 76        │ 10    │ 432  │ 168   │ 0    │
│ 2       │ true  │ 365 │ 115       │ 10    │ 624  │ 358   │ 0    │
└─────────┴───────┴─────┴───────────┴───────┴──────┴───────┴──────┘

stdout | src/domain/growingIsland/pacing.test.ts > pacing (spec 52 §15, starting values) > retains weekly batching throughput instead of losing all unused town hours
┌─────────┬──────────┬─────┬───────────┬───────┬──────┬───────┬──────┐
│ (index) │ habit    │ day │ villagers │ level │ land │ drops │ bank │
├─────────┼──────────┼─────┼───────────┼───────┼──────┼───────┼──────┤
│ 0       │ 'daily'  │ 84  │ 49        │ 9     │ 120  │ 1524  │ 0    │
│ 1       │ 'weekly' │ 84  │ 46        │ 9     │ 120  │ 1490  │ 0    │
└─────────┴──────────┴─────┴───────────┴───────┴──────┴───────┴──────┘

 ✓ src/domain/growingIsland/pacing.test.ts (7 tests) 40431ms
   ✓ pacing (spec 52 §15, starting values) > keeps growing slowly for three months 916ms
   ✓ pacing (spec 52 §15, starting values) > continues beyond the former land cap for a year (decor first: false) 6042ms
   ✓ pacing (spec 52 §15, starting values) > continues beyond the former land cap for a year (decor first: true) 32553ms
   ✓ pacing (spec 52 §15, starting values) > retains weekly batching throughput instead of losing all unused town hours 547ms
 ✓ src/components/island/life/identity.test.ts (2 tests) 20246ms
   ✓ reserves patchwork for Pokomoko and gives the otter natural fur 348ms
   ✓ keeps every resident mesh, fabric, transform and walking pose identical across C3 and legacy scenery 19897ms

 Test Files  531 passed (531)
      Tests  4657 passed (4657)
   Start at  09:25:58
   Duration  110.35s (transform 10.71s, setup 0ms, collect 194.45s, tests 654.40s, environment 75ms, prepare 24.72s)


> pokko-fushigi-zukan-app@0.0.0 build
> tsc -b && node tools/build-app.mjs && npm run assets:check

vite v7.3.1 building client environment for production...
transforming...
Browserslist: browsers data (caniuse-lite) is 9 months old. Please run:
  npx update-browserslist-db@latest
  Why you should do it regularly: https://github.com/browserslist/update-db#readme
✓ 3977 modules transformed.
Generated an empty chunk: "pdf".
rendering chunks...
computing gzip size...
dist/version.json                                      0.53 kB │ gzip:   0.30 kB
dist/index.html                                        3.89 kB │ gzip:   1.72 kB
dist/assets/town-prop-bench-FdKjOSai.png               9.13 kB
dist/assets/NotoSansJP-C_ziqpoc.woff2                 13.06 kB
dist/assets/town-prop-flowers-BOUxk4Bw.png            13.80 kB
dist/assets/town-rabbit-carrying-RfQ1w-aH.png         14.24 kB
dist/assets/town-rabbit-giving-CnJ9JmwQ.png           14.58 kB
dist/assets/town-rabbit-receiving-DUoJoWgV.png        14.72 kB
dist/assets/town-rabbit-idle-Bh01hjGD.png             14.90 kB
dist/assets/catalog-MsWF2Ofo.png                      18.20 kB
dist/assets/town-prop-home-B1P8AAtr.png               19.39 kB
dist/assets/town-prop-tree-Yw3JP1Jo.png               20.27 kB
dist/assets/town-otter-carrying-CNTvBDdk.png          21.45 kB
dist/assets/town-otter-giving-C4wtqVhT.png            21.71 kB
dist/assets/town-otter-receiving-hjH-v6Y1.png         21.99 kB
dist/assets/town-otter-idle-BshfulWh.png              22.12 kB
dist/assets/town-pokomoko-carrying-B6igduKw.png       25.49 kB
dist/assets/town-pokomoko-giving-BOi7RcKv.png         26.51 kB
dist/assets/town-pokomoko-idle-hYR2u8GP.png           26.67 kB
dist/assets/flower-bloom-original-Bhc8ZRS8.png        27.17 kB
dist/assets/town-pokomoko-receiving-CKZT-N1L.png      27.25 kB
dist/assets/syncProjection.worker-DQ2emBBO.js         29.48 kB
dist/assets/pokomoko-original-8wLdjUXI.png            31.15 kB
dist/assets/catalog-C9jTiRjH.png                      32.80 kB
dist/assets/dela-gothic-one-tzEOUe9y.woff2            39.87 kB
dist/assets/zen-maru-gothic-black-DnteofP1.woff2      51.44 kB
dist/assets/basis_transcoder-o4Hde_L7.js              57.53 kB
dist/assets/far-geometry-Di-gBAev.glb                 62.40 kB
dist/assets/lifeMigration.worker-lXnBjawH.js          69.57 kB
dist/assets/pokomoko-learning-poses-B-Jfr41M.webp     70.07 kB
dist/assets/far-CbQUffpN.glb                          70.37 kB
dist/assets/far-geometry-C2nCL94K.glb                 90.88 kB
dist/assets/far-geometry-DTfZ_trK.glb                127.57 kB
dist/assets/far-iUTsXLLh.glb                         130.80 kB
dist/assets/far-geometry-BV4Tmqez.glb                136.54 kB
dist/assets/far-BNsdfYHM.glb                         147.90 kB
dist/assets/lifeUpdate.worker-BEyKIBHg.js            189.06 kB
dist/assets/near-Bt9PwG61.glb                        209.47 kB
dist/assets/far-geometry-B5GXTTw0.glb                226.28 kB
dist/assets/near-3yaftuce.glb                        293.84 kB
dist/assets/near-B8znkHvM.glb                        306.04 kB
dist/assets/far-Zj6wZqfp.glb                         309.89 kB
dist/assets/far-geometry-CUf7iENq.glb                325.53 kB
dist/assets/near-CuR2H6Uc.glb                        443.91 kB
dist/assets/basis_transcoder-VXdx5NbI.wasm           527.33 kB │ gzip: 247.62 kB
dist/assets/near-CMx7NApC.glb                      1,568.14 kB
dist/assets/near-B3PvBOT3.glb                      1,642.36 kB
dist/assets/near-C_b32qsb.glb                      1,706.40 kB
dist/assets/near-l6ZZxCWq.glb                      1,759.80 kB
dist/assets/near-DoEuBhay.glb                      1,924.85 kB
dist/assets/near-7GK7mDBY.glb                      1,983.43 kB
dist/assets/IslandSharedMemories-CxXlpls3.css          1.54 kB │ gzip:   0.57 kB
dist/assets/IslandFurniture-7NZ9dhCz.css               1.57 kB │ gzip:   0.55 kB
dist/assets/LifeMemories-Cia3-2wk.css                  1.58 kB │ gzip:   0.56 kB
dist/assets/IslandDiscoveryGuide-DpYKYTkf.css          2.05 kB │ gzip:   0.75 kB
dist/assets/IslandWelcome-BJp8Sa-m.css                 2.05 kB │ gzip:   0.72 kB
dist/assets/IslandExpression-BAzaKUz5.css              2.18 kB │ gzip:   0.68 kB
dist/assets/life-observation-DvQvywiD.css              2.49 kB │ gzip:   0.83 kB
dist/assets/Stats-Dbi260P-.css                         4.39 kB │ gzip:   1.12 kB
dist/assets/IslandWorkshop-KxE1cutE.css                4.47 kB │ gzip:   1.24 kB
dist/assets/IslandStage-BctzDSoi.css                   4.83 kB │ gzip:   1.38 kB
dist/assets/IslandExperiencePanel-Cn-0xXmE.css         6.01 kB │ gzip:   1.33 kB
dist/assets/IslandPhotos-Dz-XgAxv.css                  6.54 kB │ gzip:   1.60 kB
dist/assets/GrowingIsland-DqsVmHjt.css                 6.88 kB │ gzip:   1.76 kB
dist/assets/IslandCustomization-BKdIHMdQ.css           7.08 kB │ gzip:   1.62 kB
dist/assets/NatureTown-CusrCJWB.css                   12.17 kB │ gzip:   3.48 kB
dist/assets/Explore-C0qQ-HMA.css                      13.06 kB │ gzip:   2.95 kB
dist/assets/growing-CTISOAqj.css                      15.76 kB │ gzip:   3.57 kB
dist/assets/Island-DVCPJhVi.css                       27.09 kB │ gzip:   5.16 kB
dist/assets/IslandLife-twUpqDIC.css                   61.34 kB │ gzip:   9.76 kB
dist/assets/Island-cvkB2oyq.css                      136.73 kB │ gzip:  19.28 kB
dist/assets/index-C93LoZU8.css                       286.58 kB │ gzip:  47.45 kB
dist/assets/pdf-l0sNRNKZ.js                            0.00 kB │ gzip:   0.02 kB
dist/assets/utils-B-dksMZM.js                          0.37 kB │ gzip:   0.24 kB
dist/assets/progressRepository-DP9GMAcr.js             0.65 kB │ gzip:   0.37 kB
dist/assets/useGardenTime-D3ZxUsxt.js                  0.71 kB │ gzip:   0.39 kB
dist/assets/lighting-U3a9i1i7.js                       0.79 kB │ gzip:   0.44 kB
dist/assets/homeJourney-BkBsv3V2.js                    0.95 kB │ gzip:   0.58 kB
dist/assets/random-BDr3YF07.js                         1.62 kB │ gzip:   1.03 kB
dist/assets/RoundedBoxGeometry-DCb4BlEq.js             1.72 kB │ gzip:   0.81 kB
dist/assets/room-BpO0kRPF.js                           1.75 kB │ gzip:   0.99 kB
dist/assets/IslandWelcome-BBFz_6t-.js                  2.07 kB │ gzip:   1.09 kB
dist/assets/IslandRewardGoal-DB7_DicR.js               2.14 kB │ gzip:   0.98 kB
dist/assets/LifeResidentPortrait-W78tpn-1.js           2.33 kB │ gzip:   1.28 kB
dist/assets/Learn-BidfrLYS.js                          2.42 kB │ gzip:   1.24 kB
dist/assets/IslandWorkReplay-BO_tLOy8.js               2.44 kB │ gzip:   0.93 kB
dist/assets/GrowingHouseGuide-3ZbxERRQ.js              2.68 kB │ gzip:   1.32 kB
dist/assets/footprint-QJ-NRPQP.js                      3.32 kB │ gzip:   1.69 kB
dist/assets/IslandOnboarding-D3KqI_sj.js               3.53 kB │ gzip:   1.54 kB
dist/assets/guideMemoryPictures-Cvk_NWf5.js            4.05 kB │ gzip:   2.06 kB
dist/assets/IslandDiscoveryGuide-CT20EYjy.js           4.22 kB │ gzip:   1.78 kB
dist/assets/IslandFurniture-CSuwatf8.js                4.80 kB │ gzip:   1.81 kB
dist/assets/scene-Csa9v9CH.js                          6.38 kB │ gzip:   2.98 kB
dist/assets/geometry-eggg_qBh.js                       6.67 kB │ gzip:   2.84 kB
dist/assets/IslandStage-CyNTcYS3.js                    6.69 kB │ gzip:   2.72 kB
dist/assets/IslandAlbum-BmR1y-PC.js                    8.60 kB │ gzip:   3.24 kB
dist/assets/friendRig-WAgT_-j5.js                      8.74 kB │ gzip:   3.14 kB
dist/assets/LifeObservation-CcLV7Pyf.js                9.04 kB │ gzip:   3.08 kB
dist/assets/HomeJourneyPreview-BSJPjI_n.js             9.40 kB │ gzip:   4.46 kB
dist/assets/IslandCustomization-TNMqolGL.js            9.94 kB │ gzip:   3.37 kB
dist/assets/IslandExpression-B1ve8JZJ.js               9.94 kB │ gzip:   3.29 kB
dist/assets/IslandExperiencePanel-DkXfldnA.js          9.97 kB │ gzip:   3.06 kB
dist/assets/PokomokoLearningActor-CUoTKp8K.js         10.05 kB │ gzip:   4.48 kB
dist/assets/IslandPhotos-Cv_YZHXs.js                  10.20 kB │ gzip:   3.28 kB
dist/assets/LifeMemories-D9jSWB7a.js                  10.63 kB │ gzip:   3.81 kB
dist/assets/IslandStage-aolBlVbA.js                   10.75 kB │ gzip:   4.05 kB
dist/assets/flowerGeometry-B6n1UqtZ.js                10.79 kB │ gzip:   4.49 kB
dist/assets/itemGeometry-D0S4hTbp.js                  10.83 kB │ gzip:   4.43 kB
dist/assets/IslandSharedMemories-CySIDqaB.js          12.09 kB │ gzip:   3.64 kB
dist/assets/IslandWorkshop-qm23amoV.js                12.67 kB │ gzip:   3.60 kB
dist/assets/menuMiniatures-MoCPvG9q.js                13.02 kB │ gzip:   5.27 kB
dist/assets/cottage-oKGhDWLk.js                       13.34 kB │ gzip:   5.97 kB
dist/assets/homeInteriorCamera-BwI_TboL.js            19.49 kB │ gzip:   7.29 kB
dist/assets/repository-B1DidkUk.js                    21.81 kB │ gzip:   8.33 kB
dist/assets/LifeWorld-b2p_p3e0.js                     29.27 kB │ gzip:  11.02 kB
dist/assets/icons-4XFVj3Hl.js                         30.06 kB │ gzip:  10.98 kB
dist/assets/Stats-BTBUfrYq.js                         32.25 kB │ gzip:  10.73 kB
dist/assets/GrowingWorld-DWGPjsGt.js                  32.96 kB │ gzip:  12.88 kB
dist/assets/life-observation-BASxhezI.js              33.78 kB │ gzip:  12.42 kB
dist/assets/audio-DwtSHwBT.js                         36.13 kB │ gzip:   9.75 kB
dist/assets/residentInterest-BkiIL7t3.js              40.36 kB │ gzip:  16.00 kB
dist/assets/islandFurniturePlacement-BbomqZ3E.js      42.09 kB │ gzip:  12.18 kB
dist/assets/repository-xEm6xmIE.js                    48.36 kB │ gzip:  16.56 kB
dist/assets/react-DcHpdqMy.js                         48.53 kB │ gzip:  17.24 kB
dist/assets/NatureTown-4nb3qA0a.js                    50.85 kB │ gzip:  17.86 kB
dist/assets/GrowingIsland-B9HWx3mW.js                 51.19 kB │ gzip:  17.06 kB
dist/assets/scene-CL4QJuSj.js                         52.64 kB │ gzip:  20.51 kB
dist/assets/Island-BmB0gDmH.js                        52.94 kB │ gzip:  16.32 kB
dist/assets/IslandLife-CSRknmPt.js                    63.33 kB │ gzip:  20.67 kB
dist/assets/repository-W-t8CMf4.js                    90.77 kB │ gzip:  24.94 kB
dist/assets/data-CYRvWfdS.js                          96.37 kB │ gzip:  32.45 kB
dist/assets/runtimeAssets-C1uPKBwG.js                109.99 kB │ gzip:  40.40 kB
dist/assets/motion-iLBaTeAD.js                       119.65 kB │ gzip:  39.54 kB
dist/assets/growing-C3aPDSOu.js                      185.89 kB │ gzip: 136.00 kB
dist/assets/Explore-BKYhEN1g.js                      209.48 kB │ gzip:  59.72 kB
dist/assets/Island-CGrmEcg8.js                       275.43 kB │ gzip:  88.43 kB
dist/assets/runtime-rCcFWnih.js                      333.68 kB │ gzip: 104.05 kB
dist/assets/charts-B2Phfr4C.js                       371.25 kB │ gzip: 108.31 kB
dist/assets/residentRig-CpLbN-uo.js                  627.69 kB │ gzip: 163.13 kB
dist/assets/index-DtKFgtow.js                        888.78 kB │ gzip: 252.34 kB

(!) Some chunks are larger than 500 kB after minification. Consider:
- Using dynamic import() to code-split the application
- Use build.rollupOptions.output.manualChunks to improve chunking: https://rollupjs.org/configuration-options/#output-manualchunks
- Adjust chunk size limit for this warning via build.chunkSizeWarningLimit.
✓ built in 6.92s

PWA v1.2.0
mode      generateSW
precache  185 entries (5618.39 KiB)
files generated
  dist/sw.js
  dist/workbox-486909bb.js
warnings
  One of the glob patterns doesn't match any files. Please remove or fix the following: {
  "globDirectory": "/private/var/folders/0z/bq5m0r1x4_59p55yrw1mx6fr0000gn/T/sansu-edge-candidate-eivolf/dist",
  "globPattern": "assets/pokomoko-arcade-poses-*.webp",
  "globIgnores": [
    "visual-tests/**/*",
    "fonts/NotoSansJP-Japanese.woff2",
    "sw.js",
    "workbox-*.js"
  ]
}
  One of the glob patterns doesn't match any files. Please remove or fix the following: {
  "globDirectory": "/private/var/folders/0z/bq5m0r1x4_59p55yrw1mx6fr0000gn/T/sansu-edge-candidate-eivolf/dist",
  "globPattern": "assets/pokomoko-arcade-rim-*.webp",
  "globIgnores": [
    "visual-tests/**/*",
    "fonts/NotoSansJP-Japanese.woff2",
    "sw.js",
    "workbox-*.js"
  ]
}


> pokko-fushigi-zukan-app@0.0.0 assets:check
> node tools/check-asset-budget.mjs

PASS assets:check
- PWA precache: 185 unique files, 9.11 MiB / 12.00 MiB
- Explore artwork: 27 production files, 2.97 MiB / 8.00 MiB
- Production-input contract: docs/design only; absent from public and precache
