
> pokko-fushigi-zukan-app@0.0.0 verify:core
> npm run docs:check && npm run check:current-ui-entry && npm run lint && npm run typecheck && npm run test:run && npm run build


> pokko-fushigi-zukan-app@0.0.0 docs:check
> node tools/check-docs.mjs

WARN
- docs/tasks/active/2026-07-21-cold-open-value-loop.md: Review By (2026-09-27) is in the past
- docs/tasks/active/2026-07-23-whole-app-brand-coherence.md: Review By (2026-09-27) is in the past
- docs/tasks/active/2026-09-13-mysterious-island-v3.md: Review By (2026-09-29) is in the past
- docs/tasks/active/2026-09-23-island-performance.md: Review By (2026-09-30) is in the past
PASS docs:check

> pokko-fushigi-zukan-app@0.0.0 check:current-ui-entry
> node tools/check-current-ui-entry.mjs

Current UI entry guard passed: dev opens Mystic Island; old Explore stays on a direct URL with an explicit classic smoke suite; Nature Town is isolated; runtime identity is exposed.

> pokko-fushigi-zukan-app@0.0.0 lint
> eslint .


/private/var/folders/0z/bq5m0r1x4_59p55yrw1mx6fr0000gn/T/sansu-edge-candidate-eivolf/src/components/island/IslandMilestone.tsx
  16:17  warning  Fast refresh only works when a file only exports components. Use a new file to share constants or functions between components  react-refresh/only-export-components

✖ 1 problem (0 errors, 1 warning)


> pokko-fushigi-zukan-app@0.0.0 typecheck
> tsc -b --pretty false


> pokko-fushigi-zukan-app@0.0.0 test:run
> vitest run


 RUN  v2.1.9 /private/var/folders/0z/bq5m0r1x4_59p55yrw1mx6fr0000gn/T/sansu-edge-candidate-eivolf

 ✓ src/hooks/blockGenerators.test.ts (36 tests) 45ms
 ✓ src/domain/explore/__tests__/persistenceRepository.test.ts (38 tests) 646ms
 ✓ src/components/island/three/sharedDisplayScene.test.ts (13 tests) 426ms
 ✓ src/domain/explore/__tests__/learningPlannerSegment.test.ts (15 tests) 673ms
Browserslist: browsers data (caniuse-lite) is 9 months old. Please run:
  npx update-browserslist-db@latest
  Why you should do it regularly: https://github.com/browserslist/update-db#readme
 ✓ src/domain/island/expressionRepository.test.ts (11 tests) 1058ms
   ✓ expression ownership with the existing learning and photo stores > earns ordinary stars without materializing expression, acquires separately, reloads and resumes the exact same learning plan 343ms
 ✓ src/domain/island/rewardGoalRepository.test.ts (14 tests) 1184ms
   ✓ reward goals and the real island storage boundary > earns the desired furniture through ordinary learning, preserves photographs and old memories, then resumes the same reservation 435ms
 ✓ src/domain/math/generators/counting.test.ts (51 tests) 23ms
 ✓ src/components/domain/LearningAnswerForm.defer.test.tsx (35 tests) 49ms
 ✓ src/components/island/three/sharedActivities.test.ts (23 tests) 382ms
 ✓ src/domain/explore/__tests__/reducer.test.ts (29 tests) 7ms
 ✓ src/domain/island/sharedMemories.test.ts (14 tests) 39ms
 ✓ src/components/island/three/workshopScene.test.ts (22 tests) 404ms
 ✓ src/domain/island/island.test.ts (19 tests) 2964ms
   ✓ island frozen learning sets > reserves three introductory questions, then six familiar questions, and restores the exact plan 463ms
   ✓ island frozen learning sets > keeps wrong answers on the same problem and assistance sticky without fabricating mastery 386ms
   ✓ island frozen learning sets > supports mixed vocabulary sets and accumulates independent readiness without auto progression 670ms
   ✓ island frozen learning sets > preserves fraction multi-input and stepwise written arithmetic in complete reserved plans 914ms
 ✓ src/components/island/three/residentRig.test.ts (38 tests) 3238ms
   ✓ resident local rig and furniture contact > bench supports each resident at the real surface through all rotations 516ms
   ✓ resident local rig and furniture contact > swing supports each resident at the real surface through all rotations 350ms
   ✓ resident local rig and furniture contact > mushroom supports each resident at the real surface through all rotations 337ms
   ✓ resident interest stays a removable layer on the real rig > otter keeps real feet, root, seat and shoulder joints on rotated ordinary objects 735ms
 ✓ src/domain/explore/__tests__/g0NumberVessel.test.ts (13 tests) 11ms
 ✓ src/domain/math/planner.test.ts (35 tests) 20ms
 ✓ tools/expression-audio/audio-analysis.test.mjs (53 tests) 4832ms
   ✓ insect-band classification rejects absent insects and actual wind or water even when made quiet 400ms
   ✓ raw02 loop prefix positions are missing first-pitch evidence, not proof of an overlapping loop 315ms
   ✓ one missing first-pitch sample or final required sample fails without shortening either window 622ms
   ✓ one-sample and wrong-sign native offsets fail instead of choosing a better waveform lag 445ms
   ✓ real-answer cue history can exceed 256 sources, while the finite source cap still cannot block native playback or close 733ms
 ✓ src/hooks/useStudySession.logic.test.ts (38 tests) 13ms
 ✓ src/domain/island/workshop.test.ts (14 tests) 50ms
 ✓ src/components/island/three/livingRuntime.test.ts (18 tests) 1829ms
   ✓ runtime life cancellation and actual observations > checks a landed bird face in the actual rendered frame, preserves old records and recovers once (reduced=false) 359ms
   ✓ runtime life cancellation and actual observations > checks a landed bird face in the actual rendered frame, preserves old records and recovers once (reduced=true) 306ms
 ✓ src/components/island/IslandAnswerForm.test.tsx (38 tests) 461ms
   ✓ Island problem semantic presentation > has a curated equivalent for every symbol actually emitted by the current math generators 378ms
 ✓ src/components/island/three/sharedJobController.test.ts (23 tests) 3424ms
   ✓ shared work after-render and actual object continuity > borrows the actual hand, lamp and receiver for framing without turning strict camera diagnostics into a save gate 433ms
 ✓ src/domain/logic.test.ts (26 tests) 11ms
 ✓ src/domain/algorithms/srs.test.ts (60 tests) 49ms
 ✓ src/domain/island/photosRepository.test.ts (11 tests) 1011ms
 ✓ src/domain/island/experienceRepository.test.ts (12 tests) 3173ms
   ✓ owned atomic experience persistence > rolls back a failed layout application receipt including all positions, cosmetics and optional expression state 1392ms
   ✓ saved layout application against the current earned world > keeps real later learning/growth, earned new items, spent stars and the saved next plan when restoring an old layout 1274ms
 ✓ src/domain/learning/independentProgress.integration.test.ts (18 tests) 633ms
 ✓ src/domain/island/learningObservationCommit.test.ts (28 tests) 1404ms
 ✓ src/components/island/useIslandCustomization.test.ts (27 tests) 683ms
 ✓ src/components/island/islandWorkshopQueue.test.ts (20 tests) 94ms
 ✓ src/domain/island/sharedMemoriesRepository.test.ts (9 tests) 1019ms
   ✓ shared memory persistence and learning boundaries > keeps the twelve-item shelf bounded while saving the full thirteenth result, then re-collects it without changing first time/order 377ms
 ✓ src/domain/island/learningContinuity.test.ts (13 tests) 2904ms
   ✓ island learning continuity > shares review opportunities across 6-question 'math' sets 439ms
   ✓ island learning continuity > shares review opportunities across 3-question 'mix' sets 437ms
   ✓ island learning continuity > does not disguise unselected pending checks as ordinary Due across repeated short sets 663ms
 ✓ src/domain/island/workshopLayout.test.ts (17 tests) 17ms
 ✓ src/components/island/useIslandExperience.test.ts (16 tests) 1304ms
 ✓ src/domain/island/learningKeepsakesRepository.test.ts (10 tests) 1315ms
   ✓ atomic owned learning keepsakes > earns first and five-section awards through real learning, changes only shelf+receipt, and preserves the same reservation 539ms
   ✓ atomic owned learning keepsakes > a bulk retry after more real learning cannot automatically display newly eligible keepsakes 331ms
 ✓ src/domain/island/workshopRepository.test.ts (9 tests) 1068ms
 ✓ src/domain/island/expression.test.ts (16 tests) 24ms
 ✓ src/domain/island/customizationRepository.test.ts (16 tests) 787ms
 ✓ src/domain/island/growthRepository.test.ts (11 tests) 2264ms
   ✓ owned atomic living island persistence > aborts growth, snapshot, answer, profile and completion together then saves each once on retry 1253ms
 ✓ src/components/island/useIslandSharedMemories.test.ts (13 tests) 1100ms
 ✓ src/domain/park/park.test.ts (140 tests) 389ms
 ✓ src/domain/learning/attemptPersistence.test.ts (24 tests) 667ms
 ✓ src/domain/explore/__tests__/learningSegmentPersistence.test.ts (7 tests) 276ms
 ✓ src/components/island/three/residentInteraction.test.ts (21 tests) 198ms
 ✓ src/components/island/three/growthVisuals.test.ts (21 tests) 645ms
 ✓ src/components/island/three/sharedActivityFraming.test.ts (26 tests) 17643ms
   ✓ body identity keeps the actual articulated tail > otter retains tail surfaces in every held pose without borrowing head or arm surfaces 465ms
   ✓ one side view contains the complete shared delivery > 'flower' fits all quarter-turn chair directions and phone/tablet stage shapes 1393ms
   ✓ one side view contains the complete shared delivery > 'star' fits all quarter-turn chair directions and phone/tablet stage shapes 1428ms
   ✓ one side view contains the complete shared delivery > 'bubble' fits all quarter-turn chair directions and phone/tablet stage shapes 1600ms
   ✓ one side view contains the complete shared delivery > scores actual held poses for '624 star spectator' across every phase without touching the live rigs 1168ms
   ✓ one side view contains the complete shared delivery > scores actual held poses for '484 star self-occlusion' across every phase without touching the live rigs 645ms
   ✓ one side view contains the complete shared delivery > scores actual held poses for '484 bubble self-occlusion' across every phase without touching the live rigs 1109ms
   ✓ one side view contains the complete shared delivery > keeps each subject readable in the recorded 0875 'phone star' scene 609ms
   ✓ one side view contains the complete shared delivery > keeps each subject readable in the recorded 0875 'tablet star' scene 563ms
   ✓ one side view contains the complete shared delivery > keeps each subject readable in the recorded 0875 'phone flower' scene 488ms
   ✓ one side view contains the complete shared delivery > keeps each subject readable in the recorded 0875 'tablet flower' scene 472ms
   ✓ one side view contains the complete shared delivery > keeps each subject readable in the recorded 0875 'phone bubble' scene 583ms
   ✓ one side view contains the complete shared delivery > keeps each subject readable in the recorded 0875 'tablet bubble' scene 542ms
   ✓ one side view contains the complete shared delivery > selects a legal fixed presentation for cdc5 phone without inventing readability 865ms
   ✓ one side view contains the complete shared delivery > selects a legal fixed presentation for cdc5 tablet without inventing readability 669ms
   ✓ one side view contains the complete shared delivery > selects a legal fixed presentation for cdc5 obstructed without inventing readability 1377ms
   ✓ recorded 5d7 subjects cannot borrow visibility from later poses > 'phone-flower' preserves a legal readable presentation 578ms
   ✓ recorded 5d7 subjects cannot borrow visibility from later poses > 'phone-star' preserves a legal readable presentation 312ms
   ✓ recorded 5d7 subjects cannot borrow visibility from later poses > 'phone-bubble' preserves a legal readable presentation 488ms
   ✓ recorded 5d7 subjects cannot borrow visibility from later poses > 'tablet-flower' preserves a legal readable presentation 515ms
   ✓ recorded 5d7 subjects cannot borrow visibility from later poses > 'tablet-star' preserves a legal readable presentation 323ms
   ✓ recorded 5d7 subjects cannot borrow visibility from later poses > 'tablet-bubble' preserves a legal readable presentation 487ms
   ✓ recorded 5d7 subjects cannot borrow visibility from later poses > 'tablet-fox-flower' preserves a legal readable presentation 790ms
 ✓ src/components/island/three/runtimeExpressionEnvironment.test.ts (10 tests) 9111ms
   ✓ runtime environment/flag ownership boundary > restores occlusion then seasonal materials before appearance and growth rebuild, using the same camera and rig roots 1412ms
   ✓ runtime environment/flag ownership boundary > shows the actual trim even with default identity, reports its actual visibility, and keeps old memories bare 1357ms
   ✓ runtime environment/flag ownership boundary > does not overwrite captured look/flag/environment state or the learning camera when hidden learning receives a saved scene 633ms
   ✓ runtime environment/flag ownership boundary > restores each saved free look on the same three rigs after removing raincoat 464ms
   ✓ runtime environment/flag ownership boundary > restores each saved free look on the same three rigs after removing star-beret 536ms
   ✓ runtime environment/flag ownership boundary > cancels the actual walk and clears live foot marks on learning 1266ms
   ✓ runtime environment/flag ownership boundary > cancels the actual walk and clears live foot marks on exit 1404ms
   ✓ runtime environment/flag ownership boundary > cancels the actual walk and clears live foot marks on selection-change 1212ms
   ✓ runtime environment/flag ownership boundary > does not pass a fresh walk request to the controller while the document is hidden 416ms
   ✓ runtime environment/flag ownership boundary > releases seasonal clones before the world can dispose their source materials 412ms
 ✓ src/components/island/useIslandPhotos.test.ts (15 tests) 745ms
 ✓ src/components/island/three/navigation.test.ts (19 tests) 91ms
 ✓ src/domain/island/furnitureRepository.test.ts (11 tests) 1822ms
   ✓ atomic optional furniture acquisition > earns stars through ordinary answers, acquires telescope, reloads and resumes the same learning reservation 576ms
   ✓ atomic optional furniture acquisition > earns stars through ordinary answers, acquires hammock, reloads and resumes the same learning reservation 395ms
   ✓ atomic optional furniture acquisition > earns stars through ordinary answers, acquires tea-table, reloads and resumes the same learning reservation 517ms
 ✓ src/domain/user/repository.test.ts (9 tests) 619ms
   ✓ getActiveProfile > deletes all IndexedDB rows owned by a profile and selects the next profile 610ms
 ✓ src/domain/explore/__tests__/problemAdapter.test.ts (38 tests) 44ms
 ✓ src/domain/explore/__tests__/learningPlanner.test.ts (8 tests) 428ms
 ✓ src/domain/island/learningSession.test.ts (10 tests) 1499ms
 ✓ src/domain/explore/__tests__/g0NumberSuika.test.ts (32 tests) 61ms
 ✓ src/components/island/three/sharedActivityController.test.ts (20 tests) 3483ms
   ✓ physical sharing lifecycle > flower travels from the source through two actual residents without crossing bodies 358ms
 ✓ src/domain/growingIsland/repository.test.ts (13 tests) 2937ms
   ✓ growing island persistence > keeps sixty pictures of the island's story, from the first day to today 336ms
   ✓ growing island persistence > copies a well-used current island: every item, the land, the drops and the friends 2274ms
 ✓ src/hooks/learningProgression.integration.test.ts (12 tests) 12190ms
   ✓ learning progression from real generated questions > preserves legacy next range practice evidence without auto promotion 11783ms
 ✓ src/components/island/useIslandExpression.test.ts (9 tests) 192ms
 ✓ src/domain/test/printability.test.ts (22 tests) 20ms
 ✓ src/components/explore/ExploreProblemPanel.test.tsx (16 tests) 59ms
 ✓ src/components/island/three/sharedDisplayFraming.test.ts (11 tests) 7949ms
   ✓ shared photo actual scene sightlines > clears the photographed tree at (.20, -.60), π/2 on 'phone' without hiding or relocating it 2049ms
   ✓ shared photo actual scene sightlines > clears the photographed tree at (.20, -.60), π/2 on 'tablet' without hiding or relocating it 1420ms
   ✓ shared photo actual scene sightlines > keeps every actual saved work part readable at aspect 1.1016949152542372 1063ms
   ✓ shared photo actual scene sightlines > keeps every actual saved work part readable at aspect 1.786046511627907 1229ms
   ✓ shared photo actual scene sightlines > uses transformed world geometry and caches a stable near view without repeating rays 589ms
   ✓ shared photo actual scene sightlines > responds to a real resident entering the chosen sightline and keeps that view when it clears 817ms
   ✓ shared photo actual scene sightlines > ignores invisible and fully transparent meshes, but reports an opaque enclosure as unreadable 650ms
 ✓ src/domain/island/customizationAppearanceRepository.test.ts (8 tests) 574ms
 ✓ src/domain/growingIsland/rules.test.ts (24 tests) 68ms
 ✓ src/domain/explore/__tests__/g0Whitebox.test.ts (13 tests) 7ms
 ✓ src/components/island/learningMusic.test.ts (15 tests) 1375ms
   ✓ the score and input share a chord and pulse clock > renders finite, audible, seam-free layers and bounded quiet cues at 44100 Hz 311ms
   ✓ the score and input share a chord and pulse clock > renders finite, audible, seam-free layers and bounded quiet cues at 48000 Hz 379ms
 ✓ src/domain/islandLife/discoveryJournal.test.ts (14 tests) 111ms
 ✓ src/components/island/three/sharedDisplayFrameBoundary.test.ts (5 tests) 3337ms
   ✓ shared job completion releases the display camera > uses the same job candidate for capture, clears it on learning/hidden and returns to the unchanged static display selector 676ms
   ✓ shared job completion releases the display camera > keeps pending work and clears the actual work parts only after commit and settle at 390px (commit first=false) 582ms
   ✓ shared job completion releases the display camera > keeps pending work and clears the actual work parts only after commit and settle at 390px (commit first=true) 686ms
   ✓ shared job completion releases the display camera > keeps pending work and clears the actual work parts only after commit and settle at 768px (commit first=false) 740ms
   ✓ shared job completion releases the display camera > keeps pending work and clears the actual work parts only after commit and settle at 768px (commit first=true) 651ms
 ✓ src/components/island/three/connectedTerrain.test.ts (10 tests) 25866ms
   ✓ connected terrain exterior > returns finite immutable matching rings and caches only plain coordinates 309ms
   ✓ connected terrain exterior > supports every old ellipse and candidate connector on one y=0 cap at level 1 548ms
   ✓ connected terrain exterior > supports every old ellipse and candidate connector on one y=0 cap at level 2 1193ms
   ✓ connected terrain exterior > fills only the nested external layer bands and leaves no shore through the connecting floor 962ms
   ✓ connected terrain exterior > proves band nesting at every linear breakpoint and actual surface support between the boundaries 1918ms
   ✓ connected terrain exterior > keeps world UVs, slot material identity and borrowed textures across every existing style 20463ms
 ✓ src/components/island/three/natureObservationFrame.test.ts (22 tests) 38310ms
   ✓ explicit nature observation framing > rejects qualified-03/06 saved phone cameras and a visible but subpixel frontal face (reduced=false) 2291ms
   ✓ explicit nature observation framing > rejects qualified-03/06 saved phone cameras and a visible but subpixel frontal face (reduced=true) 2769ms
   ✓ explicit nature observation framing > separates butterfly in the actual qualified-03 layout from the unchanged rabbit throughout its flight (1.0103626943005182/false) 1301ms
   ✓ explicit nature observation framing > separates butterfly in the actual qualified-03 layout from the unchanged rabbit throughout its flight (1.0103626943005182/true) 1077ms
   ✓ explicit nature observation framing > separates butterfly in the actual qualified-03 layout from the unchanged rabbit throughout its flight (1.6340425531914893/false) 1238ms
   ✓ explicit nature observation framing > separates butterfly in the actual qualified-03 layout from the unchanged rabbit throughout its flight (1.6340425531914893/true) 1501ms
   ✓ explicit nature observation framing > separates ribbon-butterfly in the actual qualified-03 layout from the unchanged rabbit throughout its flight (1.0103626943005182/false) 1077ms
   ✓ explicit nature observation framing > separates ribbon-butterfly in the actual qualified-03 layout from the unchanged rabbit throughout its flight (1.0103626943005182/true) 1103ms
   ✓ explicit nature observation framing > separates ribbon-butterfly in the actual qualified-03 layout from the unchanged rabbit throughout its flight (1.6340425531914893/false) 1200ms
   ✓ explicit nature observation framing > separates ribbon-butterfly in the actual qualified-03 layout from the unchanged rabbit throughout its flight (1.6340425531914893/true) 1199ms
   ✓ explicit nature observation framing > holds a butterfly covered in every candidate and recovers without moving its host or residents 1532ms
   ✓ explicit nature observation framing > shows the actual eyes and beak at the rotated mushroom from qualified-03/06 without moving any model (reduced=false) 5989ms
   ✓ explicit nature observation framing > shows the actual eyes and beak at the rotated mushroom from qualified-03/06 without moving any model (reduced=true) 5468ms
   ✓ explicit nature observation framing > keeps a landed or hovering bird readable at host yaw 0 in a single fixed observation camera 1017ms
   ✓ explicit nature observation framing > keeps a landed or hovering bird readable at host yaw 1.5707963267948966 in a single fixed observation camera 892ms
   ✓ explicit nature observation framing > keeps a landed or hovering bird readable at host yaw 3.141592653589793 in a single fixed observation camera 817ms
   ✓ explicit nature observation framing > keeps a landed or hovering bird readable at host yaw -2.356194490192345 in a single fixed observation camera 825ms
   ✓ explicit nature observation framing > chooses another front angle when real foreground geometry covers the face and never declares a covered face readable 7008ms
 ✓ src/components/island/three/cosmeticScenery.test.ts (19 tests) 28420ms
   ✓ owned cosmetic scenery > leaves the moon-garden legacy scene geometry and rooted tree exactly as authored 1494ms
   ✓ owned cosmetic scenery > leaves the starry legacy scene geometry and rooted tree exactly as authored 899ms
   ✓ owned cosmetic scenery > leaves the candy legacy scene geometry and rooted tree exactly as authored 1034ms
   ✓ owned cosmetic scenery > leaves the crystal legacy scene geometry and rooted tree exactly as authored 765ms
   ✓ owned cosmetic scenery > changes real canopy silhouettes and house geometry, beyond recoloring 1117ms
   ✓ owned cosmetic scenery > moon-garden preserves true ground, light anchors and growth through every accent 3506ms
   ✓ owned cosmetic scenery > starry preserves true ground, light anchors and growth through every accent 4938ms
   ✓ owned cosmetic scenery > candy preserves true ground, light anchors and growth through every accent 2750ms
   ✓ owned cosmetic scenery > crystal preserves true ground, light anchors and growth through every accent 2693ms
   ✓ owned cosmetic scenery > keeps crystal shore silhouettes clear of all land, bridge, resident and furniture footprints after expansion 627ms
   ✓ owned cosmetic scenery > disposes each owned geometry, material and texture once without touching resident materials 4939ms
   ✓ owned cosmetic scenery > fits 'moon-garden' theme at grown=false in the same home camera on phone and tablet 361ms
   ✓ owned cosmetic scenery > fits 'moon-garden' theme at grown=true in the same home camera on phone and tablet 733ms
   ✓ owned cosmetic scenery > fits 'starry' theme at grown=false in the same home camera on phone and tablet 398ms
   ✓ owned cosmetic scenery > fits 'starry' theme at grown=true in the same home camera on phone and tablet 520ms
   ✓ owned cosmetic scenery > fits 'candy' theme at grown=true in the same home camera on phone and tablet 560ms
   ✓ owned cosmetic scenery > fits 'crystal' theme at grown=true in the same home camera on phone and tablet 530ms
 ✓ src/domain/learning/evidence.test.ts (16 tests) 55ms
 ✓ src/domain/island/appearance.test.ts (12 tests) 184ms
 ✓ src/components/island/three/runtimeFurnitureClearance.test.ts (5 tests) 9960ms
   ✓ runtime trial preparation waits for actual saved-furniture clearance > keeps the recorded rabbit walking, then resolves and uses the same choice from the real endpoint 2909ms
   ✓ runtime trial preparation waits for actual saved-furniture clearance > starts newly required clearance before trial preparation on the same runtime update 750ms
   ✓ runtime trial preparation waits for actual saved-furniture clearance > discards the old waiting iterator on learning without moving the rabbit to finish 625ms
   ✓ runtime trial preparation waits for actual saved-furniture clearance > discards the old waiting iterator on exit without moving the rabbit to finish 721ms
   ✓ runtime trial preparation waits for actual saved-furniture clearance > discards the old waiting iterator on reselection without moving the rabbit to finish 4954ms
 ✓ src/domain/island/progressiveSupport.test.ts (13 tests) 594ms
 ✓ src/domain/island/experience.test.ts (19 tests) 29ms
 ✓ src/domain/island/growth.test.ts (11 tests) 74ms
 ✓ src/components/island/three/treeCanopyGeometry.test.ts (10 tests) 729ms
 ✓ src/domain/math/numberSenseProgress.test.ts (32 tests) 10ms
 ✓ src/components/island/IslandLearningKeepsakes.test.tsx (15 tests) 128ms
 ✓ src/components/island/useIslandLearningKeepsakes.test.ts (11 tests) 234ms
 ✓ src/components/island/three/appearanceRendering.test.ts (11 tests) 14368ms
   ✓ independently equipped actual island surfaces > maps the biscuit surface onto unchanged level land and retires its shared texture once 1369ms
   ✓ independently equipped actual island surfaces > starry changes each actual slot while retaining every other slot and rooted identity 1918ms
   ✓ independently equipped actual island surfaces > candy changes each actual slot while retaining every other slot and rooted identity 1975ms
   ✓ independently equipped actual island surfaces > crystal changes each actual slot while retaining every other slot and rooted identity 1825ms
   ✓ independently equipped actual island surfaces > resolves the same explicit mix independently of legacy theme history, including accents 1224ms
   ✓ independently equipped actual island surfaces > keeps actual level ground and both bridge decks through three full looks and old restoration 2814ms
   ✓ independently equipped actual island surfaces > only retires changed-slot resources and disposes each visible owned resource once 628ms
   ✓ independently equipped actual island surfaces > distinguishes hidden expanded bridge meshes from currently visible geometry 577ms
   ✓ independently equipped actual island surfaces > starry fits its actual distant silhouettes in the chosen overview at each land stage 731ms
   ✓ independently equipped actual island surfaces > candy fits its actual distant silhouettes in the chosen overview at each land stage 697ms
   ✓ independently equipped actual island surfaces > crystal fits its actual distant silhouettes in the chosen overview at each land stage 609ms
 ✓ src/components/island/three/roofSurface.test.ts (6 tests) 1779ms
   ✓ default roof material prototype > delivers the mapped face and all four seams through the actual scenery builder without leaking into other styles 1105ms
   ✓ default roof material prototype > restores an actual placement clone before retiring the roof pool on an explicit-style switch 362ms
 ✓ src/components/island/three/grassSurface.test.ts (9 tests) 875ms
   ✓ default mint lawn bump surface > keeps the visible cap texture and retires it once on purchase, restore and exit 619ms
 ✓ src/components/island/islandWorkshopAudio.test.ts (12 tests) 119ms
 ✓ src/domain/learningRepository.test.ts (15 tests) 14ms
 ✓ src/domain/island/rewardGoal.test.ts (13 tests) 24ms
 ✓ src/pwa.test.ts (21 tests) 92ms
 ✓ src/components/island/three/personalScenery.test.ts (11 tests) 1700ms
   ✓ house-mounted personal identity > moon-garden leaves the actual nameplate and roof flag visible from the home camera direction 486ms
   ✓ house-mounted personal identity > starry leaves the actual nameplate and roof flag visible from the home camera direction 364ms
   ✓ house-mounted personal identity > candy leaves the actual nameplate and roof flag visible from the home camera direction 407ms
   ✓ house-mounted personal identity > crystal leaves the actual nameplate and roof flag visible from the home camera direction 375ms
 ✓ src/domain/math/writtenArithmetic.test.ts (38 tests) 122ms
 ✓ src/domain/islandLife/relationObservation.test.ts (13 tests) 128ms
 ✓ tools/island-expression-audio-focused-audit.test.mjs (12 tests) 28ms
 ✓ src/domain/islandLife/repository.test.ts (10 tests) 1868ms
   ✓ independent life persistence > never awards a diagnostic time jump twice and recovers from backward clock 779ms
   ✓ independent life persistence > persists channel receipts and reroutes water after storing and replacing a segment 557ms
 ✓ src/components/island/life/useIslandLife.test.ts (15 tests) 881ms
 ✓ src/components/island/three/optionalFurnitureController.test.ts (37 tests) 9954ms
   ✓ optional tools use the actual bodies and bounded furniture > telescope uses selected otter with visible actual contacts 343ms
   ✓ optional tools use the actual bodies and bounded furniture > tea-table uses selected otter with visible actual contacts 453ms
   ✓ optional tools use the actual bodies and bounded furniture > tea-table uses selected rabbit with visible actual contacts 530ms
   ✓ optional tools use the actual bodies and bounded furniture > tea-table uses selected fox with visible actual contacts 457ms
   ✓ optional tools use the actual bodies and bounded furniture > tea-table keeps contact and real framing at rotation 1.5707963267948966 in both motion modes 450ms
   ✓ optional tools use the actual bodies and bounded furniture > tea-table keeps contact and real framing at rotation 4.71238898038469 in both motion modes 408ms
   ✓ optional tools use the actual bodies and bounded furniture > tea passes one real cup from otter to rabbit with both hands touching 403ms
   ✓ optional tools use the actual bodies and bounded furniture > tea passes one real cup from otter to fox with both hands touching 369ms
   ✓ optional tools use the actual bodies and bounded furniture > tea passes one real cup from rabbit to otter with both hands touching 379ms
   ✓ optional tools use the actual bodies and bounded furniture > tea passes one real cup from rabbit to fox with both hands touching 390ms
   ✓ optional tools use the actual bodies and bounded furniture > tea passes one real cup from fox to otter with both hands touching 436ms
   ✓ optional tools use the actual bodies and bounded furniture > tea passes one real cup from fox to rabbit with both hands touching 382ms
   ✓ optional tools use the actual bodies and bounded furniture > routes the actual fox tail around an independent obstacle and the stationary residents 659ms
 ✓ src/components/island/three/natureVisuals.test.ts (8 tests) 208ms
 ✓ src/components/island/three/flagFraming.test.ts (7 tests) 5859ms
   ✓ inspection of the actual island flag > keeps identity and trim in front of actual mature house shapes for legacy and independent styles 5815ms
 ✓ src/domain/user/onboarding.test.ts (20 tests) 1720ms
 ✓ src/components/island/three/workshopPresentation.test.ts (14 tests) 1050ms
 ✓ src/domain/island/learningKeepsakes.test.ts (32 tests) 9ms
 ✓ src/components/island/three/furnitureClearanceController.test.ts (9 tests) 1208ms
   ✓ saved furniture clearance runs physical moves in sequence > contains the whole current bodies and every future route before the second resident starts 551ms
 ✓ src/components/challenge/useChallengeSession.test.tsx (9 tests) 453ms
 ✓ src/domain/island/learningObservation.test.ts (19 tests) 16ms
 ✓ src/domain/island/sceneStyle.test.ts (6 tests) 13ms
 ✓ src/components/island/life/runtimeAssets.test.ts (11 tests) 299ms
 ✓ src/components/island/useIslandRewardGoal.test.ts (11 tests) 255ms
 ✓ src/domain/explore/__tests__/g0ChainShot.test.ts (12 tests) 10ms
 ✓ src/domain/learning/unitPlanning.integration.test.ts (14 tests) 440ms
 ✓ src/components/island/three/sharedJobFraming.test.ts (6 tests) 30321ms
   ✓ actual shared job sightlines > replaces the recorded back view with both actual paws and the same held object at aspect 1.3066202090592334 9319ms
   ✓ actual shared job sightlines > replaces the recorded back view with both actual paws and the same held object at aspect 1.786046511627907 6301ms
   ✓ actual shared job sightlines > improves the lamp view and exposes actual receiver triangles without hiding residual occlusion at aspect 1.3066202090592334 5839ms
   ✓ actual shared job sightlines > improves the lamp view and exposes actual receiver triangles without hiding residual occlusion at aspect 1.786046511627907 5210ms
   ✓ actual shared job sightlines > retains its selected contact angle through moving bounds without full searches or GPU allocations 1821ms
   ✓ actual shared job sightlines > keeps an unreadable view honest and caps reselection during continuous occlusion 1831ms
 ✓ src/components/island/three/residentTail.test.ts (4 tests) 1142ms
   ✓ the same actual tail has a reversible sitting joint > otter: original standing shape, clear backboards and standing borrowed pose 317ms
   ✓ the same actual tail has a reversible sitting joint > keeps the recorded star handoff visible past the real fox tail in every shared phase 714ms
 ✓ src/domain/islandLife/relationSelection.test.ts (11 tests) 159ms
 ✓ src/components/island/useIslandFurniture.test.ts (10 tests) 196ms
 ✓ src/components/island/three/runtimePhotography.test.ts (13 tests) 4442ms
   ✓ current-scene photography boundary > renders before encoding without resetting the current actor or camera 441ms
   ✓ current-scene photography boundary > photographs a real house keepsake in the existing island scene at 390×354 410ms
   ✓ current-scene photography boundary > photographs a real house keepsake in the existing island scene at 768×430 317ms
   ✓ current-scene photography boundary > cannot render or encode a hidden scene 341ms
   ✓ current-scene photography boundary > cannot render or encode a offscreen scene 331ms
   ✓ current-scene photography boundary > cannot render or encode a learning scene 350ms
   ✓ current-scene photography boundary > tracks the actual otter and cap before capture without changing its pose 427ms
   ✓ current-scene photography boundary > tracks the actual rabbit and cap before capture without changing its pose 306ms
   ✓ current-scene photography boundary > tracks the actual fox and cap before capture without changing its pose 332ms
   ✓ display photo uses the actual scene before encoding > checks live tree occlusion before a 390×354 capture 396ms
 ✓ src/components/island/life/IslandLife.startup.test.tsx (4 tests) 58ms
 ✓ src/components/island/three/sharedActivityVisuals.test.ts (12 tests) 101ms
 ✓ src/domain/challenge/repository.test.ts (14 tests) 879ms
 ✓ src/components/island/islandAmbienceAudio.test.ts (11 tests) 90ms
 ✓ src/components/island/useIslandMilestoneNotice.test.ts (15 tests) 11ms
 ✓ src/domain/growingIsland/guidance.repository.test.ts (7 tests) 98ms
 ✓ src/domain/park/writtenArithmeticIntegration.test.ts (25 tests) 149ms
 ✓ src/domain/growingIsland/guidance.test.ts (11 tests) 21ms
 ✓ src/components/island/three/learningKeepsakeScenery.test.ts (5 tests) 474ms
   ✓ a finite room for actual learning keepsakes > physically supports thirteen separate trophies and wall-mounts three papers within a bounded static room 348ms
 ✓ src/domain/explore/__tests__/learningSegment.test.ts (20 tests) 8ms
 ✓ src/components/island/three/optionalFurnitureFraming.test.ts (6 tests) 4951ms
   ✓ optional tool close views keep the physical cause visible > keeps the same tea cup and tabletop visible through quaternion-restored handoff at 1.3202856387199153 427ms
   ✓ optional tool close views keep the physical cause visible > frames the real hammock cloth past the house roof at 1.3220338983050848 1753ms
   ✓ optional tool close views keep the physical cause visible > frames the real hammock cloth past the house roof at 2.0210526315789474 1700ms
   ✓ optional tool close views keep the physical cause visible > keeps the same front-facing selection through a walk and restores every actual pose after camera inspection 820ms
 ✓ src/domain/finishTestRepository.test.ts (8 tests) 1849ms
   ✓ atomic finish test repository > resumes same reservation and persisted first responses without retrying mistakes 433ms
   ✓ atomic finish test repository > records real Lv0 readiness for new and legacy missing-state profiles (legacy=true) 375ms
 ✓ src/domain/levelProgression.test.ts (10 tests) 571ms
   ✓ evidence required for level progression > retains math readiness evidence without automatic promotion and respects manual downgrade 421ms
 ✓ src/components/island/three/optionalFurnitureRuntime.test.ts (8 tests) 1321ms
 ✓ src/domain/explore/__tests__/wagerRun.test.ts (19 tests) 8ms
 ✓ src/domain/learning/pilotRepository.test.ts (7 tests) 277ms
 ✓ src/domain/islandLife/facilityTrips.test.ts (10 tests) 126ms
 ✓ src/components/island/three/optionalFurnitureTrial.test.ts (8 tests) 54470ms
   ✓ borrowed tools choose an actually usable legal trial location > rechecks the chosen resident using the same borrowed model and retains a usable position on reselection 854ms
   ✓ borrowed tools choose an actually usable legal trial location > uses the new connecting floor for the formerly blocked furniture-03 hammock without moving saved furniture 2144ms
   ✓ borrowed tools choose an actually usable legal trial location > keeps the furniture-02 narrow passage blocked for the actual body, then accepts only a child-requested usable preview 9102ms
   ✓ borrowed tools choose an actually usable legal trial location > drops an old explicit search on movement, lifecycle pause and foreground resume 398ms
   ✓ borrowed tools choose an actually usable legal trial location > telescope preflights every selected resident then retains the same real model through sequential trials 13180ms
   ✓ borrowed tools choose an actually usable legal trial location > hammock preflights every selected resident then retains the same real model through sequential trials 5903ms
   ✓ borrowed tools choose an actually usable legal trial location > tea-table preflights every selected resident then retains the same real model through sequential trials 22740ms
 ✓ src/domain/math/studyPresentation.test.ts (15 tests) 17ms
 ✓ src/components/island/three/sceneFraming.test.ts (15 tests) 3313ms
   ✓ frozen learning frame after free play > contains earned shores in matching album cameras and the home view at 390×190, chapter 1 311ms
   ✓ frozen learning frame after free play > contains earned shores in matching album cameras and the home view at 390×190, chapter 2 394ms
   ✓ frozen learning frame after free play > contains earned shores in matching album cameras and the home view at 390×190, chapter undefined 409ms
   ✓ frozen learning frame after free play > contains earned shores in matching album cameras and the home view at 768×400, chapter 2 553ms
   ✓ frozen learning frame after free play > contains earned shores in matching album cameras and the home view at 768×400, chapter undefined 363ms
 ✓ src/components/island/three/residentOutfit.test.ts (13 tests) 949ms
   ✓ optional attached resident outfits > otter preserves every original mesh, body proportion, fixed scarf and hand/seat/foot anchor through all appearances 330ms
 ✓ src/domain/island/furniture.test.ts (11 tests) 20ms
 ✓ src/components/island/three/furniture.test.ts (17 tests) 233ms
 ✓ src/domain/explore/__tests__/observation.test.ts (11 tests) 5ms
 ✓ src/hooks/blockGenerators.progression.test.ts (13 tests) 46ms
 ✓ src/components/island/three/cameraPanFraming.test.ts (12 tests) 1134ms
   ✓ real normal-island runtime framing > keeps the new central floor in the actual pan regions and reachable at 390×380 365ms
 ✓ src/components/island/IslandLearningSupport.test.tsx (18 tests) 71ms
 ✓ tools/current-ui-entry-guard.test.mjs (18 tests) 6ms
 ✓ src/components/island/three/workshopResidentFraming.test.ts (8 tests) 667ms
 ✓ src/domain/natureTown/acceptanceGrowthRandom.test.ts (6 tests) 1052ms
   ✓ NT-3 growth and random boundaries (diagnostic fixtures) > RNG-05/07 evaluates once per interval despite repainting, failures, weather and full visitor slots 445ms
   ✓ NT-3 growth and random boundaries (diagnostic fixtures) > RNG-08 keeps world outcomes identical with different earned learning rights 509ms
 ✓ src/components/island/IslandCustomization.test.tsx (9 tests) 49ms
 ✓ src/components/island/three/terrainProfile.test.ts (9 tests) 1099ms
   ✓ shore garden terrain keeps saved physical land > keeps western physical bridge/props identical while its terrain is not an eastern mirror 367ms
 ✓ src/domain/natureTown/simulation.test.ts (14 tests) 4163ms
   ✓ Nature Town deterministic simulation > SIM-06/07/11 conserves all food for 20 active minutes and deterministic save continuation 3422ms
   ✓ Nature Town deterministic simulation > SIM-10 protects carried food when destination is moved 404ms
 ✓ src/domain/growingIsland/friends.test.ts (10 tests) 79ms
 ✓ src/components/island/three/islandCameraControls.test.ts (11 tests) 6ms
 ✓ src/components/explore/DiscoveryReveal.test.ts (7 tests) 31ms
 ✓ src/components/island/three/furnitureClearance.test.ts (9 tests) 574ms
   ✓ saved furniture gives standing residents room to step aside > is deterministic and leaves an enclosed resident blocked without moving its saved furniture 532ms
 ✓ src/domain/natureTown/acceptanceSimulation.test.ts (6 tests) 328ms
 ✓ src/domain/islandLife/activities.test.ts (7 tests) 396ms
 ✓ src/domain/island/subjectSelection.test.ts (10 tests) 27ms
 ✓ tools/island-expression-visual-matrix-audit.test.mjs (7 tests) 24ms
 ✓ src/domain/islandLife/foodLoop.test.ts (10 tests) 17ms
 ✓ src/components/island/three/westNavigation.test.ts (10 tests) 135ms
 ✓ src/domain/english/planner.test.ts (14 tests) 16ms
 ✓ src/domain/islandLife/residency.test.ts (7 tests) 555ms
   ✓ renders an otter-first island with the correct rig and hidden uninvited rabbit 369ms
 ✓ src/domain/island/subjectPreference.test.ts (5 tests) 704ms
 ✓ src/domain/explore/__tests__/runCheckpoint.test.ts (7 tests) 9ms
 ✓ src/components/island/useIslandLearningObservation.test.ts (10 tests) 7ms
 ✓ src/domain/growingIsland/balance.test.ts (8 tests) 39ms
 ✓ tools/island-reward-goal-audit.test.mjs (9 tests) 21ms
 ✓ src/domain/learning/mathCatalog.test.ts (6 tests) 34ms
 ✓ src/domain/math/foundations.test.ts (14 tests) 103ms
stdout | src/domain/islandLife/commandPerformance.test.ts > reuses a storage command after a day of history and persists the cold-replay state
store warm command + replay ms 4.924540999999863
store cold replay ms 649.9840419999998

 ✓ src/domain/islandLife/simulation.test.ts (11 tests) 499ms
 ✓ src/pages/Explore.test.ts (9 tests) 5ms
 ✓ src/pwaUpdateUtils.test.ts (43 tests) 8ms
 ✓ src/domain/test/trigger.test.ts (8 tests) 5ms
 ✓ src/domain/islandLife/commandPerformance.test.ts (20 tests) 1979ms
   ✓ reuses a storage command after a day of history and persists the cold-replay state 1528ms
 ✓ src/components/island/three/sharedActivityOcclusion.test.ts (9 tests) 12ms
 ✓ src/components/island/three/worldPalette.test.ts (4 tests) 113ms
 ✓ src/components/island/learningActor/motion.test.ts (6 tests) 339ms
 ✓ src/domain/island/experienceAppearance.test.ts (5 tests) 19ms
 ✓ src/domain/battle/engine.test.ts (11 tests) 47ms
 ✓ src/domain/math/contentIntegrity.test.ts (21 tests) 313ms
 ✓ src/domain/finishTest.test.ts (15 tests) 49ms
 ✓ src/components/island/IslandAlbum.test.tsx (4 tests) 42ms
stderr | src/components/island/growing/seedHitPriority.test.ts > unbuilt seed touch target priority > attaches only to unbuilt plots and leaves the scene on rebuild or cancel
THREE.Material: parameter 'map' has value of undefined.
THREE.Material: parameter 'map' has value of undefined.
THREE.Material: parameter 'map' has value of undefined.

 ✓ src/components/island/growing/seedHitPriority.test.ts (2 tests) 5851ms
   ✓ unbuilt seed touch target priority > measures visible neighbors over dense layouts at phone widths and camera angles 5760ms
 ✓ src/components/island/three/expressionEnvironment.test.ts (7 tests) 15718ms
   ✓ reversible expression environment on the existing world > moon-garden preserves geometry, growth, ground hits and all original material references through every period/season 3151ms
   ✓ reversible expression environment on the existing world > starry preserves geometry, growth, ground hits and all original material references through every period/season 3253ms
   ✓ reversible expression environment on the existing world > candy preserves geometry, growth, ground hits and all original material references through every period/season 4199ms
   ✓ reversible expression environment on the existing world > crystal preserves geometry, growth, ground hits and all original material references through every period/season 3480ms
   ✓ reversible expression environment on the existing world > reuses same-selection resources, disposes retired clones once, and restores the newest theme after growth/material regeneration 1628ms
 ✓ src/domain/test/paperTestRepository.test.ts (6 tests) 400ms
 ✓ src/components/island/islandAlbumPresentation.test.tsx (4 tests) 53ms
 ✓ src/components/island/three/homeInteriorCamera.test.ts (16 tests) 49170ms
   ✓ a perspective camera inside the same closed house > places the real room floor above the unchanged exterior foundation at aspect 1.3220338983050848 656ms
   ✓ a perspective camera inside the same closed house > places the real room floor above the unchanged exterior foundation at aspect 2.0210526315789474 691ms
   ✓ a perspective camera inside the same closed house > encloses the viewport, shows living objects and all sixteen awards at 390×295, actual cottage=false 14106ms
   ✓ a perspective camera inside the same closed house > encloses the viewport, shows living objects and all sixteen awards at 768×380, actual cottage=false 10065ms
   ✓ a perspective camera inside the same closed house > encloses the viewport, shows living objects and all sixteen awards at 390×295, actual cottage=true 8694ms
   ✓ a perspective camera inside the same closed house > encloses the viewport, shows living objects and all sixteen awards at 768×380, actual cottage=true 12801ms
   ✓ a perspective camera inside the same closed house > keeps the whole walking resident on screen at the portrait edges and restores the close view 1596ms
 ✓ src/components/island/three/geometry.test.ts (8 tests) 2670ms
   ✓ island sculpted geometry > keeps the static scenery and tree within a bounded mesh and triangle budget 2497ms
 ✓ src/components/island/life/facilityRelations.test.ts (6 tests) 2102ms
   ✓ presented facility relations > stands back for care beside an ordinary flower visitor while old snapshots retain the sniff distance 1017ms
   ✓ presented facility relations > library needs the real carrier and visible prop, source, destination and face 348ms
   ✓ presented facility relations > garden-hut needs the real carrier and visible prop, source, destination and face 427ms
 ✓ src/components/island/life/encounterObservation.test.ts (5 tests) 2224ms
   ✓ requires actual ordinary presentation and explicit input, and coalesces repeated input 612ms
   ✓ ignores an asynchronously prepared scene after cancellation 417ms
   ✓ preserves the gesture across a same-layout mesh rebuild without counting the GPU gap as visible time 745ms
 ✓ src/components/island/life/residentShadow.test.ts (6 tests) 836ms
   ✓ pokomoko: only the copied shadow waves, and normal shape and cast flags return 396ms
 ✓ src/domain/finishRecovery.test.ts (6 tests) 13ms
 ✓ src/components/island/life/worldShadowPresentation.test.ts (4 tests) 552ms
   ✓ predicts a tiny shadow needs the close view without recording or leaving its preview gesture behind 354ms
 ✓ src/domain/finishCoverage.test.ts (6 tests) 85ms
 ✓ src/components/island/islandPhotoCapture.test.ts (11 tests) 16ms
 ✓ src/components/island/IslandExpression.test.tsx (5 tests) 69ms
 ✓ src/components/island/life/residentMotion.test.ts (5 tests) 1154ms
   ✓ rendered activity geometry > uses the legacy distance-based stride without the new sideways sway 378ms
 ✓ src/components/explore/ExplorePathChoice.test.tsx (5 tests) 46ms
 ✓ src/components/island/tutorial/useIslandTutorial.test.ts (6 tests) 5ms
 ✓ src/domain/islandLife/economyMigration.test.ts (7 tests) 294ms
 ✓ src/components/island/IslandRewardGoal.test.tsx (7 tests) 76ms
 ✓ src/domain/explore/__tests__/discoveryPage.test.ts (9 tests) 6ms
 ✓ src/components/explore/rootPullPresentation.test.ts (10 tests) 8ms
 ✓ src/domain/learning/unitPractice.test.ts (7 tests) 19ms
 ✓ src/domain/islandLife/diagonalMigration.test.ts (4 tests) 282ms
 ✓ src/domain/islandLife/landRules.test.ts (6 tests) 268ms
 ✓ src/domain/math/generators/advanced.test.ts (10 tests) 20ms
 ✓ src/components/island/IslandGrowth.test.tsx (6 tests) 35ms
 ✓ src/domain/islandLife/economyRepository.test.ts (5 tests) 735ms
 ✓ src/components/island/growing/useGrowingIsland.test.ts (3 tests) 166ms
 ✓ src/components/island/IslandHomeActions.test.tsx (6 tests) 164ms
 ✓ src/domain/islandLife/placementUndo.test.ts (6 tests) 151ms
 ✓ src/domain/challenge/engine.test.ts (17 tests) 4344ms
   ✓ challenge source v1 > covers all 45 ordered pairs, balances each block, exhausts bags, and avoids repeated/reversed neighbors 4331ms
 ✓ src/domain/islandLife/playTours.test.ts (9 tests) 23ms
 ✓ src/domain/island/pacing.test.ts (5 tests) 30ms
 ✓ src/components/island/three/placementOcclusion.test.ts (8 tests) 883ms
 ✓ src/components/island/three/appearanceFraming.test.ts (6 tests) 11111ms
   ✓ appearance viewing uses fixed real-target cameras > keeps the entire central tree in frame with the same matrix for every style and maturity at aspect 1.1016949152542372 4843ms
   ✓ appearance viewing uses fixed real-target cameras > keeps the entire central tree in frame with the same matrix for every style and maturity at aspect 1.786046511627907 4369ms
   ✓ appearance viewing uses fixed real-target cameras > wall, roof and window use one fixed house view without hiding a resident, furniture or display 1863ms
 ✓ src/components/island/three/expressionFootTrails.test.ts (3 tests) 318ms
 ✓ src/domain/islandLife/placementMigration.test.ts (4 tests) 143ms
 ✓ src/components/island/three/homeViewFraming.test.ts (16 tests) 9714ms
   ✓ layout-owned close phone home > enlarges nearby life while retaining both residents and the house, without entering manual camera mode 829ms
   ✓ layout-owned close phone home > keeps the first deliberate zoom continuous relative to the closer base frame 653ms
   ✓ layout-owned close phone home > leaves the existing 768x900 framing unchanged 627ms
   ✓ layout-owned close phone home > leaves the existing 1024x600 framing unchanged 809ms
   ✓ layout-owned close phone home > leaves the existing 390x330 framing unchanged 661ms
   ✓ layout-owned close phone home > does not alter the dedicated or overview frame: {"districtFocus":"all"} 942ms
   ✓ layout-owned close phone home > does not alter the dedicated or overview frame: {"districtFocus":"east"} 728ms
   ✓ layout-owned close phone home > does not alter the dedicated or overview frame: {"districtFocus":"west"} 520ms
   ✓ layout-owned close phone home > does not alter the dedicated or overview frame: {"photographing":true} 555ms
   ✓ layout-owned close phone home > does not alter the dedicated or overview frame: {"readOnly":true} 548ms
   ✓ layout-owned close phone home > does not alter the dedicated or overview frame: {"readOnly":true,"comparisonHabitat":"garden"} 577ms
   ✓ layout-owned close phone home > does not alter the dedicated or overview frame: {"learning":true} 453ms
   ✓ layout-owned close phone home > does not alter the dedicated or overview frame: {"preview":{"id":"move","kind":"flower","position":{"x":0,"z":1},"rotation":0}} 642ms
   ✓ layout-owned close phone home > does not alter the dedicated or overview frame: {"playRequest":{"id":"replay","itemId":"flower"}} 349ms
   ✓ layout-owned close phone home > returns from the whole-island view to the same close home frame 371ms
   ✓ layout-owned close phone home > lets an automatic shared activity keep its authored camera with manual mode still off 449ms
 ✓ src/domain/islandLife/cadence.test.ts (8 tests) 261ms
 ✓ src/components/explore/PaintedEncounterLineage.test.tsx (5 tests) 60ms
 ✓ src/components/island/life/readingObservation.test.ts (5 tests) 1410ms
   ✓ requires ordinary R5 presentation and both visible book orientations 329ms
   ✓ cancels when the real reader leaves or its layout changes 358ms
 ✓ src/components/island/three/expressionResidentVisuals.test.ts (12 tests) 3168ms
   ✓ expressions stay attached to the original residents > telescope preserves otter real contacts in raincoat and beret 382ms
   ✓ expressions stay attached to the original residents > telescope preserves fox real contacts in raincoat and beret 339ms
   ✓ expressions stay attached to the original residents > tea-table preserves otter real contacts in raincoat and beret 442ms
   ✓ expressions stay attached to the original residents > tea-table preserves rabbit real contacts in raincoat and beret 422ms
   ✓ expressions stay attached to the original residents > tea-table preserves fox real contacts in raincoat and beret 392ms
 ✓ src/domain/explore/__tests__/encounters.test.ts (7 tests) 3ms
 ✓ src/domain/explore/__tests__/rapidLoop.test.ts (6 tests) 35ms
 ✓ src/domain/explore/__tests__/rapidLoopEligibility.test.ts (27 tests) 7ms
 ✓ src/components/island/IslandExpressionFlag.test.tsx (2 tests) 15ms
 ✓ src/components/domain/PrintableTestPreview.test.tsx (6 tests) 59ms
 ✓ src/domain/islandLife/decorations.test.ts (4 tests) 137ms
 ✓ src/domain/islandLife/heroVisit.test.ts (5 tests) 161ms
 ✓ src/components/island/islandDiscoveryGuide.test.ts (8 tests) 23ms
 ✓ src/domain/island/learningPartyRepository.test.ts (3 tests) 389ms
 ✓ src/domain/learning/context.test.ts (6 tests) 41ms
 ✓ src/domain/islandLife/plantsWater.test.ts (5 tests) 155ms
 ✓ src/components/island/life/relationGaze.test.ts (9 tests) 2234ms
   ✓ same-seat R1/R3 gaze > turns pokomoko toward a young plant without moving its seat contact 375ms
   ✓ same-seat R1/R3 gaze > turns rabbit toward a young plant without moving its seat contact 315ms
   ✓ same-seat R1/R3 gaze > turns otter toward a young plant without moving its seat contact 344ms
   ✓ same-seat R1/R3 gaze > looks at the actual swing occupant after arrival and at the toy while it is empty 308ms
 ✓ src/domain/islandLife/walkingSpace.test.ts (7 tests) 74ms
 ✓ src/components/island/islandAlbumMemory.test.ts (7 tests) 6ms
 ✓ src/components/island/life/placement.test.ts (5 tests) 883ms
   ✓ placement preview > keeps a resident on the real seat while a copy is previewed elsewhere 470ms
 ✓ src/domain/test/testSet.test.ts (34 tests) 192ms
 ✓ src/domain/island/customization.test.ts (20 tests) 9ms
 ✓ src/domain/learning/progressView.test.ts (7 tests) 5ms
 ✓ src/components/island/three/livingActivities.test.ts (5 tests) 5ms
 ✓ src/domain/islandLife/discovery.test.ts (6 tests) 23ms
 ✓ src/domain/islandLife/cadenceMigration.test.ts (4 tests) 200ms
 ✓ src/domain/math/generators/subtraction.test.ts (10 tests) 6ms
 ✓ src/domain/math/answerCompletion.test.ts (13 tests) 295ms
 ✓ src/components/island/life/extendedGround.test.ts (7 tests) 1930ms
   ✓ rendered groves and water retain exact cells and readable connections > can see sapling x 3 with its real connecting ground 357ms
   ✓ rendered groves and water retain exact cells and readable connections > can see sapling x 6 with its real connecting ground 345ms
   ✓ rendered groves and water retain exact cells and readable connections > keeps water comparison head focus when a reduced-motion memory is replayed with normal motion 324ms
   ✓ rendered groves and water retain exact cells and readable connections > rests beside a mature tree inside its local shade while retaining the old unversioned pose 318ms
 ✓ src/domain/growingIsland/wonder.test.ts (7 tests) 52ms
 ✓ src/domain/islandLife/sandbox.test.ts (3 tests) 387ms
   ✓ sandbox ownership and two-role activity > joins mixed GP2/GP3 and R3, and allows two different touring roles at a sandbox 343ms
 ✓ src/utils/audio.test.ts (8 tests) 31ms
 ✓ src/components/island/life/gatheringVisibility.test.ts (6 tests) 1357ms
   ✓ rendered gathering evidence > sees the actual exposed parts of all six mature cells and joins from the island angle 375ms
 ✓ src/components/dev/suika/NumberSuikaStage.test.tsx (10 tests) 33ms
 ✓ src/components/domain/TenKey.compact.test.tsx (6 tests) 20ms
 ✓ src/components/island/life/lifeUpdateClient.test.ts (7 tests) 12ms
 ✓ src/domain/learning/englishCatalog.test.ts (5 tests) 113ms
 ✓ src/domain/islandLife/observationVisit.test.ts (5 tests) 22ms
 ✓ src/components/island/life/landscape.test.ts (5 tests) 325ms
 ✓ src/components/ikimono/fuwafuwaDailyConversation.test.ts (4 tests) 6ms
 ✓ src/domain/islandLife/heroVisitMigration.test.ts (3 tests) 271ms
 ✓ src/components/island/life/fantasy/garden.test.ts (4 tests) 903ms
   ✓ preserves the original Pokomoko geometry, fabric panels, scarf and scale across garden styles 575ms
 ✓ src/components/island/three/learningReaction.test.ts (12 tests) 6ms
stdout | src/domain/islandLife/replaySnapshot.test.ts > persistent replay acceleration > survives cold reopen and matches full replay after 1 and 7 days, purchases and new facts
snapshot benchmark {"hours":24,"fullMs":258.0752080000001,"restoreMs":1.8177080000000387,"snapshotBytes":7378}

 ✓ src/domain/island/learningChecks.test.ts (14 tests) 11ms
 ✓ src/domain/math/generators/addition.test.ts (10 tests) 10ms
 ✓ src/components/island/three/runtimeExpressionResidents.test.ts (3 tests) 3702ms
   ✓ expression rendering stays optional inside a read-only scene > pause restores the actual resident, clears every live mark and consumes the interrupted request 1085ms
   ✓ expression rendering stays optional inside a read-only scene > changing reduced motion schedules the owned temporary rig instead of resetting it through ordinary updates 1485ms
   ✓ expression rendering stays optional inside a read-only scene > frames the actual read-only trial and releases that camera on learning and exit 1132ms
 ✓ src/domain/island/homeJourney.test.ts (4 tests) 230ms
 ✓ src/domain/islandLife/picnicTable.test.ts (5 tests) 36ms
 ✓ src/components/island/growing/GrowingPlacementControls.test.tsx (6 tests) 10ms
 ✓ src/components/island/learningFeedback.test.ts (8 tests) 5ms
 ✓ src/components/explore/ReturnSummary.test.tsx (5 tests) 69ms
 ✓ src/domain/islandLife/purchases.test.ts (5 tests) 77ms
 ✓ src/components/island/life/useLiveDiscovery.test.ts (3 tests) 110ms
 ✓ src/components/dev/g0v2/G0MechanicRemixStage.test.tsx (4 tests) 26ms
 ✓ src/domain/natureTown/learning.test.ts (3 tests) 369ms
 ✓ src/domain/growingIsland/syncUpdateProtection.test.ts (4 tests) 172ms
 ✓ src/components/island/life/relationObservation.test.ts (2 tests) 848ms
   ✓ rendered explicit resident selection > looks at the actual swing user without changing either resident or the bench seat 617ms
 ✓ src/domain/math/profileProgress.test.ts (67 tests) 25ms
 ✓ src/domain/islandLife/windArch.test.ts (4 tests) 43ms
 ✓ src/components/island/three/waterSurface.test.ts (6 tests) 7065ms
   ✓ static ocean and shallow-water resources > keeps simultaneous palettes and other slots independent at floor level 0 1253ms
   ✓ static ocean and shallow-water resources > keeps simultaneous palettes and other slots independent at floor level 1 1861ms
   ✓ static ocean and shallow-water resources > keeps simultaneous palettes and other slots independent at floor level 2 1881ms
   ✓ static ocean and shallow-water resources > reuses and retires water resources without textures at floor level 0 642ms
   ✓ static ocean and shallow-water resources > reuses and retires water resources without textures at floor level 1 721ms
   ✓ static ocean and shallow-water resources > reuses and retires water resources without textures at floor level 2 705ms
 ✓ src/components/island/life/encounterVisual.test.ts (4 tests) 129ms
 ✓ src/domain/islandLife/playTourSimulation.test.ts (7 tests) 2840ms
   ✓ authoritative GP3 time and interruption > keeps all three residents circulating during a long absence 2765ms
 ✓ src/components/island/three/islandCameraAnchor.test.ts (4 tests) 9ms
 ✓ src/domain/islandLife/isolation.test.ts (5 tests) 31ms
 ✓ src/components/island/three/sharedActivityContinuity.test.ts (12 tests) 3190ms
   ✓ shared props remain attached while the real resident poses change phase > 'flower' 'left/left' keeps actual holding paws and the prop continuous across every handoff boundary 493ms
   ✓ shared props remain attached while the real resident poses change phase > 'flower' 'right/right' keeps actual holding paws and the prop continuous across every handoff boundary 311ms
   ✓ shared props remain attached while the real resident poses change phase > 'star' 'left/left' keeps actual holding paws and the prop continuous across every handoff boundary 450ms
stdout | src/domain/islandLife/replaySnapshot.test.ts > persistent replay acceleration > survives cold reopen and matches full replay after 1 and 7 days, purchases and new facts
snapshot benchmark {"hours":168,"fullMs":1671.2282500000001,"restoreMs":1.679457999999613,"snapshotBytes":7563}

 ✓ src/domain/islandLife/tourMigration.test.ts (5 tests) 165ms
 ✓ src/domain/islandLife/waterMagic.test.ts (5 tests) 24ms
 ✓ src/components/island/IslandPhotos.test.tsx (6 tests) 40ms
 ✓ src/components/charts/SkillRadarChart.test.ts (7 tests) 9ms
 ✓ src/components/dev/g0/G0WhiteboxStage.test.tsx (6 tests) 13ms
 ✓ src/domain/islandLife/readingEncounter.test.ts (10 tests) 12ms
 ✓ src/domain/island/navigation.test.ts (15 tests) 5ms
 ✓ src/domain/island/catalogExpansion.test.ts (3 tests) 8ms
 ✓ src/components/island/growing/GrowingGuideBook.test.tsx (6 tests) 28ms
 ✓ src/components/island/life/liveRelations.test.ts (5 tests) 1223ms
   ✓ live rendered bench relations > tracks the actual swing occupant and separates a later visit to the same bench 438ms
 ✓ src/components/island/life/fantasy/indexedBatch.test.ts (3 tests) 81ms
 ✓ src/domain/islandLife/soilMoisture.test.ts (4 tests) 48ms
 ✓ src/components/island/learningGuidance.test.ts (13 tests) 6ms
 ✓ src/components/island/growing/GrowingIslandMenu.test.tsx (5 tests) 32ms
 ✓ src/components/island/three/sharedJobActor.test.ts (3 tests) 312ms
 ✓ src/domain/islandLife/discoveryRecall.test.ts (4 tests) 8ms
stdout | src/domain/islandLife/replaySnapshot.test.ts > persistent replay acceleration > survives cold reopen and matches full replay after 1 and 7 days, purchases and new facts
snapshot benchmark {"hours":168.0000002777778,"fullMs":1649.055625,"restoreMs":0.39908400000058464,"snapshotBytes":7563}

 ✓ src/domain/islandLife/placementClearance.test.ts (3 tests) 42ms
 ✓ src/components/island/life/roamingPresentation.test.ts (5 tests) 54ms
 ✓ src/domain/math/generators/division.test.ts (5 tests) 20ms
 ✓ src/domain/growingIsland/lifeMigrationClient.test.ts (8 tests) 10ms
 ✓ src/components/domain/answerCompletion.test.tsx (5 tests) 26ms
 ✓ src/domain/islandLife/extendedGatherings.test.ts (4 tests) 13ms
 ✓ src/domain/islandLife/facilities.test.ts (2 tests) 94ms
 ✓ tools/island-qualified-audit.test.mjs (12 tests) 16ms
 ✓ src/components/island/three/residentInterest.test.ts (11 tests) 14ms
 ✓ src/domain/island/landGeometry.test.ts (4 tests) 62ms
 ✓ src/utils/tts.test.ts (6 tests) 11ms
 ✓ src/domain/english/listening.test.ts (4 tests) 3ms
 ✓ src/components/island/life/windArch.test.ts (3 tests) 1782ms
   ✓ wind and arch rendered geometry > rotates only in normal motion and freezes the recorded mode 504ms
   ✓ wind and arch rendered geometry > lets all existing residents pass along four cardinal lines without touching any arch triangle bounds 1139ms
 ✓ src/utils/pdfGenerator.test.ts (5 tests) 6ms
 ✓ src/domain/test/paperTest.test.ts (4 tests) 5ms
 ✓ src/domain/island/photos.test.ts (3 tests) 12ms
 ✓ src/components/island/growing/GrowingGuideArt.test.ts (4 tests) 42ms
 ✓ src/domain/english/examples.test.ts (23 tests) 141ms
 ✓ src/components/island/IslandMilestone.test.tsx (6 tests) 6ms
 ✓ src/domain/islandLife/replaySnapshot.test.ts (2 tests) 7806ms
   ✓ persistent replay acceleration > survives cold reopen and matches full replay after 1 and 7 days, purchases and new facts 7768ms
 ✓ src/components/domain/WrittenArithmeticGrid.test.tsx (4 tests) 19ms
 ✓ src/components/island/three/usualPlaceRuntime.test.ts (3 tests) 5ms
 ✓ src/components/island/three/connectedScenery.test.ts (3 tests) 2867ms
   ✓ one connected island across growth and appearance changes > replaces only terrain at unlocks, keeping the home, bridges and texture owner alive 1345ms
   ✓ one connected island across growth and appearance changes > supports all original and connecting floors once at level 1 706ms
   ✓ one connected island across growth and appearance changes > supports all original and connecting floors once at level 2 816ms
 ✓ src/components/island/three/placementPreview.test.ts (3 tests) 46ms
 ✓ src/components/battle/BattleSetup.test.tsx (7 tests) 59ms
 ✓ src/components/island/life/sandbox.test.ts (4 tests) 894ms
 ✓ src/components/island/islandWorkshopRequest.test.ts (6 tests) 8ms
 ✓ src/components/island/three/residentRoaming.test.ts (5 tests) 12ms
 ✓ src/components/island/life/picnicMotion.test.ts (4 tests) 717ms
 ✓ src/components/explore/snapRootPresentation.test.ts (5 tests) 3ms
 ✓ src/domain/learning/independentProgress.test.ts (17 tests) 5ms
 ✓ src/components/explore/RootPullOpeningArt.test.tsx (8 tests) 16ms
 ✓ src/domain/growingIsland/syncConcurrency.test.ts (3 tests) 59ms
 ✓ src/components/island/life/canopySculptStudy.test.ts (4 tests) 1614ms
   ✓ loads three closed, connected meshes and preserves the traced foreground volume 1608ms
 ✓ src/domain/stats/repository.test.ts (1 test) 3ms
 ✓ src/components/island/islandCustomizationRequest.test.ts (4 tests) 7ms
 ✓ src/components/natureTown/editing.test.ts (4 tests) 23ms
 ✓ src/components/island/life/readingBookPose.test.ts (3 tests) 10ms
 ✓ src/domain/islandLife/roaming.test.ts (4 tests) 9ms
 ✓ src/components/island/life/presentationClock.test.ts (5 tests) 12ms
 ✓ src/components/island/useIslandDiscoveries.test.ts (4 tests) 8ms
 ✓ src/components/finish/FinishChallenge.test.tsx (6 tests) 27ms
 ✓ src/domain/explore/__tests__/generator.test.ts (2 tests) 266ms
 ✓ src/components/island/life/facilities.test.ts (4 tests) 1230ms
   ✓ facility entrance uses > shows one held book or tools at the entrance for pokomoko 405ms
   ✓ facility entrance uses > shows one held book or tools at the entrance for otter 312ms
 ✓ src/domain/island/visitors.test.ts (4 tests) 10ms
 ✓ src/components/island/life/canopyGroundStudy.test.ts (6 tests) 6ms
 ✓ src/domain/islandLife/waterChannels.test.ts (3 tests) 7ms
 ✓ src/components/island/islandExperienceRequest.test.ts (4 tests) 3ms
 ✓ src/domain/math/additionProgress.test.ts (9 tests) 21ms
 ✓ src/domain/stats/aggregation.test.ts (3 tests) 5ms
 ✓ src/domain/islandLife/footstepMagic.test.ts (3 tests) 11ms
 ✓ src/domain/english/generator.test.ts (5 tests) 2097ms
   ✓ English catalog and choices > every word produces four unique rendered choices (kanji=false) 1068ms
   ✓ English catalog and choices > every word produces four unique rendered choices (kanji=true) 1022ms
 ✓ src/domain/island/learningParty.test.ts (5 tests) 4ms
 ✓ src/domain/natureTown/repository.test.ts (5 tests) 125ms
 ✓ src/components/island/three/homePresentation.test.ts (3 tests) 40ms
stdout | src/domain/islandLife/creditPerformance.test.ts > reuses the persisted prefix for new learning after seven days with identical cold replay
seven-day incremental credit ms 0.8740829999997004
seven-day cold credit ms 3153.088833

 ✓ src/domain/islandLife/waterBench.test.ts (4 tests) 10ms
 ✓ src/domain/growingIsland/flowers.test.ts (4 tests) 26ms
 ✓ src/domain/park/englishPlanning.test.ts (7 tests) 288ms
 ✓ src/components/island/life/gatheringCollector.test.ts (3 tests) 220ms
 ✓ src/components/explore/FireflyFlowerEncounterArt.test.tsx (8 tests) 18ms
 ✓ src/domain/islandLife/creditPerformance.test.ts (3 tests) 7825ms
   ✓ reuses the persisted prefix for new learning after seven days with identical cold replay 7547ms
 ✓ src/components/ikimono/lifecycle.test.ts (5 tests) 9ms
 ✓ src/components/island/growing/menuMiniatures.test.ts (4 tests) 82ms
 ✓ src/components/island/learningMusicGesture.test.ts (4 tests) 5ms
 ✓ src/components/island/three/growthNavigation.test.ts (2 tests) 432ms
   ✓ automatically grown places support real resident life > keeps all seven anchor objects legal and reachable through the complete chapter 414ms
 ✓ src/components/island/three/residentPortraitFraming.test.ts (6 tests) 365ms
 ✓ src/components/explore/MakimodonEncounterArt.test.tsx (8 tests) 37ms
 ✓ src/domain/island/livingSettings.test.ts (4 tests) 15ms
 ✓ tools/asset-policy.test.mjs (19 tests) 6ms
 ✓ src/domain/finishRecoveryPractice.test.ts (3 tests) 13ms
 ✓ src/domain/islandLife/terminalFacts.test.ts (1 test) 105ms
 ✓ src/domain/explore/__tests__/openingExperience.test.ts (5 tests) 4ms
 ✓ src/components/island/three/residentFabric.test.ts (3 tests) 2159ms
   ✓ one cloth resident in the shared island > keeps atlas UVs through body/head batching and every articulated hand/foot 2011ms
 ✓ src/domain/islandLife/capabilities.test.ts (3 tests) 126ms
 ✓ src/domain/math/generators/fraction.test.ts (6 tests) 3ms
 ✓ src/components/island/IslandDirectActions.test.tsx (3 tests) 19ms
 ✓ tools/life-replay-version.test.ts (4 tests) 108ms
 ✓ src/domain/learning/evaluationContacts.test.ts (2 tests) 44ms
 ✓ src/domain/math/hissanEngine.test.ts (8 tests) 2ms
 ✓ src/domain/natureTown/growthJourney.test.ts (2 tests) 621ms
   ✓ grows from the starter through real supply, retained offer, admission and increased demand 607ms
 ✓ src/components/island/life/fantasy/staticRaycast.test.ts (3 tests) 568ms
 ✓ src/components/island/life/sceneBudget.test.ts (3 tests) 912ms
   ✓ keeps 100 placed items within the scene allocation budget 459ms
 ✓ src/components/natureTown/livingPresentation.test.ts (2 tests) 528ms
   ✓ emits actual pickup and dropoff endpoints once, while preserving food conservation 524ms
 ✓ src/components/island/visualLearningGuidance.test.ts (6 tests) 5ms
 ✓ src/components/island/islandExpansionPreview.test.ts (4 tests) 4ms
 ✓ src/domain/islandLife/economyRules.test.ts (12 tests) 4ms
 ✓ src/components/island/life/footstepPresentation.test.ts (1 test) 232ms
 ✓ src/domain/island/tutorialState.test.ts (5 tests) 5ms
stdout | src/domain/islandLife/visitPerformance.test.ts > reuses the applied visit without replaying a day of history, with identical saved state
visit warm command + replay ms 1.5475420000000213
visit cold replay ms 461.6352499999999

 ✓ src/domain/islandLife/visitPerformance.test.ts (1 test) 1588ms
   ✓ reuses the applied visit without replaying a day of history, with identical saved state 1587ms
 ✓ src/components/island/islandCustomizationPreview.test.ts (4 tests) 6ms
 ✓ src/components/island/life/fantasy/gardenTime.test.ts (12 tests) 8ms
 ✓ src/components/explore/ResearchBookStage.test.tsx (3 tests) 19ms
 ✓ src/components/island/IslandFurniturePlacement.test.tsx (3 tests) 23ms
 ✓ src/components/explore/makimodonPresentation.test.ts (4 tests) 1ms
 ✓ src/domain/islandLife/groupEncounters.test.ts (3 tests) 97ms
 ✓ src/components/island/life/LifeCatalogPages.test.tsx (3 tests) 6ms
 ✓ src/components/ikimono/fuwafuwaSpeech.test.ts (6 tests) 4ms
 ✓ src/domain/user/resumeProgression.test.ts (2 tests) 8ms
 ✓ src/components/island/IslandAnswerFeedback.test.tsx (5 tests) 51ms
 ✓ src/components/island/life/lifePersistenceMessage.test.ts (4 tests) 33ms
 ✓ src/domain/islandLife/shadowMagic.test.ts (3 tests) 12ms
 ✓ src/components/island/life/canopyMaterialStudy.test.ts (3 tests) 12ms
 ✓ src/components/Footer.test.tsx (9 tests) 64ms
 ✓ src/components/island/life/stateProjection.test.ts (3 tests) 24ms
 ✓ src/domain/park/learningContinuation.test.ts (3 tests) 21ms
 ✓ src/components/island/life/sceneReuse.test.ts (4 tests) 9ms
 ✓ src/domain/math/writtenPlaceValue.test.ts (10 tests) 6ms
stderr | src/components/island/growing/growingLife.test.ts > picking up a friend > follows the finger and sits on the bench it is dropped on
THREE.Material: parameter 'map' has value of undefined.
THREE.Material: parameter 'map' has value of undefined.
THREE.Material: parameter 'map' has value of undefined.

 ✓ src/components/island/growing/growingLife.test.ts (3 tests) 113ms
 ✓ src/components/island/islandGrowthPreview.test.ts (3 tests) 3ms
 ✓ src/domain/explore/__tests__/rewardPresentation.test.ts (7 tests) 3ms
 ✓ src/components/explore/rapidTrailPresentation.test.ts (4 tests) 1ms
 ✓ src/domain/explore/__tests__/suikaQuantity.test.ts (7 tests) 4ms
 ✓ src/components/island/life/plantMagic.test.ts (2 tests) 14ms
 ✓ src/components/progress/FinishPreparation.test.tsx (3 tests) 8ms
 ✓ src/components/island/growing/growingCopy.test.ts (5 tests) 11ms
 ✓ src/domain/natureTown/routing.test.ts (3 tests) 106ms
 ✓ src/components/island/growing/growingHitTarget.test.ts (2 tests) 3ms
 ✓ src/domain/explore/__tests__/attemptIdentity.test.ts (8 tests) 2ms
 ✓ src/domain/explore/__tests__/rewards.test.ts (5 tests) 2ms
 ✓ src/components/island/life/growthStatus.test.ts (4 tests) 5ms
 ✓ src/components/island/homeJourney/interior.test.ts (5 tests) 1042ms
   ✓ the growing home and its real interior > keeps the room and camera within the same basic house at 0 answers 354ms
 ✓ src/domain/explore/__tests__/g0MechanicMetrics.test.ts (2 tests) 2ms
 ✓ src/components/island/islandFurnitureTrial.test.ts (5 tests) 7ms
 ✓ src/components/island/life/fantasy/staticBatch.test.ts (2 tests) 7ms
 ✓ src/components/island/life/canopyShoreStudy.test.ts (3 tests) 13ms
 ✓ src/pwaUpdateRecovery.test.ts (3 tests) 9ms
 ✓ src/components/island/life/observationCue.test.ts (3 tests) 4ms
 ✓ src/components/island/life/facilityTrips.test.ts (3 tests) 3154ms
   ✓ continuous held work and captured transport > keeps pokomoko and its prop through collection, real walking and use without changing the feet 1440ms
   ✓ continuous held work and captured transport > keeps rabbit and its prop through collection, real walking and use without changing the feet 853ms
   ✓ continuous held work and captured transport > keeps otter and its prop through collection, real walking and use without changing the feet 860ms
 ✓ src/components/ikimono/hitokoto.test.ts (5 tests) 3ms
 ✓ tools/island-e2e-helpers.test.mjs (5 tests) 2ms
 ✓ src/components/island/growing/placementName.test.ts (2 tests) 7ms
 ✓ tools/learning-unit-report.test.mjs (2 tests) 109ms
 ✓ src/components/island/life/placementWait.test.ts (7 tests) 2ms
 ✓ src/components/ikimono/fuwafuwaAlbumCopy.test.ts (3 tests) 2ms
 ✓ src/components/island/three/homeWalk.test.ts (3 tests) 185ms
 ✓ tools/asset-pipeline/run_batch.test.mjs (4 tests) 3ms
 ✓ src/components/island/life/plantsWaterGeometry.test.ts (2 tests) 30ms
 ✓ src/components/island/islandStarReceiptEligibility.test.ts (3 tests) 3ms
 ✓ src/components/gate/ArithmeticGateAnswerField.test.tsx (2 tests) 25ms
 ✓ src/domain/growingIsland/room.test.ts (3 tests) 8ms
 ✓ src/components/island/islandDistrictView.test.ts (5 tests) 6ms
 ✓ src/components/explore/PokkoVisualLineage.test.tsx (5 tests) 60ms
 ✓ src/domain/math/subtractionProgress.test.ts (5 tests) 5ms
 ✓ src/domain/islandLife/growthIntegration.test.ts (2 tests) 40ms
 ✓ src/domain/explore/__tests__/runStructure.test.ts (3 tests) 3ms
 ✓ src/domain/learning/runtimeUnitPractice.test.ts (9 tests) 19ms
 ✓ src/domain/growingIsland/lifeMigration.test.ts (4 tests) 6ms
 ✓ src/components/island/life/residentWalk.test.ts (6 tests) 41ms
 ✓ src/components/island/life/canopyAtmosphereStudy.test.ts (2 tests) 7ms
 ✓ src/components/island/IslandWelcome.test.tsx (2 tests) 58ms
 ✓ src/domain/math/sequenceProgress.test.ts (5 tests) 5ms
 ✓ src/domain/math/numberEntry.test.ts (4 tests) 180ms
 ✓ src/domain/math/fractionInput.test.ts (3 tests) 3ms
 ✓ src/domain/learning/reviewBudget.test.ts (7 tests) 4ms
 ✓ src/domain/explore/__tests__/encounterPhase.test.ts (7 tests) 3ms
 ✓ src/components/island/IslandRewards.test.tsx (2 tests) 16ms
 ✓ src/components/island/three/workshopGround.test.ts (1 test) 177ms
 ✓ src/components/island/life/foodScene.test.ts (2 tests) 640ms
   ✓ shows the harvested planter and cargo on the same island resident in moon-garden-v1 346ms
 ✓ src/domain/benchmark/coldOpenFixedTen.test.ts (2 tests) 4ms
 ✓ src/components/island/homeJourney/delivery.test.ts (4 tests) 5ms
 ✓ src/domain/explore/__tests__/fixedTenBenchmark.test.ts (2 tests) 2ms
 ✓ src/hooks/useLearningSessionLease.test.ts (1 test) 9ms
 ✓ src/components/island/homeJourney/growthReveal.test.ts (4 tests) 4ms
 ✓ src/domain/math/comparisonProgress.test.ts (5 tests) 4ms
 ✓ src/domain/explore/__tests__/replay.test.ts (3 tests) 6ms
 ✓ src/domain/learning/reviewPolicy.test.ts (5 tests) 13ms
 ✓ src/domain/islandLife/production.test.ts (2 tests) 47ms
 ✓ src/components/domain/answerConfirmGuidance.test.ts (2 tests) 9ms
 ✓ src/components/ikimono/fuwafuwaMilestones.test.ts (4 tests) 2ms
 ✓ src/components/explore/AuthoredEncounterArt.test.tsx (6 tests) 20ms
 ✓ src/components/ui/modalFocus.test.ts (4 tests) 2ms
 ✓ src/utils/learningDay.test.ts (5 tests) 27ms
 ✓ src/components/island/life/growthCue.test.ts (3 tests) 3ms
 ✓ src/components/dev/devStudySelection.test.ts (2 tests) 3ms
 ✓ src/components/island/learningShow.test.ts (2 tests) 1ms
 ✓ src/domain/math/followups.test.ts (2 tests) 2ms
 ✓ src/components/domain/FractionStrips.test.tsx (1 test) 15ms
 ✓ src/components/island/growing/growingCamera.test.ts (1 test) 6ms
 ✓ src/components/ikimono/sceneText.test.ts (3 tests) 4ms
 ✓ src/components/island/growing/houseGuests.test.ts (1 test) 7ms
 ✓ src/components/natureTown/residentPose.test.ts (1 test) 525ms
   ✓ uses committed pickup/dropoff without replaying gestures after movement, expiry or reload 525ms
 ✓ src/components/ui/SegmentedControl.test.tsx (1 test) 10ms
 ✓ src/pages/parents/parentAttemptLabel.test.ts (2 tests) 2ms
 ✓ src/components/island/life/runtimeAssetSlots.test.ts (2 tests) 2ms
 ✓ src/domain/growingIsland/openingPreparation.test.ts (2 tests) 6ms
 ✓ src/components/island/homeJourney/contacts.test.ts (1 test) 3ms
 ✓ src/domain/math/writtenInput.test.ts (3 tests) 3ms
 ✓ src/components/island/three/expressionResidentWalk.test.ts (16 tests) 51794ms
   ✓ explicit expression trial uses the actual feet and a bounded legal walk > leaves the actual mature default bench before otter trial, reduced=false 5310ms
   ✓ explicit expression trial uses the actual feet and a bounded legal walk > leaves the actual mature default bench before rabbit trial, reduced=false 2225ms
   ✓ explicit expression trial uses the actual feet and a bounded legal walk > leaves the actual mature default bench before fox trial, reduced=false 4278ms
   ✓ explicit expression trial uses the actual feet and a bounded legal walk > leaves the actual mature default bench before otter trial, reduced=true 7966ms
   ✓ explicit expression trial uses the actual feet and a bounded legal walk > leaves the actual mature default bench before rabbit trial, reduced=true 2782ms
   ✓ explicit expression trial uses the actual feet and a bounded legal walk > leaves the actual mature default bench before fox trial, reduced=true 4274ms
   ✓ explicit expression trial uses the actual feet and a bounded legal walk > cancellation during preparing restores the same seated rig and stops pending departure 408ms
   ✓ explicit expression trial uses the actual feet and a bounded legal walk > cancellation during departing restores the same seated rig and stops pending departure 2353ms
   ✓ explicit expression trial uses the actual feet and a bounded legal walk > cancellation during walking restores the same seated rig and stops pending departure 2427ms
   ✓ explicit expression trial uses the actual feet and a bounded legal walk > otter, reduced=false: same rig lands and cancels without moving furniture 3400ms
   ✓ explicit expression trial uses the actual feet and a bounded legal walk > rabbit, reduced=false: same rig lands and cancels without moving furniture 2915ms
   ✓ explicit expression trial uses the actual feet and a bounded legal walk > fox, reduced=false: same rig lands and cancels without moving furniture 2525ms
   ✓ explicit expression trial uses the actual feet and a bounded legal walk > otter, reduced=true: same rig lands and cancels without moving furniture 3240ms
   ✓ explicit expression trial uses the actual feet and a bounded legal walk > rabbit, reduced=true: same rig lands and cancels without moving furniture 3385ms
   ✓ explicit expression trial uses the actual feet and a bounded legal walk > fox, reduced=true: same rig lands and cancels without moving furniture 4107ms
 ✓ tools/build-env.test.mjs (4 tests) 4ms
 ✓ src/domain/island/studyRoute.test.ts (16 tests) 5ms
 ✓ src/components/island/three/sharedCarryRoute.test.ts (2 tests) 4ms
 ✓ src/components/island/growing/letters.test.ts (1 test) 6ms
 ✓ src/components/explore/MakimodonResearchArt.test.tsx (2 tests) 11ms
 ✓ src/components/ikimono/ikimonoMotion.test.ts (3 tests) 2ms
 ✓ src/components/island/IslandExperiencePanel.test.tsx (1 test) 20ms
 ✓ src/components/ui/modalLayerManager.test.ts (2 tests) 1ms
 ✓ src/domain/islandLife/savedHeroStyle.test.ts (2 tests) 2ms
 ✓ src/components/domain/PaperTestScoreModal.test.tsx (1 test) 41ms
 ✓ src/components/LaunchRoute.test.tsx (4 tests) 6ms
 ✓ src/components/gate/arithmeticGate.test.ts (3 tests) 2ms
 ✓ src/components/island/three/westScenery.test.ts (1 test) 109ms
 ✓ src/components/home/homeMagicEnergy.test.ts (2 tests) 2ms
 ✓ src/domain/island/feature.test.ts (6 tests) 4ms
 ✓ src/domain/island/expansion.test.ts (2 tests) 2ms
 ✓ src/components/island/life/runtimeAssetLod.test.ts (3 tests) 3ms
 ✓ src/pages/OnboardingNameStep.test.tsx (2 tests) 11ms
 ✓ src/components/island/life/homeProps.test.ts (1 test) 7ms
 ✓ src/components/charts/WeeklyTrendChart.test.ts (2 tests) 3ms
 ✓ src/components/ikimono/NameModal.test.tsx (1 test) 8ms
 ✓ src/components/island/life/decorationGeometry.test.ts (1 test) 9ms
 ✓ src/components/island/growing/concertReceipt.test.ts (2 tests) 2ms
 ✓ src/components/explore/ExploreHud.test.tsx (1 test) 18ms
 ✓ src/components/domain/NumberFieldsLayout.test.tsx (4 tests) 8ms
 ✓ src/components/explore/RootPullDiscoveryReveal.test.tsx (1 test) 14ms
 ✓ src/components/island/islandDirectTargets.test.ts (2 tests) 3ms
 ✓ src/components/ikimono/IkimonoArtwork.test.tsx (2 tests) 10ms
 ✓ src/utils/theme.test.ts (4 tests) 2ms
 ✓ src/components/island/life/waterMagic.test.ts (1 test) 1ms
 ✓ src/pages/parents/parentReviewCopy.test.ts (1 test) 1ms
 ✓ src/components/island/IslandProsePrompt.test.tsx (3 tests) 9ms
 ✓ src/components/explore/PokkoBaseArt.test.tsx (1 test) 10ms
 ✓ src/components/island/life/startupTiming.test.ts (2 tests) 4ms
 ✓ src/domain/math/hissanTypes.test.ts (2 tests) 1ms
 ✓ src/components/ui/Button.test.tsx (2 tests) 16ms
 ✓ src/components/island/homeJourney/scene.test.ts (3 tests) 430ms
 ✓ src/components/explore/exploreAnswerInput.test.ts (3 tests) 1ms
 ✓ src/components/island/islandPlayScroll.test.ts (3 tests) 2ms
 ✓ src/components/island/life/rewardCue.test.ts (3 tests) 2ms
 ✓ src/components/island/growing/useGrowingRoom.test.ts (1 test) 2ms
 ✓ src/domain/math/deterministicGeneration.test.ts (2 tests) 25ms
 ✓ src/components/explore/DiscoveryPageArt.test.tsx (1 test) 10ms
 ✓ src/pages/Island.startup.test.ts (1 test) 1389ms
   ✓ keeps optional 3D modules behind their lazy render boundaries 1389ms
 ✓ src/pages/StatsCloseAction.test.tsx (2 tests) 14ms
 ✓ src/components/island/life/identity.test.ts (2 tests) 16987ms
   ✓ keeps every resident mesh, fabric, transform and walking pose identical across C3 and legacy scenery 16787ms
stdout | src/domain/growingIsland/pacing.test.ts > pacing (spec 52 §15, starting values) > grows a village over a month without running away
┌─────────┬─────┬───────────┬───────┬──────┬───────┬──────┐
│ (index) │ day │ villagers │ level │ land │ drops │ bank │
├─────────┼─────┼───────────┼───────┼──────┼───────┼──────┤
│ 0       │ 1   │ 2         │ 1     │ 30   │ 12    │ 0    │
│ 1       │ 3   │ 4         │ 3     │ 30   │ 20    │ 0    │
│ 2       │ 7   │ 8         │ 4     │ 30   │ 104   │ 0    │
│ 3       │ 14  │ 14        │ 6     │ 45   │ 236   │ 0    │
│ 4       │ 30  │ 25        │ 7     │ 120  │ 328   │ 0    │
└─────────┴─────┴───────────┴───────┴──────┴───────┴──────┘

stdout | src/domain/growingIsland/pacing.test.ts > pacing (spec 52 §15, starting values) > keeps growing slowly for three months
┌─────────┬─────┬───────────┬───────┬──────┬───────┬──────┐
│ (index) │ day │ villagers │ level │ land │ drops │ bank │
├─────────┼─────┼───────────┼───────┼──────┼───────┼──────┤
│ 0       │ 45  │ 32        │ 8     │ 120  │ 660   │ 0    │
│ 1       │ 60  │ 39        │ 8     │ 120  │ 988   │ 0    │
│ 2       │ 90  │ 51        │ 9     │ 120  │ 1644  │ 0    │
└─────────┴─────┴───────────┴───────┴──────┴───────┴──────┘

stdout | src/domain/growingIsland/pacing.test.ts > pacing (spec 52 §15, starting values) > continues beyond the former land cap for a year (decor first: false)
┌─────────┬───────┬─────┬───────────┬───────┬──────┬───────┬──────┐
│ (index) │ decor │ day │ villagers │ level │ land │ drops │ bank │
├─────────┼───────┼─────┼───────────┼───────┼──────┼───────┼──────┤
│ 0       │ false │ 90  │ 51        │ 9     │ 120  │ 1644  │ 0    │
│ 1       │ false │ 180 │ 77        │ 10    │ 168  │ 3374  │ 0    │
│ 2       │ false │ 365 │ 116       │ 10    │ 216  │ 7314  │ 0    │
└─────────┴───────┴─────┴───────────┴───────┴──────┴───────┴──────┘

stdout | src/domain/growingIsland/pacing.test.ts > pacing (spec 52 §15, starting values) > continues beyond the former land cap for a year (decor first: true)
┌─────────┬───────┬─────┬───────────┬───────┬──────┬───────┬──────┐
│ (index) │ decor │ day │ villagers │ level │ land │ drops │ bank │
├─────────┼───────┼─────┼───────────┼───────┼──────┼───────┼──────┤
│ 0       │ true  │ 90  │ 50        │ 9     │ 312  │ 26    │ 0    │
│ 1       │ true  │ 180 │ 76        │ 10    │ 432  │ 168   │ 0    │
│ 2       │ true  │ 365 │ 115       │ 10    │ 624  │ 358   │ 0    │
└─────────┴───────┴─────┴───────────┴───────┴──────┴───────┴──────┘

stdout | src/domain/growingIsland/pacing.test.ts > pacing (spec 52 §15, starting values) > retains weekly batching throughput instead of losing all unused town hours
┌─────────┬──────────┬─────┬───────────┬───────┬──────┬───────┬──────┐
│ (index) │ habit    │ day │ villagers │ level │ land │ drops │ bank │
├─────────┼──────────┼─────┼───────────┼───────┼──────┼───────┼──────┤
│ 0       │ 'daily'  │ 84  │ 49        │ 9     │ 120  │ 1524  │ 0    │
│ 1       │ 'weekly' │ 84  │ 46        │ 9     │ 120  │ 1490  │ 0    │
└─────────┴──────────┴─────┴───────────┴───────┴──────┴───────┴──────┘

 ✓ src/domain/growingIsland/pacing.test.ts (7 tests) 37935ms
   ✓ pacing (spec 52 §15, starting values) > grows a village over a month without running away 367ms
   ✓ pacing (spec 52 §15, starting values) > keeps growing slowly for three months 1303ms
   ✓ pacing (spec 52 §15, starting values) > continues beyond the former land cap for a year (decor first: false) 7359ms
   ✓ pacing (spec 52 §15, starting values) > continues beyond the former land cap for a year (decor first: true) 28296ms
   ✓ pacing (spec 52 §15, starting values) > retains weekly batching throughput instead of losing all unused town hours 524ms

 Test Files  531 passed (531)
      Tests  4657 passed (4657)
   Start at  09:37:55
   Duration  109.01s (transform 9.38s, setup 0ms, collect 180.00s, tests 675.51s, environment 68ms, prepare 23.47s)


> pokko-fushigi-zukan-app@0.0.0 build
> tsc -b && node tools/build-app.mjs && npm run assets:check

vite v7.3.1 building client environment for production...
transforming...
Browserslist: browsers data (caniuse-lite) is 9 months old. Please run:
  npx update-browserslist-db@latest
  Why you should do it regularly: https://github.com/browserslist/update-db#readme
✓ 3977 modules transformed.
Generated an empty chunk: "pdf".
rendering chunks...
computing gzip size...
dist/version.json                                      0.53 kB │ gzip:   0.30 kB
dist/index.html                                        3.89 kB │ gzip:   1.72 kB
dist/assets/town-prop-bench-FdKjOSai.png               9.13 kB
dist/assets/NotoSansJP-C_ziqpoc.woff2                 13.06 kB
dist/assets/town-prop-flowers-BOUxk4Bw.png            13.80 kB
dist/assets/town-rabbit-carrying-RfQ1w-aH.png         14.24 kB
dist/assets/town-rabbit-giving-CnJ9JmwQ.png           14.58 kB
dist/assets/town-rabbit-receiving-DUoJoWgV.png        14.72 kB
dist/assets/town-rabbit-idle-Bh01hjGD.png             14.90 kB
dist/assets/catalog-MsWF2Ofo.png                      18.20 kB
dist/assets/town-prop-home-B1P8AAtr.png               19.39 kB
dist/assets/town-prop-tree-Yw3JP1Jo.png               20.27 kB
dist/assets/town-otter-carrying-CNTvBDdk.png          21.45 kB
dist/assets/town-otter-giving-C4wtqVhT.png            21.71 kB
dist/assets/town-otter-receiving-hjH-v6Y1.png         21.99 kB
dist/assets/town-otter-idle-BshfulWh.png              22.12 kB
dist/assets/town-pokomoko-carrying-B6igduKw.png       25.49 kB
dist/assets/town-pokomoko-giving-BOi7RcKv.png         26.51 kB
dist/assets/town-pokomoko-idle-hYR2u8GP.png           26.67 kB
dist/assets/flower-bloom-original-Bhc8ZRS8.png        27.17 kB
dist/assets/town-pokomoko-receiving-CKZT-N1L.png      27.25 kB
dist/assets/syncProjection.worker-DQ2emBBO.js         29.48 kB
dist/assets/pokomoko-original-8wLdjUXI.png            31.15 kB
dist/assets/catalog-C9jTiRjH.png                      32.80 kB
dist/assets/dela-gothic-one-tzEOUe9y.woff2            39.87 kB
dist/assets/zen-maru-gothic-black-DnteofP1.woff2      51.44 kB
dist/assets/basis_transcoder-o4Hde_L7.js              57.53 kB
dist/assets/far-geometry-Di-gBAev.glb                 62.40 kB
dist/assets/lifeMigration.worker-lXnBjawH.js          69.57 kB
dist/assets/pokomoko-learning-poses-B-Jfr41M.webp     70.07 kB
dist/assets/far-CbQUffpN.glb                          70.37 kB
dist/assets/far-geometry-C2nCL94K.glb                 90.88 kB
dist/assets/far-geometry-DTfZ_trK.glb                127.57 kB
dist/assets/far-iUTsXLLh.glb                         130.80 kB
dist/assets/far-geometry-BV4Tmqez.glb                136.54 kB
dist/assets/far-BNsdfYHM.glb                         147.90 kB
dist/assets/lifeUpdate.worker-BEyKIBHg.js            189.06 kB
dist/assets/near-Bt9PwG61.glb                        209.47 kB
dist/assets/far-geometry-B5GXTTw0.glb                226.28 kB
dist/assets/near-3yaftuce.glb                        293.84 kB
dist/assets/near-B8znkHvM.glb                        306.04 kB
dist/assets/far-Zj6wZqfp.glb                         309.89 kB
dist/assets/far-geometry-CUf7iENq.glb                325.53 kB
dist/assets/near-CuR2H6Uc.glb                        443.91 kB
dist/assets/basis_transcoder-VXdx5NbI.wasm           527.33 kB │ gzip: 247.62 kB
dist/assets/near-CMx7NApC.glb                      1,568.14 kB
dist/assets/near-B3PvBOT3.glb                      1,642.36 kB
dist/assets/near-C_b32qsb.glb                      1,706.40 kB
dist/assets/near-l6ZZxCWq.glb                      1,759.80 kB
dist/assets/near-DoEuBhay.glb                      1,924.85 kB
dist/assets/near-7GK7mDBY.glb                      1,983.43 kB
dist/assets/IslandSharedMemories-CxXlpls3.css          1.54 kB │ gzip:   0.57 kB
dist/assets/IslandFurniture-7NZ9dhCz.css               1.57 kB │ gzip:   0.55 kB
dist/assets/LifeMemories-Cia3-2wk.css                  1.58 kB │ gzip:   0.56 kB
dist/assets/IslandDiscoveryGuide-DpYKYTkf.css          2.05 kB │ gzip:   0.75 kB
dist/assets/IslandWelcome-BJp8Sa-m.css                 2.05 kB │ gzip:   0.72 kB
dist/assets/IslandExpression-BAzaKUz5.css              2.18 kB │ gzip:   0.68 kB
dist/assets/life-observation-DvQvywiD.css              2.49 kB │ gzip:   0.83 kB
dist/assets/Stats-Dbi260P-.css                         4.39 kB │ gzip:   1.12 kB
dist/assets/IslandWorkshop-KxE1cutE.css                4.47 kB │ gzip:   1.24 kB
dist/assets/IslandStage-BctzDSoi.css                   4.83 kB │ gzip:   1.38 kB
dist/assets/IslandExperiencePanel-Cn-0xXmE.css         6.01 kB │ gzip:   1.33 kB
dist/assets/IslandPhotos-Dz-XgAxv.css                  6.54 kB │ gzip:   1.60 kB
dist/assets/GrowingIsland-DqsVmHjt.css                 6.88 kB │ gzip:   1.76 kB
dist/assets/IslandCustomization-BKdIHMdQ.css           7.08 kB │ gzip:   1.62 kB
dist/assets/NatureTown-CusrCJWB.css                   12.17 kB │ gzip:   3.48 kB
dist/assets/Explore-C0qQ-HMA.css                      13.06 kB │ gzip:   2.95 kB
dist/assets/growing-CTISOAqj.css                      15.76 kB │ gzip:   3.57 kB
dist/assets/Island-DVCPJhVi.css                       27.09 kB │ gzip:   5.16 kB
dist/assets/IslandLife-twUpqDIC.css                   61.34 kB │ gzip:   9.76 kB
dist/assets/Island-cvkB2oyq.css                      136.73 kB │ gzip:  19.28 kB
dist/assets/index-C93LoZU8.css                       286.58 kB │ gzip:  47.45 kB
dist/assets/pdf-l0sNRNKZ.js                            0.00 kB │ gzip:   0.02 kB
dist/assets/utils-B-dksMZM.js                          0.37 kB │ gzip:   0.24 kB
dist/assets/progressRepository-BF6t8pCP.js             0.65 kB │ gzip:   0.37 kB
dist/assets/useGardenTime-D3ZxUsxt.js                  0.71 kB │ gzip:   0.39 kB
dist/assets/lighting-U3a9i1i7.js                       0.79 kB │ gzip:   0.44 kB
dist/assets/homeJourney-BkBsv3V2.js                    0.95 kB │ gzip:   0.58 kB
dist/assets/random-BDr3YF07.js                         1.62 kB │ gzip:   1.03 kB
dist/assets/RoundedBoxGeometry-DCb4BlEq.js             1.72 kB │ gzip:   0.81 kB
dist/assets/room-BpO0kRPF.js                           1.75 kB │ gzip:   0.99 kB
dist/assets/IslandWelcome-CzrFLO4J.js                  2.07 kB │ gzip:   1.09 kB
dist/assets/IslandRewardGoal-CWnzXZLh.js               2.14 kB │ gzip:   0.98 kB
dist/assets/LifeResidentPortrait-W78tpn-1.js           2.33 kB │ gzip:   1.28 kB
dist/assets/Learn-BloTKw9Y.js                          2.42 kB │ gzip:   1.24 kB
dist/assets/IslandWorkReplay-BO_tLOy8.js               2.44 kB │ gzip:   0.93 kB
dist/assets/GrowingHouseGuide-CpamU-OJ.js              2.68 kB │ gzip:   1.31 kB
dist/assets/footprint-QJ-NRPQP.js                      3.32 kB │ gzip:   1.69 kB
dist/assets/IslandOnboarding-DMq-oTAd.js               3.53 kB │ gzip:   1.54 kB
dist/assets/guideMemoryPictures-Bo2DluHc.js            4.05 kB │ gzip:   2.06 kB
dist/assets/IslandDiscoveryGuide-DV9bdztv.js           4.22 kB │ gzip:   1.78 kB
dist/assets/IslandFurniture-Co-75bzv.js                4.80 kB │ gzip:   1.81 kB
dist/assets/scene-Csa9v9CH.js                          6.38 kB │ gzip:   2.98 kB
dist/assets/geometry-eggg_qBh.js                       6.67 kB │ gzip:   2.84 kB
dist/assets/IslandStage-CyNTcYS3.js                    6.69 kB │ gzip:   2.72 kB
dist/assets/IslandAlbum-DSguJDqw.js                    8.60 kB │ gzip:   3.24 kB
dist/assets/friendRig-WAgT_-j5.js                      8.74 kB │ gzip:   3.14 kB
dist/assets/LifeObservation-BpHjgfu3.js                9.04 kB │ gzip:   3.08 kB
dist/assets/HomeJourneyPreview-DbnwFnl3.js             9.40 kB │ gzip:   4.46 kB
dist/assets/IslandCustomization-xR1dKdKg.js            9.94 kB │ gzip:   3.36 kB
dist/assets/IslandExpression-DGcqzIri.js               9.94 kB │ gzip:   3.29 kB
dist/assets/IslandExperiencePanel-DkXfldnA.js          9.97 kB │ gzip:   3.06 kB
dist/assets/PokomokoLearningActor-DIZ0yHSS.js         10.05 kB │ gzip:   4.48 kB
dist/assets/IslandPhotos-DgbKWT0K.js                  10.20 kB │ gzip:   3.28 kB
dist/assets/LifeMemories-4rbZzc6D.js                  10.63 kB │ gzip:   3.81 kB
dist/assets/IslandStage-B4xKDBfM.js                   10.75 kB │ gzip:   4.05 kB
dist/assets/flowerGeometry-z2YymS1Z.js                10.79 kB │ gzip:   4.49 kB
dist/assets/itemGeometry-D0S4hTbp.js                  10.83 kB │ gzip:   4.43 kB
dist/assets/IslandSharedMemories-EB4EaXRM.js          12.09 kB │ gzip:   3.65 kB
dist/assets/IslandWorkshop-qm23amoV.js                12.67 kB │ gzip:   3.60 kB
dist/assets/menuMiniatures-DWwlFs74.js                13.02 kB │ gzip:   5.27 kB
dist/assets/cottage-Du_V_BOE.js                       13.34 kB │ gzip:   5.97 kB
dist/assets/homeInteriorCamera-BwI_TboL.js            19.49 kB │ gzip:   7.29 kB
dist/assets/repository-BjlmHbkK.js                    21.81 kB │ gzip:   8.33 kB
dist/assets/LifeWorld-DxfrR6o0.js                     29.27 kB │ gzip:  11.02 kB
dist/assets/icons-4XFVj3Hl.js                         30.06 kB │ gzip:  10.98 kB
dist/assets/Stats-DibnbMBN.js                         32.25 kB │ gzip:  10.73 kB
dist/assets/GrowingWorld-BIfWxUuc.js                  32.96 kB │ gzip:  12.88 kB
dist/assets/life-observation-Df-MndVo.js              33.78 kB │ gzip:  12.42 kB
dist/assets/audio-DwtSHwBT.js                         36.13 kB │ gzip:   9.75 kB
dist/assets/residentInterest-BkiIL7t3.js              40.36 kB │ gzip:  16.00 kB
dist/assets/islandFurniturePlacement-BbomqZ3E.js      42.09 kB │ gzip:  12.18 kB
dist/assets/repository-A_Xg3dER.js                    48.36 kB │ gzip:  16.56 kB
dist/assets/react-DcHpdqMy.js                         48.53 kB │ gzip:  17.24 kB
dist/assets/NatureTown-DpF82wEH.js                    50.85 kB │ gzip:  17.86 kB
dist/assets/GrowingIsland-MdOmYWp9.js                 51.82 kB │ gzip:  17.25 kB
dist/assets/scene-BH55QZrR.js                         52.64 kB │ gzip:  20.51 kB
dist/assets/Island-BmB0gDmH.js                        52.94 kB │ gzip:  16.32 kB
dist/assets/IslandLife-Dl8KE5vM.js                    63.33 kB │ gzip:  20.67 kB
dist/assets/repository-D5-weaAh.js                    90.77 kB │ gzip:  24.94 kB
dist/assets/data-CYRvWfdS.js                          96.37 kB │ gzip:  32.45 kB
dist/assets/runtimeAssets-D83KVwh-.js                109.99 kB │ gzip:  40.40 kB
dist/assets/motion-iLBaTeAD.js                       119.65 kB │ gzip:  39.54 kB
dist/assets/growing-DeOTHlk-.js                      185.89 kB │ gzip: 135.99 kB
dist/assets/Explore-CDvTWeaM.js                      209.48 kB │ gzip:  59.72 kB
dist/assets/Island-P4Cmkmap.js                       275.43 kB │ gzip:  88.43 kB
dist/assets/runtime-CNLH09qW.js                      333.68 kB │ gzip: 104.05 kB
dist/assets/charts-B2Phfr4C.js                       371.25 kB │ gzip: 108.31 kB
dist/assets/residentRig-CpLbN-uo.js                  627.69 kB │ gzip: 163.13 kB
dist/assets/index-CypDc8cD.js                        888.78 kB │ gzip: 252.34 kB

(!) Some chunks are larger than 500 kB after minification. Consider:
- Using dynamic import() to code-split the application
- Use build.rollupOptions.output.manualChunks to improve chunking: https://rollupjs.org/configuration-options/#output-manualchunks
- Adjust chunk size limit for this warning via build.chunkSizeWarningLimit.
✓ built in 7.76s

PWA v1.2.0
mode      generateSW
precache  185 entries (5619.00 KiB)
files generated
  dist/sw.js
  dist/workbox-486909bb.js
warnings
  One of the glob patterns doesn't match any files. Please remove or fix the following: {
  "globDirectory": "/private/var/folders/0z/bq5m0r1x4_59p55yrw1mx6fr0000gn/T/sansu-edge-candidate-eivolf/dist",
  "globPattern": "assets/pokomoko-arcade-poses-*.webp",
  "globIgnores": [
    "visual-tests/**/*",
    "fonts/NotoSansJP-Japanese.woff2",
    "sw.js",
    "workbox-*.js"
  ]
}
  One of the glob patterns doesn't match any files. Please remove or fix the following: {
  "globDirectory": "/private/var/folders/0z/bq5m0r1x4_59p55yrw1mx6fr0000gn/T/sansu-edge-candidate-eivolf/dist",
  "globPattern": "assets/pokomoko-arcade-rim-*.webp",
  "globIgnores": [
    "visual-tests/**/*",
    "fonts/NotoSansJP-Japanese.woff2",
    "sw.js",
    "workbox-*.js"
  ]
}


> pokko-fushigi-zukan-app@0.0.0 assets:check
> node tools/check-asset-budget.mjs

PASS assets:check
- PWA precache: 185 unique files, 9.11 MiB / 12.00 MiB
- Explore artwork: 27 production files, 2.97 MiB / 8.00 MiB
- Production-input contract: docs/design only; absent from public and precache
